No.	ğŸ‡¯ğŸ‡µ	ğŸ‡ºğŸ‡¸	ğŸ‡©ğŸ‡ª	ğŸ‡«ğŸ‡·	ğŸ‡°ğŸ‡·	ğŸ‡¨ğŸ‡³	ğŸ‡¹ğŸ‡¼
1	ãƒ•ã‚·ã‚®ãƒ€ãƒ	Bulbasaur	Bisasam	Bulbizarre	ì´ìƒí•´ì”¨	å¦™è›™ç§å­	å¦™è›™ç¨®å­
2	ãƒ•ã‚·ã‚®ã‚½ã‚¦	Ivysaur	Bisaknosp	Herbizarre	ì´ìƒí•´í’€	å¦™è›™è‰	å¦™è›™è‰
3	ãƒ•ã‚·ã‚®ãƒãƒŠ	Venusaur	Bisaflor	Florizarre	ì´ìƒí•´ê½ƒ	å¦™è›™èŠ±	å¦™è›™èŠ±
4	ãƒ’ãƒˆã‚«ã‚²	Charmander	Glumanda	Salameche	íŒŒì´ë¦¬	å°ç«é¾™	å°ç«é¾
5	ãƒªã‚¶ãƒ¼ãƒ‰	Charmeleon	Glutexo	Reptincel	ë¦¬ìë“œ	ç«æé¾™	ç«æé¾
6	ãƒªã‚¶ãƒ¼ãƒ‰ãƒ³	Charizard	Glurak	Dracaufeu	ë¦¬ìëª½	å–·ç«é¾™	å™´ç«é¾
7	ã‚¼ãƒ‹ã‚¬ãƒ¡	Squirtle	Schiggy	Carapuce	ê¼¬ë¶€ê¸°	æ°å°¼é¾Ÿ	å‚‘å°¼é¾œ
8	ã‚«ãƒ¡ãƒ¼ãƒ«	Wartortle	Schillok	Carabaffe	ì–´ë‹ˆë¶€ê¸°	å¡å’ªé¾Ÿ	å¡å’ªé¾œ
9	ã‚«ãƒ¡ãƒƒã‚¯ã‚¹	Blastoise	Turtok	Tortank	ê±°ë¶ì™•	æ°´ç®­é¾Ÿ	æ°´ç®­é¾œ
10	ã‚­ãƒ£ã‚¿ãƒ”ãƒ¼	Caterpie	Raupy	Chenipan	ìºí„°í”¼	ç»¿æ¯›è™«	ç¶ æ¯›èŸ²
11	ãƒˆãƒ©ãƒ³ã‚»ãƒ«	Metapod	Safcon	Chrysacier	ë‹¨ë°ê¸°	é“ç”²è›¹	éµç”²è›¹
12	ãƒã‚¿ãƒ•ãƒªãƒ¼	Butterfree	Smettbo	Papilusion	ë²„í„°í”Œ	å·´å¤§è¶	å·´å¤§è¶
13	ãƒ“ãƒ¼ãƒ‰ãƒ«	Weedle	Hornliu	Aspicot	ë¿”ì¶©ì´	ç‹¬è§’è™«	ç¨è§’èŸ²
14	ã‚³ã‚¯ãƒ¼ãƒ³	Kakuna	Kokuna	Coconfort	ë”±ì¶©ì´	é“å£³è›¹	éµæ®¼è›¹
15	ã‚¹ãƒ”ã‚¢ãƒ¼	Beedrill	Bibor	Dardagnan	ë…ì¹¨ë¶•	å¤§é’ˆèœ‚	å¤§é‡èœ‚
16	ãƒãƒƒãƒ	Pidgey	Taubsi	Roucool	êµ¬êµ¬	æ³¢æ³¢	æ³¢æ³¢
17	ãƒ”ã‚¸ãƒ§ãƒ³	Pidgeotto	Tauboga	Roucoups	í”¼ì£¤	æ¯”æ¯”é¸Ÿ	æ¯”æ¯”é³¥
18	ãƒ”ã‚¸ãƒ§ãƒƒãƒˆ	Pidgeot	Tauboss	Roucarnage	í”¼ì£¤íˆ¬	å¤§æ¯”é¸Ÿ	å¤§æ¯”é³¥
19	ã‚³ãƒ©ãƒƒã‚¿	Rattata	Rattfratz	Rattata	ê¼¬ë ›	å°æ‹‰è¾¾	å°æ‹‰é”
20	ãƒ©ãƒƒã‚¿	Raticate	Rattikarl	Rattatac	ë ˆíŠ¸ë¼	æ‹‰è¾¾	æ‹‰é”
21	ã‚ªãƒ‹ã‚¹ã‚ºãƒ¡	Spearow	Habitak	Piafabec	ê¹¨ë¹„ì°¸	çƒˆé›€	çƒˆé›€
22	ã‚ªãƒ‹ãƒ‰ãƒªãƒ«	Fearow	Ibitak	Rapasdepic	ê¹¨ë¹„ë“œë¦´ì¡°	å¤§å˜´é›€	å¤§å˜´é›€
23	ã‚¢ãƒ¼ãƒœ	Ekans	Rettan	Abo	ì•„ë³´	é˜¿æŸè›‡	é˜¿æŸè›‡
24	ã‚¢ãƒ¼ãƒœãƒƒã‚¯	Arbok	Arbok	Arbok	ì•„ë³´í¬	é˜¿æŸæ€ª	é˜¿æŸæ€ª
25	ãƒ”ã‚«ãƒãƒ¥ã‚¦	Pikachu	Pikachu	Pikachu	í”¼ì¹´ì¸„	çš®å¡ä¸˜	çš®å¡ä¸˜
26	ãƒ©ã‚¤ãƒãƒ¥ã‚¦	Raichu	Raichu	Raichu	ë¼ì´ì¸„	é›·ä¸˜	é›·ä¸˜
27	ã‚µãƒ³ãƒ‰	Sandshrew	Sandan	Sabelette	ëª¨ë˜ë‘ì§€	ç©¿å±±é¼ 	ç©¿å±±é¼ 
28	ã‚µãƒ³ãƒ‰ãƒ‘ãƒ³	Sandslash	Sandamer	Sablaireau	ê³ ì§€	ç©¿å±±ç‹	ç©¿å±±ç‹
29	ãƒ‹ãƒ‰ãƒ©ãƒ³â™€	Nidoranâ™€	Nidoranâ™€	Nidoranâ™€	ë‹ˆë“œëŸ°â™€	å°¼å¤šå…°	å°¼å¤šè˜­
30	ãƒ‹ãƒ‰ãƒªãƒ¼ãƒŠ	Nidorina	Nidorina	Nidorina	ë‹ˆë“œë¦¬ë‚˜	å°¼å¤šå¨œ	å°¼å¤šå¨œ
31	ãƒ‹ãƒ‰ã‚¯ã‚¤ãƒ³	Nidoqueen	Nidoqueen	Nidoqueen	ë‹ˆë“œí€¸	å°¼å¤šå	å°¼å¤šå
32	ãƒ‹ãƒ‰ãƒ©ãƒ³â™‚	Nidoranâ™‚	Nidoranâ™‚	Nidoranâ™‚	ë‹ˆë“œëŸ°â™‚	å°¼å¤šæœ—	å°¼å¤šæœ—
33	ãƒ‹ãƒ‰ãƒªãƒ¼ãƒ	Nidorino	Nidorino	Nidorino	ë‹ˆë“œë¦¬ë…¸	å°¼å¤šåŠ›è¯º	å°¼å¤šåŠ›è«¾
34	ãƒ‹ãƒ‰ã‚­ãƒ³ã‚°	Nidoking	Nidoking	Nidoking	ë‹ˆë“œí‚¹	å°¼å¤šç‹	å°¼å¤šç‹
35	ãƒ”ãƒƒãƒ”	Clefairy	Piepi	Melofee	ì‚ì‚	çš®çš®	çš®çš®
36	ãƒ”ã‚¯ã‚·ãƒ¼	Clefable	Pixi	Melodelfe	í”½ì‹œ	çš®å¯è¥¿	çš®å¯è¥¿
37	ãƒ­ã‚³ãƒ³	Vulpix	Vulpix	Goupix	ì‹ìŠ¤í…Œì¼	å…­å°¾	å…­å°¾
38	ã‚­ãƒ¥ã‚¦ã‚³ãƒ³	Ninetales	Vulnona	Feunard	ë‚˜ì¸í…Œì¼	ä¹å°¾	ä¹å°¾
39	ãƒ—ãƒªãƒ³	Jigglypuff	Pummeluff	Rondoudou	í‘¸ë¦°	èƒ–ä¸	èƒ–ä¸
40	ãƒ—ã‚¯ãƒªãƒ³	Wigglytuff	Knuddeluff	Grodoudou	í‘¸í¬ë¦°	èƒ–å¯ä¸	èƒ–å¯ä¸
41	ã‚ºãƒãƒƒãƒˆ	Zubat	Zubat	Nosferapti	ì£¼ë±ƒ	è¶…éŸ³è 	è¶…éŸ³è 
42	ã‚´ãƒ«ãƒãƒƒãƒˆ	Golbat	Golbat	Nosferalto	ê³¨ë±ƒ	å¤§å˜´è 	å¤§å˜´è 
43	ãƒŠã‚¾ãƒã‚¯ã‚µ	Oddish	Myrapla	Mystherbe	ëšœë²…ìµ¸	èµ°è·¯è‰	èµ°è·¯è‰
44	ã‚¯ã‚µã‚¤ãƒãƒŠ	Gloom	Duflor	Ortide	ëƒ„ìƒˆê¼¬	è‡­è‡­èŠ±	è‡­è‡­èŠ±
45	ãƒ©ãƒ•ãƒ¬ã‚·ã‚¢	Vileplume	Giflor	Rafflesia	ë¼í”Œë ˆì‹œì•„	éœ¸ç‹èŠ±	éœ¸ç‹èŠ±
46	ãƒ‘ãƒ©ã‚¹	Paras	Paras	Paras	íŒŒë¼ìŠ¤	æ´¾æ‹‰æ–¯	æ´¾æ‹‰æ–¯
47	ãƒ‘ãƒ©ã‚»ã‚¯ãƒˆ	Parasect	Parasek	Parasect	íŒŒë¼ì„¹íŠ¸	æ´¾æ‹‰æ–¯ç‰¹	æ´¾æ‹‰æ–¯ç‰¹
48	ã‚³ãƒ³ãƒ‘ãƒ³	Venonat	Bluzuk	Mimitoss	ì½˜íŒ¡	æ¯›çƒ	æ¯›çƒ
49	ãƒ¢ãƒ«ãƒ•ã‚©ãƒ³	Venomoth	Omot	Aeromite	ë„ë‚˜ë¦¬	æ‘©é²è›¾	æ‘©é­¯è›¾
50	ãƒ‡ã‚£ã‚°ãƒ€	Diglett	Digda	Taupiqueur	ë””ê·¸ë‹¤	åœ°é¼ 	åœ°é¼ 
51	ãƒ€ã‚°ãƒˆãƒªã‚ª	Dugtrio	Digdri	Triopikeur	ë‹¥íŠ¸ë¦¬ì˜¤	ä¸‰åœ°é¼ 	ä¸‰åœ°é¼ 
52	ãƒ‹ãƒ£ãƒ¼ã‚¹	Meowth	Mauzi	Miaouss	ë‚˜ì˜¹	å–µå–µ	å–µå–µ
53	ãƒšãƒ«ã‚·ã‚¢ãƒ³	Persian	Snobilikat	Persian	í˜ë¥´ì‹œì˜¨	çŒ«è€å¤§	è²“è€å¤§
54	ã‚³ãƒ€ãƒƒã‚¯	Psyduck	Enton	Psykokwak	ê³ ë¼íŒŒë•	å¯è¾¾é¸­	å¯é”é´¨
55	ã‚´ãƒ«ãƒ€ãƒƒã‚¯	Golduck	Entoron	Akwakwak	ê³¨ë•	å“¥è¾¾é¸­	å“¥é”é´¨
56	ãƒãƒ³ã‚­ãƒ¼	Mankey	Menki	Ferosinge	ë§í‚¤	çŒ´æ€ª	çŒ´æ€ª
57	ã‚ªã‚³ãƒªã‚¶ãƒ«	Primeape	Rasaff	Colossinge	ì„±ì›ìˆ­	ç«æš´çŒ´	ç«çˆ†çŒ´
58	ã‚¬ãƒ¼ãƒ‡ã‚£	Growlithe	Fukano	Caninos	ê°€ë””	å¡è’‚ç‹—	å¡è’‚ç‹—
59	ã‚¦ã‚¤ãƒ³ãƒ‡ã‚£	Arcanine	Arkani	Arcanin	ìœˆë””	é£é€Ÿç‹—	é¢¨é€Ÿç‹—
60	ãƒ‹ãƒ§ãƒ­ãƒ¢	Poliwag	Quapsel	Ptitard	ë°œì±™ì´	èšŠé¦™èŒèšª	èšŠé¦™èŒèšª
61	ãƒ‹ãƒ§ãƒ­ã‚¾	Poliwhirl	Quaputzi	Tetarte	ìˆ˜ë¥™ì±™ì´	èšŠé¦™å›	èšŠé¦™å›
62	ãƒ‹ãƒ§ãƒ­ãƒœãƒ³	Poliwrath	Quappo	Tartard	ê°•ì±™ì´	èšŠé¦™æ³³å£«	èšŠé¦™æ³³å£«
63	ã‚±ãƒ¼ã‚·ã‚£	Abra	Abra	Abra	ìºì´ì‹œ	å‡¯è¥¿	å‡±è¥¿
64	ãƒ¦ãƒ³ã‚²ãƒ©ãƒ¼	Kadabra	Kadabra	Kadabra	ìœ¤ê²”ë¼	å‹‡åŸºæ‹‰	å‹‡åŸºæ‹‰
65	ãƒ•ãƒ¼ãƒ‡ã‚£ãƒ³	Alakazam	Simsala	Alakazam	í›„ë”˜	èƒ¡åœ°	èƒ¡åœ°
66	ãƒ¯ãƒ³ãƒªã‚­ãƒ¼	Machop	Machollo	Machoc	ì•Œí†µëª¬	è…•åŠ›	è…•åŠ›
67	ã‚´ãƒ¼ãƒªã‚­ãƒ¼	Machoke	Maschock	Machopeur	ê·¼ìœ¡ëª¬	è±ªåŠ›	è±ªåŠ›
68	ã‚«ã‚¤ãƒªã‚­ãƒ¼	Machamp	Machomei	Mackogneur	ê´´ë ¥ëª¬	æ€ªåŠ›	æ€ªåŠ›
69	ãƒãƒ€ãƒ„ãƒœãƒŸ	Bellsprout	Knofensa	Chetiflor	ëª¨ë‹¤í”¼	å–‡å­èŠ½	å–‡å­èŠ½
70	ã‚¦ãƒ„ãƒ‰ãƒ³	Weepinbell	Ultrigaria	Boustiflor	ìš°ì¸ ë™	å£å‘†èŠ±	å£å‘†èŠ±
71	ã‚¦ãƒ„ãƒœãƒƒãƒˆ	Victreebel	Sarzenia	Empiflor	ìš°ì¸ ë³´íŠ¸	å¤§é£ŸèŠ±	å¤§é£ŸèŠ±
72	ãƒ¡ãƒã‚¯ãƒ©ã‚²	Tentacool	Tentacha	Tentacool	ì™•ëˆˆí•´	ç›ç‘™æ°´æ¯	ç‘ªç‘™æ°´æ¯
73	ãƒ‰ã‚¯ã‚¯ãƒ©ã‚²	Tentacruel	Tentoxa	Tentacruel	ë…íŒŒë¦¬	æ¯’åˆºæ°´æ¯	æ¯’åˆºæ°´æ¯
74	ã‚¤ã‚·ãƒ„ãƒ–ãƒ†	Geodude	Kleinstein	Racaillou	ê¼¬ë§ˆëŒ	å°æ‹³çŸ³	å°æ‹³çŸ³
75	ã‚´ãƒ­ãƒ¼ãƒ³	Graveler	Georok	Gravalanch	ë°êµ¬ë¦¬	éš†éš†çŸ³	éš†éš†çŸ³
76	ã‚´ãƒ­ãƒ¼ãƒ‹ãƒ£	Golem	Geowaz	Grolem	ë”±êµ¬ë¦¬	éš†éš†å²©	éš†éš†å²©
77	ãƒãƒ‹ãƒ¼ã‚¿	Ponyta	Ponita	Ponyta	í¬ë‹ˆíƒ€	å°ç«é©¬	å°ç«é¦¬
78	ã‚®ãƒ£ãƒ­ãƒƒãƒ—	Rapidash	Gallopa	Galopa	ë‚ ìŒ©ë§ˆ	çƒˆç„°é©¬	çƒˆç„°é¦¬
79	ãƒ¤ãƒ‰ãƒ³	Slowpoke	Flegmon	Ramoloss	ì•¼ëˆ	å‘†å‘†å…½	å‘†å‘†ç¸
80	ãƒ¤ãƒ‰ãƒ©ãƒ³	Slowbro	Lahmus	Flagadoss	ì•¼ë„ë€	å‘†å£³å…½	å‘†æ®¼ç¸
81	ã‚³ã‚¤ãƒ«	Magnemite	Magnetilo	Magneti	ì½”ì¼	å°ç£æ€ª	å°ç£æ€ª
82	ãƒ¬ã‚¢ã‚³ã‚¤ãƒ«	Magneton	Magneton	Magneton	ë ˆì–´ì½”ì¼	ä¸‰åˆä¸€ç£æ€ª	ä¸‰åˆä¸€ç£æ€ª
83	ã‚«ãƒ¢ãƒã‚®	Farfetch'd	Porenta	Canarticho	íŒŒì˜¤ë¦¬	å¤§è‘±é¸­	å¤§è”¥é´¨
84	ãƒ‰ãƒ¼ãƒ‰ãƒ¼	Doduo	Dodu	Doduo	ë‘ë‘	å˜Ÿå˜Ÿ	å˜Ÿå˜Ÿ
85	ãƒ‰ãƒ¼ãƒ‰ãƒªã‚ª	Dodrio	Dodri	Dodrio	ë‘íŠ¸ë¦¬ì˜¤	å˜Ÿå˜Ÿåˆ©	å˜Ÿå˜Ÿåˆ©
86	ãƒ‘ã‚¦ãƒ¯ã‚¦	Seel	Jurob	Otaria	ì¥¬ì¥¬	å°æµ·ç‹®	å°æµ·ç…
87	ã‚¸ãƒ¥ã‚´ãƒ³	Dewgong	Jugong	Lamantine	ì¥¬ë ˆê³¤	ç™½æµ·ç‹®	ç™½æµ·ç…
88	ãƒ™ãƒˆãƒ™ã‚¿ãƒ¼	Grimer	Sleima	Tadmorv	ì§ˆí½ì´	è‡­æ³¥	è‡­æ³¥
89	ãƒ™ãƒˆãƒ™ãƒˆãƒ³	Muk	Sleimok	Grotadmorv	ì§ˆë»ê¸°	è‡­è‡­æ³¥	è‡­è‡­æ³¥
90	ã‚·ã‚§ãƒ«ãƒ€ãƒ¼	Shellder	Muschas	Kokiyas	ì…€ëŸ¬	å¤§èˆŒè´	å¤§èˆŒè²
91	ãƒ‘ãƒ«ã‚·ã‚§ãƒ³	Cloyster	Austos	Crustabri	íŒŒë¥´ì…€	åˆºç”²è´	åˆºç”²è²
92	ã‚´ãƒ¼ã‚¹	Gastly	Nebulak	Fantominus	ê³ ì˜¤ìŠ¤	é¬¼æ–¯	é¬¼æ–¯
93	ã‚´ãƒ¼ã‚¹ãƒˆ	Haunter	Alpollo	Spectrum	ê³ ìš°ìŠ¤íŠ¸	é¬¼æ–¯é€š	é¬¼æ–¯é€š
94	ã‚²ãƒ³ã‚¬ãƒ¼	Gengar	Gengar	Ectoplasma	íŒ¬í…€	è€¿é¬¼	è€¿é¬¼
95	ã‚¤ãƒ¯ãƒ¼ã‚¯	Onix	Onix	Onix	ë¡±ìŠ¤í†¤	å¤§å²©è›‡	å¤§å²©è›‡
96	ã‚¹ãƒªãƒ¼ãƒ—	Drowzee	Traumato	Soporifik	ìŠ¬ë¦¬í”„	å‚¬çœ è²˜	å‚¬çœ è²˜
97	ã‚¹ãƒªãƒ¼ãƒ‘ãƒ¼	Hypno	Hypno	Hypnomade	ìŠ¬ë¦¬í¼	å¼•æ¢¦è²˜äºº	å¼•å¤¢è²˜äºº
98	ã‚¯ãƒ©ãƒ–	Krabby	Krabby	Krabby	í¬ë©	å¤§é’³èŸ¹	å¤§é‰—èŸ¹
99	ã‚­ãƒ³ã‚°ãƒ©ãƒ¼	Kingler	Kingler	Krabboss	í‚¹í¬ë©	å·¨é’³èŸ¹	å·¨é‰—èŸ¹
100	ãƒ“ãƒªãƒªãƒ€ãƒ	Voltorb	Voltobal	Voltorbe	ì°Œë¦¬ë¦¬ê³µ	éœ¹é›³ç”µçƒ	éœ¹é‚é›»çƒ
101	ãƒãƒ«ãƒã‚¤ãƒ³	Electrode	Lektrobal	Electrode	ë¶ë³¼	é¡½çš®é›·å¼¹	é ‘çš®é›·å½ˆ
102	ã‚¿ãƒã‚¿ãƒ	Exeggcute	Owei	Noeunoeuf	ì•„ë¼ë¦¬	è›‹è›‹	è›‹è›‹
103	ãƒŠãƒƒã‚·ãƒ¼	Exeggutor	Kokowei	Noadkoko	ë‚˜ì‹œ	æ¤°è›‹æ ‘	æ¤°è›‹æ¨¹
104	ã‚«ãƒ©ã‚«ãƒ©	Cubone	Tragosso	Osselait	íƒ•êµ¬ë¦¬	å¡æ‹‰å¡æ‹‰	å¡æ‹‰å¡æ‹‰
105	ã‚¬ãƒ©ã‚¬ãƒ©	Marowak	Knogga	Ossatueur	í……êµ¬ë¦¬	å˜å•¦å˜å•¦	å˜å•¦å˜å•¦
106	ã‚µãƒ¯ãƒ ãƒ©ãƒ¼	Hitmonlee	Kicklee	Kicklee	ì‹œë¼ì†Œëª¬	é£è…¿éƒ	é£›è…¿éƒ
107	ã‚¨ãƒ“ãƒ¯ãƒ©ãƒ¼	Hitmonchan	Nockchan	Tygnon	í™ìˆ˜ëª¬	å¿«æ‹³éƒ	å¿«æ‹³éƒ
108	ãƒ™ãƒ­ãƒªãƒ³ã‚¬	Lickitung	Schlurp	Excelangue	ë‚´ë£¨ë¯¸	å¤§èˆŒå¤´	å¤§èˆŒé ­
109	ãƒ‰ã‚¬ãƒ¼ã‚¹	Koffing	Smogon	Smogo	ë˜ê°€ìŠ¤	ç“¦æ–¯å¼¹	ç“¦æ–¯å½ˆ
110	ãƒã‚¿ãƒ‰ã‚¬ã‚¹	Weezing	Smogmog	Smogogo	ë˜ë„ê°€ìŠ¤	åŒå¼¹ç“¦æ–¯	é›™å½ˆç“¦æ–¯
111	ã‚µã‚¤ãƒ›ãƒ¼ãƒ³	Rhyhorn	Rihorn	Rhinocorne	ë¿”ì¹´ë…¸	ç‹¬è§’çŠ€ç‰›	ç¨è§’çŠ€ç‰›
112	ã‚µã‚¤ãƒ‰ãƒ³	Rhydon	Rizeros	Rhinoferos	ì½”ë¿Œë¦¬	é’»è§’çŠ€å…½	é‘½è§’çŠ€ç¸
113	ãƒ©ãƒƒã‚­ãƒ¼	Chansey	Chaneira	Leveinard	ëŸ­í‚¤	å‰åˆ©è›‹	å‰åˆ©è›‹
114	ãƒ¢ãƒ³ã‚¸ãƒ£ãƒ©	Tangela	Tangela	Saquedeneu	ë©êµ¬ë¦¬	è”“è—¤æ€ª	è”“è—¤æ€ª
115	ã‚¬ãƒ«ãƒ¼ãƒ©	Kangaskhan	Kangama	Kangourex	ìº¥ì¹´	è¢‹å…½	è¢‹ç¸
116	ã‚¿ãƒƒãƒ„ãƒ¼	Horsea	Seeper	Hypotrempe	ì˜ë“œë¼	å¢¨æµ·é©¬	å¢¨æµ·é¦¬
117	ã‚·ãƒ¼ãƒ‰ãƒ©	Seadra	Seemon	Hypocean	ì‹œë“œë¼	æµ·åˆºé¾™	æµ·åˆºé¾
118	ãƒˆã‚µã‚­ãƒ³ãƒˆ	Goldeen	Goldini	Poissirene	ì½˜ì¹˜	è§’é‡‘é±¼	è§’é‡‘é­š
119	ã‚¢ã‚ºãƒã‚ªã‚¦	Seaking	Golking	Poissoroy	ì™•ì½˜ì¹˜	é‡‘é±¼ç‹	é‡‘é­šç‹
120	ãƒ’ãƒˆãƒ‡ãƒãƒ³	Staryu	Sterndu	Stari	ë³„ê°€ì‚¬ë¦¬	æµ·æ˜Ÿæ˜Ÿ	æµ·æ˜Ÿæ˜Ÿ
121	ã‚¹ã‚¿ãƒ¼ãƒŸãƒ¼	Starmie	Starmie	Staross	ì•„ì¿ ìŠ¤íƒ€	å®çŸ³æµ·æ˜Ÿ	å¯¶çŸ³æµ·æ˜Ÿ
122	ãƒãƒªãƒ¤ãƒ¼ãƒ‰	Mr. Mime	Pantimos	M.Mime	ë§ˆì„ë§¨	é­”å¢™äººå¶	é­”ç‰†äººå¶
123	ã‚¹ãƒˆãƒ©ã‚¤ã‚¯	Scyther	Sichlor	Insecateur	ìŠ¤ë¼í¬	é£å¤©è³è‚	é£›å¤©è³è‚
124	ãƒ«ãƒ¼ã‚¸ãƒ¥ãƒ©	Jynx	Rossana	Lippoutou	ë£¨ì£¼ë¼	è¿·å”‡å§	è¿·å”‡å§
125	ã‚¨ãƒ¬ãƒ–ãƒ¼	Electabuzz	Elektek	Elektek	ì—ë ˆë¸Œ	ç”µå‡»å…½	é›»æ“Šç¸
126	ãƒ–ãƒ¼ãƒãƒ¼	Magmar	Magmar	Magmar	ë§ˆê·¸ë§ˆ	é¸­å˜´ç«å…½	é´¨å˜´ç«ç¸
127	ã‚«ã‚¤ãƒ­ã‚¹	Pinsir	Pinsir	Scarabrute	ì˜ì‚¬ì´ì €	å‡¯ç½—æ–¯	å‡±ç¾…æ–¯
128	ã‚±ãƒ³ã‚¿ãƒ­ã‚¹	Tauros	Tauros	Tauros	ì¼„íƒ€ë¡œìŠ¤	è‚¯æ³°ç½—	è‚¯æ³°ç¾…
129	ã‚³ã‚¤ã‚­ãƒ³ã‚°	Magikarp	Karpador	Magicarpe	ì‰ì–´í‚¹	é²¤é±¼ç‹	é¯‰é­šç‹
130	ã‚®ãƒ£ãƒ©ãƒ‰ã‚¹	Gyarados	Garados	Leviator	ê°¸ë¼ë„ìŠ¤	æš´é²¤é¾™	æš´é¯‰é¾
131	ãƒ©ãƒ—ãƒ©ã‚¹	Lapras	Lapras	Lokhlass	ë¼í”„ë¼ìŠ¤	æ‹‰æ™®æ‹‰æ–¯	æ‹‰æ™®æ‹‰æ–¯
132	ãƒ¡ã‚¿ãƒ¢ãƒ³	Ditto	Ditto	Metamorph	ë©”íƒ€ëª½	ç™¾å˜æ€ª	ç™¾è®Šæ€ª
133	ã‚¤ãƒ¼ãƒ–ã‚¤	Eevee	Evoli	Evoli	ì´ë¸Œì´	ä¼Šå¸ƒ	ä¼Šå¸ƒ
134	ã‚·ãƒ£ãƒ¯ãƒ¼ã‚º	Vaporeon	Aquana	Aquali	ìƒ¤ë¯¸ë“œ	æ°´ä¼Šå¸ƒ	æ°´ä¼Šå¸ƒ
135	ã‚µãƒ³ãƒ€ãƒ¼ã‚¹	Jolteon	Blitza	Voltali	ì¥¬í”¼ì¬ë”	é›·ä¼Šå¸ƒ	é›·ä¼Šå¸ƒ
136	ãƒ–ãƒ¼ã‚¹ã‚¿ãƒ¼	Flareon	Flamara	Pyroli	ë¶€ìŠ¤í„°	ç«ä¼Šå¸ƒ	ç«ä¼Šå¸ƒ
137	ãƒãƒªã‚´ãƒ³	Porygon	Porygon	Porygon	í´ë¦¬ê³¤	å¤šè¾¹å…½	å¤šé‚Šç¸
138	ã‚ªãƒ ãƒŠã‚¤ãƒˆ	Omanyte	Amonitas	Amonita	ì•”ë‚˜ì´íŠ¸	èŠçŸ³å…½	èŠçŸ³ç¸
139	ã‚ªãƒ ã‚¹ã‚¿ãƒ¼	Omastar	Amoroso	Amonistar	ì•”ìŠ¤íƒ€	å¤šåˆºèŠçŸ³å…½	å¤šåˆºèŠçŸ³ç¸
140	ã‚«ãƒ–ãƒˆ	Kabuto	Kabuto	Kabuto	íˆ¬êµ¬	åŒ–çŸ³ç›”	åŒ–çŸ³ç›”
141	ã‚«ãƒ–ãƒˆãƒ—ã‚¹	Kabutops	Kabutops	Kabutops	íˆ¬êµ¬í‘¸ìŠ¤	é•°åˆ€ç›”	é®åˆ€ç›”
142	ãƒ—ãƒ†ãƒ©	Aerodactyl	Aerodactyl	Ptera	í”„í…Œë¼	åŒ–çŸ³ç¿¼é¾™	åŒ–çŸ³ç¿¼é¾
143	ã‚«ãƒ“ã‚´ãƒ³	Snorlax	Relaxo	Ronflex	ì ë§Œë³´	å¡æ¯”å…½	å¡æ¯”ç¸
144	ãƒ•ãƒªãƒ¼ã‚¶ãƒ¼	Articuno	Arktos	Artikodin	í”„ë¦¬ì ¸	æ€¥å†»é¸Ÿ	æ€¥å‡é³¥
145	ã‚µãƒ³ãƒ€ãƒ¼	Zapdos	Zapdos	Electhor	ì¬ë”	é—ªç”µé¸Ÿ	é–ƒé›»é³¥
146	ãƒ•ã‚¡ã‚¤ãƒ¤ãƒ¼	Moltres	Lavados	Sulfura	íŒŒì´ì–´	ç«ç„°é¸Ÿ	ç«ç„°é³¥
147	ãƒŸãƒ‹ãƒªãƒ¥ã‚¦	Dratini	Dratini	Minidraco	ë¯¸ë‡½	è¿·ä½ é¾™	è¿·ä½ é¾
148	ãƒã‚¯ãƒªãƒ¥ãƒ¼	Dragonair	Dragonir	Draco	ì‹ ë‡½	å“ˆå…‹é¾™	å“ˆå…‹é¾
149	ã‚«ã‚¤ãƒªãƒ¥ãƒ¼	Dragonite	Dragoran	Dracolosse	ë§ë‚˜ë‡½	å¿«é¾™	å¿«é¾
150	ãƒŸãƒ¥ã‚¦ãƒ„ãƒ¼	Mewtwo	Mewtu	Mewtwo	ë®¤ì¸ 	è¶…æ¢¦	è¶…å¤¢
151	ãƒŸãƒ¥ã‚¦	Mew	Mew	Mew	ë®¤	æ¢¦å¹»	å¤¢å¹»
152	ãƒã‚³ãƒªãƒ¼ã‚¿	Chikorita	Endivie	Germignon	ì¹˜ì½”ë¦¬íƒ€	èŠè‰å¶	èŠè‰è‘‰
153	ãƒ™ã‚¤ãƒªãƒ¼ãƒ•	Bayleef	Lorblatt	Macronium	ë² ì´ë¦¬í”„	æœˆæ¡‚å¶	æœˆæ¡‚è‘‰
154	ãƒ¡ã‚¬ãƒ‹ã‚¦ãƒ 	Meganium	Meganie	Meganium	ë©”ê°€ë‹ˆì›€	å¤§ç«ºè‘µ	å¤§ç«ºè‘µ
155	ãƒ’ãƒã‚¢ãƒ©ã‚·	Cyndaquil	Feurigel	Hericendre	ë¸Œì¼€ì¸	ç«çƒé¼ 	ç«çƒé¼ 
156	ãƒã‚°ãƒãƒ©ã‚·	Quilava	Igelavar	Feurisson	ë§ˆê·¸ì¼€ì¸	ç«å²©é¼ 	ç«å²©é¼ 
157	ãƒã‚¯ãƒ•ãƒ¼ãƒ³	Typhlosion	Tornupto	Typhlosion	ë¸”ë ˆì´ë²”	ç«æš´å…½	ç«çˆ†ç¸
158	ãƒ¯ãƒ‹ãƒã‚³	Totodile	Karnimani	Kaiminus	ë¦¬ì•„ì½”	å°é”¯é³„	å°é‹¸é±·
159	ã‚¢ãƒªã‚²ã‚¤ãƒ„	Croconaw	Tyracroc	Crocrodil	ì—˜ë¦¬ê²Œì´	è“é³„	è—é±·
160	ã‚ªãƒ¼ãƒ€ã‚¤ãƒ«	Feraligatr	Impergator	Aligatueur	ì¥í¬ë¡œë‹¤ì¼	å¤§åŠ›é³„	å¤§åŠ›é±·
161	ã‚ªã‚¿ãƒ	Sentret	Wiesor	Fouinette	ê¼¬ë¦¬ì„ 	å°¾ç«‹	å°¾ç«‹
162	ã‚ªã‚ªã‚¿ãƒ	Furret	Wiesenior	Fouinar	ë‹¤ê¼¬ë¦¬	å¤§å°¾ç«‹	å¤§å°¾ç«‹
163	ãƒ›ãƒ¼ãƒ›ãƒ¼	Hoothoot	Hoothoot	Hoothoot	ë¶€ìš°ë¶€	å’•å’•	å’•å’•
164	ãƒ¨ãƒ«ãƒã‚ºã‚¯	Noctowl	Noctuh	Noarfang	ì•¼ë¶€ì—‰	çŒ«å¤´å¤œé¹°	è²“é ­å¤œé·¹
165	ãƒ¬ãƒ‡ã‚£ãƒ	Ledyba	Ledyba	Coxy	ë ˆë””ë°”	èŠ­ç“¢è™«	èŠ­ç“¢èŸ²
166	ãƒ¬ãƒ‡ã‚£ã‚¢ãƒ³	Ledian	Ledian	Coxyclaque	ë ˆë””ì•ˆ	å®‰ç“¢è™«	å®‰ç“¢èŸ²
167	ã‚¤ãƒˆãƒãƒ«	Spinarak	Webarak	Mimigal	í˜ì´ê²€	åœ†ä¸è››	åœ“çµ²è››
168	ã‚¢ãƒªã‚¢ãƒ‰ã‚¹	Ariados	Ariados	Migalos	ì•„ë¦¬ì•„ë„ìŠ¤	é˜¿åˆ©å¤šæ–¯	é˜¿åˆ©å¤šæ–¯
169	ã‚¯ãƒ­ãƒãƒƒãƒˆ	Crobat	Iksbat	Nostenfer	í¬ë¡œë±ƒ	å‰å­—è 	å‰å­—è 
170	ãƒãƒ§ãƒ³ãƒãƒ¼	Chinchou	Lampi	Loupio	ì´ˆë¼ê¸°	ç¯ç¬¼é±¼	ç‡ˆç± é­š
171	ãƒ©ãƒ³ã‚¿ãƒ¼ãƒ³	Lanturn	Lanturn	Lanturn	ëœí„´	ç”µç¯æ€ª	é›»ç‡ˆæ€ª
172	ãƒ”ãƒãƒ¥ãƒ¼	Pichu	Pichu	Pichu	í”¼ì¸„	çš®ä¸˜	çš®ä¸˜
173	ãƒ”ã‚£	Cleffa	Pii	Melo	ì‚	çš®å®å®	çš®å¯¶å¯¶
174	ãƒ—ãƒ—ãƒªãƒ³	Igglybuff	Fluffeluff	Toudoudou	í‘¸í‘¸ë¦°	å®å®ä¸	å¯¶å¯¶ä¸
175	ãƒˆã‚²ãƒ”ãƒ¼	Togepi	Togepi	Togepi	í† ê²Œí”¼	æ³¢å…‹æ¯”	æ³¢å…‹æ¯”
176	ãƒˆã‚²ãƒãƒƒã‚¯	Togetic	Togetic	Togetic	í† ê²Œí‹±	æ³¢å…‹åŸºå¤	æ³¢å…‹åŸºå¤
177	ãƒã‚¤ãƒ†ã‚£	Natu	Natu	Natu	ë„¤ì´í‹°	å¤©ç„¶é›€	å¤©ç„¶é›€
178	ãƒã‚¤ãƒ†ã‚£ã‚ª	Xatu	Xatu	Xatu	ë„¤ì´í‹°ì˜¤	å¤©ç„¶é¸Ÿ	å¤©ç„¶é³¥
179	ãƒ¡ãƒªãƒ¼ãƒ—	Mareep	Voltilamm	Wattouat	ë©”ë¦¬í”„	å’©åˆ©ç¾Š	å’©åˆ©ç¾Š
180	ãƒ¢ã‚³ã‚³	Flaaffy	Waaty	Lainergie	ë³´ì†¡ì†¡	èŒ¸èŒ¸ç¾Š	èŒ¸èŒ¸ç¾Š
181	ãƒ‡ãƒ³ãƒªãƒ¥ã‚¦	Ampharos	Ampharos	Pharamp	ì „ë£¡	ç”µé¾™	é›»é¾
182	ã‚­ãƒ¬ã‚¤ãƒãƒŠ	Bellossom	Blubella	Joliflor	ì•„ë¥´ì½”	ç¾ä¸½èŠ±	ç¾éº—èŠ±
183	ãƒãƒªãƒ«	Marill	Marill	Marill	ë§ˆë¦´	ç›åŠ›éœ²	ç‘ªåŠ›éœ²
184	ãƒãƒªãƒ«ãƒª	Azumarill	Azumarill	Azumarill	ë§ˆë¦´ë¦¬	ç›åŠ›éœ²ä¸½	ç‘ªåŠ›éœ²éº—
185	ã‚¦ã‚½ãƒƒã‚­ãƒ¼	Sudowoodo	Mogelbaum	Simularbre	ê¼¬ì§€ëª¨	æ ‘æ‰æ€ª	æ¨¹æ‰æ€ª
186	ãƒ‹ãƒ§ãƒ­ãƒˆãƒ	Politoed	Quaxo	Tarpaud	ì™•êµ¬ë¦¬	èšŠé¦™è›™çš‡	èšŠé¦™è›™çš‡
187	ãƒãƒãƒƒã‚³	Hoppip	Hoppspross	Granivol	í†µí†µì½”	æ¯½å­è‰	æ¯½å­è‰
188	ãƒãƒãƒƒã‚³	Skiploom	Hubelupf	Floravol	ë‘ì½”	æ¯½å­èŠ±	æ¯½å­èŠ±
189	ãƒ¯ã‚¿ãƒƒã‚³	Jumpluff	Papungha	Cotovol	ì†œì†œì½”	æ¯½å­æ£‰	æ¯½å­æ£‰
190	ã‚¨ã‚¤ãƒ‘ãƒ 	Aipom	Griffel	Capumain	ì—ì´íŒœ	é•¿å°¾æ€ªæ‰‹	é•·å°¾æ€ªæ‰‹
191	ãƒ’ãƒãƒŠãƒƒãƒ„	Sunkern	Sonnkern	Tournegrin	í•´ë„ˆì¸ 	å‘æ—¥ç§å­	å‘æ—¥ç¨®å­
192	ã‚­ãƒãƒ¯ãƒª	Sunflora	Sonnflora	Heliatronc	í•´ë£¨ë¯¸	å‘æ—¥èŠ±æ€ª	å‘æ—¥èŠ±æ€ª
193	ãƒ¤ãƒ³ãƒ¤ãƒ³ãƒ	Yanma	Yanma	Yanma	ì™•ìë¦¬	èœ»èœ»èœ“	èœ»èœ»èœ“
194	ã‚¦ãƒ‘ãƒ¼	Wooper	Felino	Axoloto	ìš°íŒŒ	ä¹Œæ³¢	çƒæ³¢
195	ãƒŒã‚ªãƒ¼	Quagsire	Morlord	Maraiste	ëˆ„ì˜¤	æ²¼ç‹	æ²¼ç‹
196	ã‚¨ãƒ¼ãƒ•ã‚£	Espeon	Psiana	Mentali	ì—ë¸Œì´	å¤ªé˜³ä¼Šå¸ƒ	å¤ªé™½ä¼Šå¸ƒ
197	ãƒ–ãƒ©ãƒƒã‚­ãƒ¼	Umbreon	Nachtara	Noctali	ë¸”ë˜í‚¤	æœˆäº®ä¼Šå¸ƒ	æœˆäº®ä¼Šå¸ƒ
198	ãƒ¤ãƒŸã‚«ãƒ©ã‚¹	Murkrow	Kramurx	Cornebre	ë‹ˆë¡œìš°	é»‘æš—é¸¦	é»‘æš—é´‰
199	ãƒ¤ãƒ‰ã‚­ãƒ³ã‚°	Slowking	Laschoking	Roigada	ì•¼ë„í‚¹	å‘†å‘†ç‹	å‘†å‘†ç‹
200	ãƒ ã‚¦ãƒ	Misdreavus	Traunfugil	Feuforeve	ë¬´ìš°ë§ˆ	æ¢¦å¦–	å¤¢å¦–
201	ã‚¢ãƒ³ãƒãƒ¼ãƒ³	Unown	Icognito	Zarbi	ì•ˆë†	æœªçŸ¥å›¾è…¾	æœªçŸ¥åœ–é¨°
202	ã‚½ãƒ¼ãƒŠãƒ³ã‚¹	Wobbuffet	Woingenau	Qulbutoke	ë§ˆììš©	æœç„¶ç¿	æœç„¶ç¿
203	ã‚­ãƒªãƒ³ãƒªã‚­	Girafarig	Girafarig	Girafarig	í‚¤ë§í‚¤	éº’éºŸå¥‡	éº’éºŸå¥‡
204	ã‚¯ãƒŒã‚®ãƒ€ãƒ	Pineco	Tannza	Pomdepic	í”¼ì½˜	æ¦›æœçƒ	æ¦›æœçƒ
205	ãƒ•ã‚©ãƒ¬ãƒˆã‚¹	Forretress	Forstellka	Foretress	ì˜ì½˜	ä½›çƒˆæ‰˜æ–¯	ä½›çƒˆæ‰˜æ–¯
206	ãƒã‚³ãƒƒãƒ	Dunsparce	Dummisel	Insolourdo	ë…¸ê³ ì¹˜	åœŸé¾™å¼Ÿå¼Ÿ	åœŸé¾å¼Ÿå¼Ÿ
207	ã‚°ãƒ©ã‚¤ã‚¬ãƒ¼	Gligar	Skorgla	Scorplane	ê¸€ë¼ì´ê±°	å¤©è	å¤©è 
208	ãƒã‚¬ãƒãƒ¼ãƒ«	Steelix	Stahlos	Steelix	ê°•ì² í†¤	å¤§é’¢è›‡	å¤§é‹¼è›‡
209	ãƒ–ãƒ«ãƒ¼	Snubbull	Snubbull	Snubbull	ë¸”ë£¨	å¸ƒé²	å¸ƒé­¯
210	ã‚°ãƒ©ãƒ³ãƒ–ãƒ«	Granbull	Granbull	Granbull	ê·¸ë‘ë¸”ë£¨	å¸ƒé²çš‡	å¸ƒé­¯çš‡
211	ãƒãƒªãƒ¼ã‚»ãƒ³	Qwilfish	Baldorfish	Qwilfish	ì¹¨ë°”ë£¨	åƒé’ˆé±¼	åƒé‡é­š
212	ãƒãƒƒã‚µãƒ 	Scizor	Scherox	Cizayox	í•«ì‚¼	å·¨é’³è³è‚	å·¨é‰—è³è‚
213	ãƒ„ãƒœãƒ„ãƒœ	Shuckle	Pottrott	Caratroc	ë‹¨ë‹¨ì§€	å£¶å£¶	å£ºå£º
214	ãƒ˜ãƒ©ã‚¯ãƒ­ã‚¹	Heracross	Skaraborn	Scarhino	í—¤ë¼í¬ë¡œìŠ¤	èµ«æ‹‰å…‹ç½—æ–¯	èµ«æ‹‰å…‹ç¾…æ–¯
215	ãƒ‹ãƒ¥ãƒ¼ãƒ©	Sneasel	Sniebel	Farfuret	í¬í‘¸ë‹ˆ	ç‹ƒæ‹‰	ç‹ƒæ‹‰
216	ãƒ’ãƒ¡ã‚°ãƒ	Teddiursa	Teddiursa	Teddiursa	ê¹œì§€ê³°	ç†Šå®å®	ç†Šå¯¶å¯¶
217	ãƒªãƒ³ã‚°ãƒ	Ursaring	Ursaring	Ursaring	ë§ê³°	åœˆåœˆç†Š	åœˆåœˆç†Š
218	ãƒã‚°ãƒãƒƒã‚°	Slugma	Schneckmag	Limagma	ë§ˆê·¸ë§ˆê·¸	ç†”å²©è™«	ç†”å²©èŸ²
219	ãƒã‚°ã‚«ãƒ«ã‚´	Magcargo	Magcargo	Volcaropod	ë§ˆê·¸ì¹´ë¥´ê³ 	ç†”å²©èœ—ç‰›	ç†”å²©è¸ç‰›
220	ã‚¦ãƒªãƒ ãƒ¼	Swinub	Quiekel	Marcacrin	ê¾¸ê¾¸ë¦¬	å°å±±çŒª	å°å±±è±¬
221	ã‚¤ãƒãƒ ãƒ¼	Piloswine	Keifel	Cochignon	ë©”ê¾¸ë¦¬	é•¿æ¯›çŒª	é•·æ¯›è±¬
222	ã‚µãƒ‹ãƒ¼ã‚´	Corsola	Corasonn	Corayon	ì½”ì‚°í˜¸	å¤ªé˜³çŠç‘š	å¤ªé™½çŠç‘š
223	ãƒ†ãƒƒãƒã‚¦ã‚ª	Remoraid	Remoraid	Remoraid	ì´ì–´	é“ç‚®é±¼	éµç‚®é­š
224	ã‚ªã‚¯ã‚¿ãƒ³	Octillery	Octillery	Octillery	ëŒ€í¬ë¬´ë…¸	ç« é±¼æ¡¶	ç« é­šæ¡¶
225	ãƒ‡ãƒªãƒãƒ¼ãƒ‰	Delibird	Botogel	Cadoizo	ë”œë¦¬ë²„ë“œ	ä¿¡ä½¿é¸Ÿ	ä¿¡ä½¿é³¥
226	ãƒãƒ³ã‚¿ã‚¤ãƒ³	Mantine	Mantax	Demanta	ë§Œíƒ€ì¸	å·¨ç¿…é£é±¼	å·¨ç¿…é£›é­š
227	ã‚¨ã‚¢ãƒ¼ãƒ ãƒ‰	Skarmory	Panzaeron	Airmure	ë¬´ì¥ì¡°	ç›”ç”²é¸Ÿ	ç›”ç”²é³¥
228	ãƒ‡ãƒ«ãƒ“ãƒ«	Houndour	Hunduster	Malosse	ë¸ë¹Œ	æˆ´é²æ¯”	æˆ´é­¯æ¯”
229	ãƒ˜ãƒ«ã‚¬ãƒ¼	Houndoom	Hundemon	Demolosse	í—¬ê°€	é»‘é²åŠ 	é»‘é­¯åŠ 
230	ã‚­ãƒ³ã‚°ãƒ‰ãƒ©	Kingdra	Seedraking	Hyporoi	í‚¹ë“œë¼	åˆºé¾™ç‹	åˆºé¾ç‹
231	ã‚´ãƒã‚¾ã‚¦	Phanpy	Phanpy	Phanpy	ì½”ì½”ë¦¬	å°å°è±¡	å°å°è±¡
232	ãƒ‰ãƒ³ãƒ•ã‚¡ãƒ³	Donphan	Donphan	Donphan	ì½”ë¦¬ê°‘	é¡¿ç”²	é “ç”²
233	ãƒãƒªã‚´ãƒ³2	Porygon2	Porygon2	Porygon2	í´ë¦¬ê³¤2	å¤šè¾¹å…½â…¡	å¤šé‚Šç¸â…¡
234	ã‚ªãƒ‰ã‚·ã‚·	Stantler	Damhirplex	Cerfrousse	ë…¸ë¼í‚¤	æƒŠè§’é¹¿	é©šè§’é¹¿
235	ãƒ‰ãƒ¼ãƒ–ãƒ«	Smeargle	Farbeagle	Queulorior	ë£¨ë¸Œë„	å›¾å›¾çŠ¬	åœ–åœ–çŠ¬
236	ãƒãƒ«ã‚­ãƒ¼	Tyrogue	Rabauz	Debugant	ë°°ë£¨í‚¤	æ— ç•å°å­	ç„¡ç•å°å­
237	ã‚«ãƒã‚¨ãƒ©ãƒ¼	Hitmontop	Kapoera	Kapoera	ì¹´í¬ì—ë¼	æˆ˜èˆéƒ	æˆ°èˆéƒ
238	ãƒ ãƒãƒ¥ãƒ¼ãƒ«	Smoochum	Kussilla	Lippouti	ë½€ë½€ë¼	è¿·å”‡å¨ƒ	è¿·å”‡å¨ƒ
239	ã‚¨ãƒ¬ã‚­ãƒƒãƒ‰	Elekid	Elekid	Elekid	ì—ë ˆí‚¤ë“œ	ç”µå‡»æ€ª	é›»æ“Šæ€ª
240	ãƒ–ãƒ“ã‚£	Magby	Magby	Magby	ë§ˆê·¸ë¹„	é¸­å˜´å®å®	é´¨å˜´å¯¶å¯¶
241	ãƒŸãƒ«ã‚¿ãƒ³ã‚¯	Miltank	Miltank	Ecremeuh	ë°€íƒ±í¬	å¤§å¥¶ç½	å¤§å¥¶ç½
242	ãƒãƒ”ãƒŠã‚¹	Blissey	Heiteira	Leuphorie	í•´í”¼ë‚˜ìŠ¤	å¹¸ç¦è›‹	å¹¸ç¦è›‹
243	ãƒ©ã‚¤ã‚³ã‚¦	Raikou	Raikou	Raikou	ë¼ì´ì½”	é›·å…¬	é›·å…¬
244	ã‚¨ãƒ³ãƒ†ã‚¤	Entei	Entei	Entei	ì•¤í…Œì´	ç‚å¸	ç‚å¸
245	ã‚¹ã‚¤ã‚¯ãƒ³	Suicune	Suicune	Suicune	ìŠ¤ì´ì¿¤	æ°´å›	æ°´å›
246	ãƒ¨ãƒ¼ã‚®ãƒ©ã‚¹	Larvitar	Larvitar	Embrylex	ì• ë²„ë¼ìŠ¤	å¹¼åŸºæ‹‰æ–¯	å¹¼åŸºæ‹‰æ–¯
247	ã‚µãƒŠã‚®ãƒ©ã‚¹	Pupitar	Pupitar	Ymphect	ë°ê¸°ë¼ìŠ¤	æ²™åŸºæ‹‰æ–¯	æ²™åŸºæ‹‰æ–¯
248	ãƒãƒ³ã‚®ãƒ©ã‚¹	Tyranitar	Despotar	Tyranocif	ë§ˆê¸°ë¼ìŠ¤	ç­åŸºæ‹‰æ–¯	ç­åŸºæ‹‰æ–¯
249	ãƒ«ã‚®ã‚¢	Lugia	Lugia	Lugia	ë£¨ê¸°ì•„	æ´›å¥‡äºš	æ´›å¥‡äº
250	ãƒ›ã‚¦ã‚ªã‚¦	Ho-Oh	Ho-Oh	Ho-Oh	ì¹ ìƒ‰ì¡°	å‡¤ç‹	é³³ç‹
251	ã‚»ãƒ¬ãƒ“ã‚£	Celebi	Celebi	Celebi	ì„¸ë ˆë¹„	æ—¶æ‹‰æ¯”	æ™‚æ‹‰æ¯”
252	ã‚­ãƒ¢ãƒª	Treecko	Geckarbor	Arcko	ë‚˜ë¬´ì§€ê¸°	æœ¨å®ˆå®«	æœ¨å®ˆå®®
253	ã‚¸ãƒ¥ãƒ—ãƒˆãƒ«	Grovyle	Reptain	Massko	ë‚˜ë¬´ëŒì´	æ£®æ—èœ¥èœ´	æ£®æ—èœ¥èœ´
254	ã‚¸ãƒ¥ã‚«ã‚¤ãƒ³	Sceptile	Gewaldro	Jungko	ë‚˜ë¬´í‚¹	èœ¥èœ´ç‹	èœ¥èœ´ç‹
255	ã‚¢ãƒãƒ£ãƒ¢	Torchic	Flemmli	Poussifeu	ì•„ì°¨ëª¨	ç«ç¨šé¸¡	ç«ç¨šé›
256	ãƒ¯ã‚«ã‚·ãƒ£ãƒ¢	Combusken	Jungglut	Galifeu	ì˜ì¹˜ì½”	åŠ›å£®é¸¡	åŠ›å£¯é›
257	ãƒã‚·ãƒ£ãƒ¼ãƒ¢	Blaziken	Lohgock	Brasegali	ë²ˆì¹˜ì½”	ç«ç„°é¸¡	ç«ç„°é›
258	ãƒŸã‚ºã‚´ãƒ­ã‚¦	Mudkip	Hydropi	Gobou	ë¬¼ì§±ì´	æ°´è·ƒé±¼	æ°´èºé­š
259	ãƒŒãƒã‚¯ãƒ­ãƒ¼	Marshtomp	Moorabbel	Flobio	ëŠªì§±ì´	æ²¼è·ƒé±¼	æ²¼èºé­š
260	ãƒ©ã‚°ãƒ©ãƒ¼ã‚¸	Swampert	Sumpex	Laggron	ëŒ€ì§±ì´	å·¨æ²¼æ€ª	å·¨æ²¼æ€ª
261	ãƒãƒã‚¨ãƒŠ	Poochyena	Fiffyen	Medhyena	í¬ì± ë‚˜	åœŸç‹¼çŠ¬	åœŸç‹¼çŠ¬
262	ã‚°ãƒ©ã‚¨ãƒŠ	Mightyena	Magnayen	Grahyena	ê·¸ë¼ì—ë‚˜	å¤§ç‹¼çŠ¬	å¤§ç‹¼çŠ¬
263	ã‚¸ã‚°ã‚¶ã‚°ãƒ	Zigzagoon	Zigzachs	Zigzaton	ì§€ê·¸ì œêµ¬ë¦¬	è›‡çº¹ç†Š	è›‡ç´‹ç†Š
264	ãƒãƒƒã‚¹ã‚°ãƒ	Linoone	Geradaks	Lineon	ì§êµ¬ë¦¬	ç›´å†²ç†Š	ç›´è¡ç†Š
265	ã‚±ãƒ ãƒƒã‚½	Wurmple	Waumpel	Chenipotte	ê°œë¬´ì†Œ	åˆºå°¾è™«	åˆºå°¾èŸ²
266	ã‚«ãƒ©ã‚µãƒªã‚¹	Silcoon	Schaloko	Armulys	ì‹¤ì¿¤	ç”²å£³èŒ§	ç”²æ®¼ç¹­
267	ã‚¢ã‚²ãƒãƒ³ãƒˆ	Beautifly	Papinella	Charmillon	ë·°í‹°í”Œë¼ì´	ç‹©çŒå‡¤è¶	ç‹©çµé³³è¶
268	ãƒãƒ¦ãƒ«ãƒ‰	Cascoon	Panekon	Blindalys	ì¹´ìŠ¤ì¿¤	ç›¾ç”²èŒ§	ç›¾ç”²ç¹­
269	ãƒ‰ã‚¯ã‚±ã‚¤ãƒ«	Dustox	Pudox	Papinox	ë…ì¼€ì¼	æ¯’ç²‰è›¾	æ¯’ç²‰è›¾
270	ãƒã‚¹ãƒœãƒ¼	Lotad	Loturzel	Nenupiot	ì—°ê½ƒëª¬	è²å¶ç«¥å­	è“®è‘‰ç«¥å­
271	ãƒã‚¹ãƒ–ãƒ¬ãƒ­	Lombre	Lombrero	Lombre	ë¡œí† ìŠ¤	è²å¸½å°ç«¥	è“®å¸½å°ç«¥
272	ãƒ«ãƒ³ãƒ‘ãƒƒãƒ‘	Ludicolo	Kappalores	Ludicolo	ë¡œíŒŒíŒŒ	ä¹å¤©æ²³ç«¥	æ¨‚å¤©æ²³ç«¥
273	ã‚¿ãƒãƒœãƒ¼	Seedot	Samurzel	Grainipiot	ë„í† ë§	æ©¡å®æœ	æ©¡å¯¦æœ
274	ã‚³ãƒãƒãƒŠ	Nuzleaf	Blanas	Pifeuil	ììƒˆì½”	é•¿é¼»å¶	é•·é¼»è‘‰
275	ãƒ€ãƒ¼ãƒ†ãƒ³ã‚°	Shiftry	Tengulist	Tengalice	ë‹¤íƒ±êµ¬	ç‹¡çŒ¾å¤©ç‹—	ç‹¡çŒ¾å¤©ç‹—
276	ã‚¹ãƒãƒ¡	Taillow	Schwalbini	Nirondelle	í…Œì¼ë¡œ	å‚²éª¨ç‡•	å‚²éª¨ç‡•
277	ã‚ªã‚ªã‚¹ãƒãƒ¡	Swellow	Schwalboss	Heledelle	ìŠ¤ì™ˆë¡œ	å¤§ç‹ç‡•	å¤§ç‹ç‡•
278	ã‚­ãƒ£ãƒ¢ãƒ¡	Wingull	Wingull	Goelise	ê°ˆëª¨ë§¤	é•¿ç¿…é¸¥	é•·ç¿…é·—
279	ãƒšãƒªãƒƒãƒ‘ãƒ¼	Pelipper	Pelipper	Bekipan	íŒ¨ë¦¬í¼	å¤§å˜´é¸¥	å¤§å˜´é·—
280	ãƒ©ãƒ«ãƒˆã‚¹	Ralts	Trasla	Tarsal	ë„í† ìŠ¤	æ‹‰é²æ‹‰ä¸	æ‹‰é­¯æ‹‰çµ²
281	ã‚­ãƒ«ãƒªã‚¢	Kirlia	Kirlia	Kirlia	í‚¬ë¦¬ì•„	å¥‡é²è‰å®‰	å¥‡é­¯è‰å®‰
282	ã‚µãƒ¼ãƒŠã‚¤ãƒˆ	Gardevoir	Guardevoir	Gardevoir	ê°€ë””ì•ˆ	æ²™å¥ˆæœµ	æ²™å¥ˆæœµ
283	ã‚¢ãƒ¡ã‚¿ãƒ	Surskit	Gehweiher	Arakdo	ë¹„êµ¬ìˆ 	æºœæºœç³–çƒ	æºœæºœç³–çƒ
284	ã‚¢ãƒ¡ãƒ¢ãƒ¼ã‚¹	Masquerain	Maskeregen	Maskadra	ë¹„ë‚˜ë°©	é›¨ç¿…è›¾	é›¨ç¿…è›¾
285	ã‚­ãƒã‚³ã‚³	Shroomish	Knilz	Balignon	ë²„ì„¯ê¼¬	è˜‘è˜‘è‡	è˜‘è˜‘è‡
286	ã‚­ãƒã‚¬ãƒƒã‚µ	Breloom	Kapilz	Chapignon	ë²„ì„¯ëª¨	æ–—ç¬ è‡	æ–—ç¬ è‡
287	ãƒŠãƒã‚±ãƒ­	Slakoth	Bummelz	Parecool	ê²Œì„ë¡œ	æ‡’äººç­	æ‡¶äººçº
288	ãƒ¤ãƒ«ã‚­ãƒ¢ãƒ	Vigoroth	Muntier	Vigoroth	ë°œë°”ë¡œ	è¿‡åŠ¨çŒ¿	éå‹•çŒ¿
289	ã‚±ãƒƒã‚­ãƒ³ã‚°	Slaking	Letarking	Monaflemit	ê²Œì„í‚¹	è¯·å‡ç‹	è«‹å‡ç‹
290	ãƒ„ãƒãƒ‹ãƒ³	Nincada	Nincada	Ningale	í† ì¤‘ëª¬	åœŸå±…å¿å£«	åœŸå±…å¿å£«
291	ãƒ†ãƒƒã‚«ãƒ‹ãƒ³	Ninjask	Ninjask	Ninjask	ì•„ì´ìŠ¤í¬	é“é¢å¿è€…	éµé¢å¿è€…
292	ãƒŒã‚±ãƒ‹ãƒ³	Shedinja	Ninjatom	Munja	ê»ì§ˆëª¬	è„±å£³å¿è€…	è„«æ®¼å¿è€…
293	ã‚´ãƒ‹ãƒ§ãƒ‹ãƒ§	Whismur	Flurmel	Chuchmur	ì†Œê³¤ë£¡	å’•å¦å¦	å’•å¦å¦
294	ãƒ‰ã‚´ãƒ¼ãƒ 	Loudred	Krakeelo	Ramboum	ë…¸ê³µë£¡	å¼çˆ†å¼¹	å¼çˆ†å½ˆ
295	ãƒã‚¯ã‚ªãƒ³ã‚°	Exploud	Krawumms	Brouhabam	í­ìŒë£¡	çˆ†éŸ³æ€ª	çˆ†éŸ³æ€ª
296	ãƒã‚¯ãƒã‚·ã‚¿	Makuhita	Makuhita	Makuhita	ë§ˆí¬íƒ•	å¹•ä¸‹åŠ›å£«	å¹•ä¸‹åŠ›å£«
297	ãƒãƒªãƒ†ãƒ¤ãƒ	Hariyama	Hariyama	Hariyama	í•˜ë¦¬ë­‰	é“æŒåŠ›å£«	éµæŒåŠ›å£«
298	ãƒ«ãƒªãƒª	Azurill	Azurill	Azurill	ë£¨ë¦¬ë¦¬	éœ²åŠ›ä¸½	éœ²åŠ›éº—
299	ãƒã‚ºãƒ‘ã‚¹	Nosepass	Nasgnet	Tarinor	ì½”ì½”íŒŒìŠ¤	æœåŒ—é¼»	æœåŒ—é¼»
300	ã‚¨ãƒã‚³	Skitty	Eneco	Skitty	ì—ë‚˜ë¹„	å‘å°¾å–µ	å‘å°¾å–µ
301	ã‚¨ãƒã‚³ãƒ­ãƒ­	Delcatty	Enekoro	Delcatty	ë¸ì¼€í‹°	ä¼˜é›…çŒ«	å„ªé›…è²“
302	ãƒ¤ãƒŸãƒ©ãƒŸ	Sableye	Zobiris	Tenefix	ê¹œê¹Œë¯¸	å‹¾é­‚çœ¼	å‹¾é­‚çœ¼
303	ã‚¯ãƒãƒ¼ãƒˆ	Mawile	Flunkifer	Mysdibule	ì…ì¹˜íŠ¸	å¤§å˜´å¨ƒ	å¤§å˜´å¨ƒ
304	ã‚³ã‚³ãƒ‰ãƒ©	Aron	Stollunior	Galekid	ê°€ë³´ë¦¬	å¯å¯å¤šæ‹‰	å¯å¯å¤šæ‹‰
305	ã‚³ãƒ‰ãƒ©	Lairon	Stollrak	Galegon	ê°±ë„ë¼	å¯å¤šæ‹‰	å¯å¤šæ‹‰
306	ãƒœã‚¹ã‚´ãƒ‰ãƒ©	Aggron	Stolloss	Galeking	ë³´ìŠ¤ë¡œë¼	æ³¢å£«å¯å¤šæ‹‰	æ³¢å£«å¯å¤šæ‹‰
307	ã‚¢ã‚µãƒŠãƒ³	Meditite	Meditie	Meditikka	ìš”ê°€ë‘	ç›æ²™é‚£	ç‘ªæ²™é‚£
308	ãƒãƒ£ãƒ¼ãƒ¬ãƒ 	Medicham	Meditalis	Charmina	ìš”ê°€ë¨	æ°é›·å§†	æ°é›·å§†
309	ãƒ©ã‚¯ãƒ©ã‚¤	Electrike	Frizelbliz	Dynavolt	ì¬ë”ë¼ì´	è½é›·å…½	è½é›·ç¸
310	ãƒ©ã‚¤ãƒœãƒ«ãƒˆ	Manectric	Voltenso	Elecsprint	ì¬ë”ë³¼íŠ¸	é›·ç”µå…½	é›·é›»ç¸
311	ãƒ—ãƒ©ã‚¹ãƒ«	Plusle	Plusle	Posipi	í”ŒëŸ¬ì‹œ	æ­£ç”µæ‹æ‹	æ­£é›»æ‹æ‹
312	ãƒã‚¤ãƒŠãƒ³	Minun	Minun	Negapi	ë§ˆì´ë†	è´Ÿç”µæ‹æ‹	è² é›»æ‹æ‹
313	ãƒãƒ«ãƒ“ãƒ¼ãƒˆ	Volbeat	Volbeat	Muciole	ë³¼ë¹„íŠ¸	ç”µè¤è™«	é›»è¢èŸ²
314	ã‚¤ãƒ«ãƒŸãƒ¼ã‚¼	Illumise	Illumise	Lumivole	ë„¤ì˜¤ë¹„íŠ¸	ç”œç”œè¤	ç”œç”œè¢
315	ãƒ­ã‚¼ãƒªã‚¢	Roselia	Roselia	Roselia	ë¡œì ¤ë¦¬ì•„	æ¯’è”·è–‡	æ¯’è–”è–‡
316	ã‚´ã‚¯ãƒªãƒ³	Gulpin	Schluppuck	Gloupti	ê¼´ê¹ëª¬	æº¶é£Ÿå…½	æº¶é£Ÿç¸
317	ãƒãƒ«ãƒãƒ¼ãƒ 	Swalot	Schlukwech	Avaltout	ê¿€êº½ëª¬	åé£Ÿå…½	åé£Ÿç¸
318	ã‚­ãƒãƒ‹ã‚¢	Carvanha	Kanivanha	Carvanha	ìƒ¤í”„ë‹ˆì•„	åˆ©ç‰™é±¼	åˆ©ç‰™é­š
319	ã‚µãƒ¡ãƒãƒ€ãƒ¼	Sharpedo	Tohaido	Sharpedo	ìƒ¤í¬ë‹ˆì•„	å·¨ç‰™é²¨	å·¨ç‰™é¯Š
320	ãƒ›ã‚¨ãƒ«ã‚³	Wailmer	Wailmer	Wailmer	ê³ ë˜ì™•ì	å¼å¼é²¸	å¼å¼é¯¨
321	ãƒ›ã‚¨ãƒ«ã‚ªãƒ¼	Wailord	Wailord	Wailord	ê³ ë˜ì™•	å¼é²¸ç‹	å¼é¯¨ç‹
322	ãƒ‰ãƒ³ãƒ¡ãƒ«	Numel	Camaub	Chamallot	ë‘”íƒ€	å‘†ç«é©¼	å‘†ç«é§
323	ãƒã‚¯ãƒ¼ãƒ€	Camerupt	Camerupt	Camerupt	í­íƒ€	å–·ç«é©¼	å™´ç«é§
324	ã‚³ãƒ¼ã‚¿ã‚¹	Torkoal	Qurtel	Chartor	ì½”í„°ìŠ¤	ç…¤ç‚­é¾Ÿ	ç…¤ç‚­é¾œ
325	ãƒãƒãƒ–ãƒ¼	Spoink	Spoink	Spoink	í”¼ê·¸ì í”„	è·³è·³çŒª	è·³è·³è±¬
326	ãƒ–ãƒ¼ãƒ”ãƒƒã‚°	Grumpig	Groink	Groret	í”¼ê·¸í‚¹	å™—å™—çŒª	å™—å™—è±¬
327	ãƒ‘ãƒƒãƒãƒ¼ãƒ«	Spinda	Pandir	Spinda	ì–¼ë£¨ê¸°	æ™ƒæ™ƒæ–‘	æ™ƒæ™ƒæ–‘
328	ãƒŠãƒƒã‚¯ãƒ©ãƒ¼	Trapinch	Knacklion	Kraknoix	í†±ì¹˜	å¤§é¢šèš	å¤§é¡èŸ»
329	ãƒ“ãƒ–ãƒ©ãƒ¼ãƒ	Vibrava	Vibrava	Vibraninf	ë¹„ë¸Œë¼ë°”	è¶…éŸ³æ³¢å¹¼è™«	è¶…éŸ³æ³¢å¹¼èŸ²
330	ãƒ•ãƒ©ã‚¤ã‚´ãƒ³	Flygon	Libelldra	Libegon	í”Œë¼ì´ê³¤	æ²™æ¼ èœ»èœ“	æ²™æ¼ èœ»èœ“
331	ã‚µãƒœãƒã‚¢	Cacnea	Tuska	Cacnea	ì„ ì¸ì™•	åˆºçƒä»™äººæŒ	åˆºçƒä»™äººæŒ
332	ãƒã‚¯ã‚¿ã‚¹	Cacturne	Noktuska	Cacturne	ë°¤ì„ ì¸	æ¢¦æ­Œä»™äººæŒ	å¤¢æ­Œä»™äººæŒ
333	ãƒãƒ«ãƒƒãƒˆ	Swablu	Wablu	Tylton	íŒŒë¹„ì½”	é’ç»µé¸Ÿ	é’ç¶¿é³¥
334	ãƒãƒ«ã‚¿ãƒªã‚¹	Altaria	Altaria	Altaria	íŒŒë¹„ì½”ë¦¬	ä¸ƒå¤•é’é¸Ÿ	ä¸ƒå¤•é’é³¥
335	ã‚¶ãƒ³ã‚°ãƒ¼ã‚¹	Zangoose	Sengo	Mangriff	ìŸê³ 	çŒ«é¼¬æ–©	è²“é¼¬æ–¬
336	ãƒãƒ–ãƒãƒ¼ã‚¯	Seviper	Vipitis	Seviper	ì„¸ë¹„í¼	é¥­åŒ™è›‡	é£¯åŒ™è›‡
337	ãƒ«ãƒŠãƒˆãƒ¼ãƒ³	Lunatone	Lunastein	Seleroc	ë£¨ë‚˜í†¤	æœˆçŸ³	æœˆçŸ³
338	ã‚½ãƒ«ãƒ­ãƒƒã‚¯	Solrock	Sonnfel	Solaroc	ì†”ë¡	å¤ªé˜³å²©	å¤ªé™½å²©
339	ãƒ‰ã‚¸ãƒ§ãƒƒãƒ	Barboach	Schmerbe	Barloche	ë¯¸ê¾¸ë¦¬	æ³¥æ³¥é³…	æ³¥æ³¥é°
340	ãƒŠãƒã‚ºãƒ³	Whiscash	Welsar	Barbicha	ë©”ê¹…	é²¶é±¼ç‹	é¯°é­šç‹
341	ãƒ˜ã‚¤ã‚¬ãƒ‹	Corphish	Krebscorps	Ecrapince	ê°€ì¬êµ°	é¾™è™¾å°å…µ	é¾è¦å°å…µ
342	ã‚·ã‚¶ãƒªã‚¬ãƒ¼	Crawdaunt	Krebutack	Colhomard	ê°€ì¬ì¥êµ°	é“è¯é¾™è™¾	éµè¯é¾è¦
343	ãƒ¤ã‚¸ãƒ­ãƒ³	Baltoy	Puppance	Balbuto	ì˜¤ëšêµ°	å¤©ç§¤å¶	å¤©ç§¤å¶
344	ãƒãƒ³ãƒ‰ãƒ¼ãƒ«	Claydol	Lepumentas	Kaorine	ì í† ë„ë¦¬	å¿µåŠ›åœŸå¶	å¿µåŠ›åœŸå¶
345	ãƒªãƒªãƒ¼ãƒ©	Lileep	Liliep	Lilia	ë¦´ë§	è§¦æ‰‹ç™¾åˆ	è§¸æ‰‹ç™¾åˆ
346	ãƒ¦ãƒ¬ã‚¤ãƒ‰ãƒ«	Cradily	Wielie	Vacilys	ë¦´ë¦¬ìš”	æ‘‡ç¯®ç™¾åˆ	æ–ç±ƒç™¾åˆ
347	ã‚¢ãƒãƒ—ã‚¹	Anorith	Anorith	Anorith	ì•„ë…¸ë”¥ìŠ¤	å¤ªå¤ç¾½è™«	å¤ªå¤ç¾½èŸ²
348	ã‚¢ãƒ¼ãƒãƒ«ãƒ‰	Armaldo	Armaldo	Armaldo	ì•„ë§ë„	å¤ªå¤ç›”ç”²	å¤ªå¤ç›”ç”²
349	ãƒ’ãƒ³ãƒã‚¹	Feebas	Barschwa	Barpau	ë¹ˆí‹°ë‚˜	ä¸‘ä¸‘é±¼	é†œé†œé­š
350	ãƒŸãƒ­ã‚«ãƒ­ã‚¹	Milotic	Milotic	Milobellus	ë°€ë¡œí‹±	ç¾çº³æ–¯	ç¾ç´æ–¯
351	ãƒãƒ¯ãƒ«ãƒ³	Castform	Formeo	Morpheo	ìºìŠ¤í	é£˜æµ®æ³¡æ³¡	é£„æµ®æ³¡æ³¡
352	ã‚«ã‚¯ãƒ¬ã‚ªãƒ³	Kecleon	Kecleon	Kecleon	ì¼ˆë¦¬ëª¬	å˜éšé¾™	è®Šéš±é¾
353	ã‚«ã‚²ãƒœã‚¦ã‚º	Shuppet	Shuppet	Polichombr	ì–´ë‘ ëŒ€ì‹ 	æ€¨å½±å¨ƒå¨ƒ	æ€¨å½±å¨ƒå¨ƒ
354	ã‚¸ãƒ¥ãƒšãƒƒã‚¿	Banette	Banette	Branette	ë‹¤í¬í«	è¯…å’’å¨ƒå¨ƒ	è©›å’’å¨ƒå¨ƒ
355	ãƒ¨ãƒãƒ¯ãƒ«	Duskull	Zwirrlicht	Skelenox	í•´ê³¨ëª½	å¤œå·¡çµ	å¤œå·¡éˆ
356	ã‚µãƒãƒ¨ãƒ¼ãƒ«	Dusclops	Zwirrklop	Teraclope	ë¯¸ë¼ëª½	å½·å¾¨å¤œçµ	å½·å¾¨å¤œéˆ
357	ãƒˆãƒ­ãƒ”ã‚¦ã‚¹	Tropius	Tropius	Tropius	íŠ¸ë¡œí”¼ìš°ìŠ¤	çƒ­å¸¦é¾™	ç†±å¸¶é¾
358	ãƒãƒªãƒ¼ãƒ³	Chimecho	Palimpalim	Eoko	ì¹˜ë 	é£é“ƒé“ƒ	é¢¨éˆ´éˆ´
359	ã‚¢ãƒ–ã‚½ãƒ«	Absol	Absol	Absol	ì•±ì†”	é˜¿å‹ƒæ¢­é²	é˜¿å‹ƒæ¢­é­¯
360	ã‚½ãƒ¼ãƒŠãƒ	Wynaut	Isso	Okeoke	ë§ˆì	å°æœç„¶	å°æœç„¶
361	ãƒ¦ã‚­ãƒ¯ãƒ©ã‚·	Snorunt	Schneppke	Stalgamin	ëˆˆê¼¬ë§ˆ	é›ªç«¥å­	é›ªç«¥å­
362	ã‚ªãƒ‹ã‚´ãƒ¼ãƒª	Glalie	Firnontor	Oniglali	ì–¼ìŒê·€ì‹ 	å†°é¬¼æŠ¤	å†°é¬¼è­·
363	ã‚¿ãƒã‚¶ãƒ©ã‚·	Spheal	Seemops	Obalie	ëŒ€êµ´ë ˆì˜¤	æµ·è±¹çƒ	æµ·è±¹çƒ
364	ãƒˆãƒ‰ã‚°ãƒ©ãƒ¼	Sealeo	Seejong	Phogleur	ì”¨ë ˆì˜¤	æµ·é­”ç‹®	æµ·é­”ç…
365	ãƒˆãƒ‰ã‚¼ãƒ«ã‚¬	Walrein	Walraisa	Kaimorse	ì”¨ì¹´ì´ì €	å¸ç‰™æµ·ç‹®	å¸ç‰™æµ·ç…
366	ãƒ‘ãƒ¼ãƒ«ãƒ«	Clamperl	Perlu	Coquiperl	ì§„ì£¼ëª½	çç è´	çç è²
367	ãƒãƒ³ãƒ†ãƒ¼ãƒ«	Huntail	Aalabyss	Serpang	í—Œí…Œì¼	çŒæ–‘é±¼	çµæ–‘é­š
368	ã‚µã‚¯ãƒ©ãƒ“ã‚¹	Gorebyss	Saganabyss	Rosabyss	ë¶„í™ì¥ì´	æ¨±èŠ±é±¼	æ«»èŠ±é­š
369	ã‚¸ãƒ¼ãƒ©ãƒ³ã‚¹	Relicanth	Relicanth	Relicanth	ì‹œë¼ì¹¸	å¤ç©ºæ£˜é±¼	å¤ç©ºæ£˜é­š
370	ãƒ©ãƒ–ã‚«ã‚¹	Luvdisc	Liebiskus	Lovdisc	ì‚¬ë‘ë™ì´	çˆ±å¿ƒé±¼	æ„›å¿ƒé­š
371	ã‚¿ãƒ„ãƒ™ã‚¤	Bagon	Kindwurm	Draby	ì•„ê³µì´	å®è´é¾™	å¯¶è²é¾
372	ã‚³ãƒ¢ãƒ«ãƒ¼	Shelgon	Draschel	Drackhaus	ì‰˜ê³¤	ç”²å£³é¾™	ç”²æ®¼é¾
373	ãƒœãƒ¼ãƒãƒ³ãƒ€	Salamence	Brutalanda	Drattak	ë³´ë§Œë‹¤	æš´é£é¾™	æš´é£›é¾
374	ãƒ€ãƒ³ãƒãƒ«	Beldum	Tanhel	Terhal	ë©”íƒ•	é“å“‘é“ƒ	éµå•éˆ´
375	ãƒ¡ã‚¿ãƒ³ã‚°	Metang	Metang	Metang	ë©”íƒ•êµ¬	é‡‘å±æ€ª	é‡‘å±¬æ€ª
376	ãƒ¡ã‚¿ã‚°ãƒ­ã‚¹	Metagross	Metagross	Metalosse	ë©”íƒ€ê·¸ë¡œìŠ¤	å·¨é‡‘æ€ª	å·¨é‡‘æ€ª
377	ãƒ¬ã‚¸ãƒ­ãƒƒã‚¯	Regirock	Regirock	Regirock	ë ˆì§€ë½	é›·å‰æ´›å…‹	é›·å‰æ´›å…‹
378	ãƒ¬ã‚¸ã‚¢ã‚¤ã‚¹	Regice	Regice	Regice	ë ˆì§€ì•„ì´ìŠ¤	é›·å‰è‰¾æ–¯	é›·å‰è‰¾æ–¯
379	ãƒ¬ã‚¸ã‚¹ãƒãƒ«	Registeel	Registeel	Registeel	ë ˆì§€ìŠ¤í‹¸	é›·å‰æ–¯å¥‡é²	é›·å‰æ–¯å¥‡é­¯
380	ãƒ©ãƒ†ã‚£ã‚¢ã‚¹	Latias	Latias	Latias	ë¼í‹°ì•„ìŠ¤	æ‹‰å¸äºšæ–¯	æ‹‰å¸äºæ–¯
381	ãƒ©ãƒ†ã‚£ã‚ªã‚¹	Latios	Latios	Latios	ë¼í‹°ì˜¤ìŠ¤	æ‹‰å¸æ¬§æ–¯	æ‹‰å¸æ­æ–¯
382	ã‚«ã‚¤ã‚ªãƒ¼ã‚¬	Kyogre	Kyogre	Kyogre	ê°€ì´ì˜¤ê°€	ç›–æ¬§å¡	è“‹æ­å¡
383	ã‚°ãƒ©ãƒ¼ãƒ‰ãƒ³	Groudon	Groudon	Groudon	ê·¸ë€ëˆ	å›ºæ‹‰å¤š	å›ºæ‹‰å¤š
384	ãƒ¬ãƒƒã‚¯ã‚¦ã‚¶	Rayquaza	Rayquaza	Rayquaza	ë ˆì¿ ìŸˆ	çƒˆç©ºå	çƒˆç©ºå
385	ã‚¸ãƒ©ãƒ¼ãƒ	Jirachi	Jirachi	Jirachi	ì§€ë¼ì¹˜	åŸºæ‹‰ç¥ˆ	åŸºæ‹‰ç¥ˆ
386	ãƒ‡ã‚ªã‚­ã‚·ã‚¹	Deoxys	Deoxys	Deoxys	í…Œì˜¤í‚¤ìŠ¤	ä»£æ¬§å¥‡å¸Œæ–¯	ä»£æ­å¥‡å¸Œæ–¯
387	ãƒŠã‚¨ãƒˆãƒ«	Turtwig	Chelast	Tortipouss	ëª¨ë¶€ê¸°	è‰è‹—é¾Ÿ	è‰è‹—é¾œ
388	ãƒãƒ¤ã‚·ã‚¬ãƒ¡	Grotle	Chelcarain	Boskara	ìˆ˜í’€ë¶€ê¸°	æ ‘æ—é¾Ÿ	æ¨¹æ—é¾œ
389	ãƒ‰ãƒ€ã‚¤ãƒˆã‚¹	Torterra	Chelterrar	Torterra	í† ëŒ€ë¶€ê¸°	åœŸå°é¾Ÿ	åœŸå°é¾œ
390	ãƒ’ã‚³ã‚¶ãƒ«	Chimchar	Panflam	Ouisticram	ë¶ˆê½ƒìˆ­ì´	å°ç«ç„°çŒ´	å°ç«ç„°çŒ´
391	ãƒ¢ã‚¦ã‚«ã‚¶ãƒ«	Monferno	Panpyro	Chimpenfeu	íŒŒì´ìˆ­ì´	çŒ›ç«çŒ´	çŒ›ç«çŒ´
392	ã‚´ã‚¦ã‚«ã‚¶ãƒ«	Infernape	Panferno	Simiabraz	ì´ˆì—¼ëª½	çƒˆç„°çŒ´	çƒˆç„°çŒ´
393	ãƒãƒƒãƒãƒ£ãƒ	Piplup	Plinfa	Tiplouf	íŒ½ë„ë¦¬	æ³¢åŠ æ›¼	æ³¢åŠ æ›¼
394	ãƒãƒƒã‚¿ã‚¤ã‚·	Prinplup	Pliprin	Prinplouf	íŒ½íƒœì	æ³¢çš‡å­	æ³¢çš‡å­
395	ã‚¨ãƒ³ãƒšãƒ«ãƒˆ	Empoleon	Impoleon	Pingoleon	ì— í˜ë¥´íŠ¸	å¸ç‹æ‹¿æ³¢	å¸ç‹æ‹¿æ³¢
396	ãƒ ãƒƒã‚¯ãƒ«	Starly	Staralili	Etourmi	ì°Œë¥´ê¼¬	å§†å…‹å„¿	å§†å…‹å…’
397	ãƒ ã‚¯ãƒãƒ¼ãƒ‰	Staravia	Staravia	Etourvol	ì°Œë¥´ë²„ë“œ	å§†å…‹é¸Ÿ	å§†å…‹é³¥
398	ãƒ ã‚¯ãƒ›ãƒ¼ã‚¯	Staraptor	Staraptor	Etouraptor	ì°Œë¥´í˜¸í¬	å§†å…‹é¹°	å§†å…‹é·¹
399	ãƒ“ãƒƒãƒ‘	Bidoof	Bidiza	Keunotor	ë¹„ë²„ë‹ˆ	å¤§ç‰™ç‹¸	å¤§ç‰™ç‹¸
400	ãƒ“ãƒ¼ãƒ€ãƒ«	Bibarel	Bidifas	Castorno	ë¹„ë²„í†µ	å¤§å°¾ç‹¸	å¤§å°¾ç‹¸
401	ã‚³ãƒ­ãƒœãƒ¼ã‚·	Kricketot	Zirpurze	Crikzik	ê·€ëš¤ëšœê¸°	åœ†æ³•å¸ˆ	åœ“æ³•å¸«
402	ã‚³ãƒ­ãƒˆãƒƒã‚¯	Kricketune	Zirpeise	Melokrik	ê·€ëš¤í†¡í¬	éŸ³ç®±èŸ€	éŸ³ç®±èŸ€
403	ã‚³ãƒªãƒ³ã‚¯	Shinx	Sheinux	Lixy	ê¼¬ë§í¬	å°çŒ«æ€ª	å°è²“æ€ª
404	ãƒ«ã‚¯ã‚·ã‚ª	Luxio	Luxio	Luxio	ëŸ­ì‹œì˜¤	å‹’å…‹çŒ«	å‹’å…‹è²“
405	ãƒ¬ãƒ³ãƒˆãƒ©ãƒ¼	Luxray	Luxtra	Luxray	ë ŒíŠ¸ë¼	ä¼¦ç´çŒ«	å€«ç´è²“
406	ã‚¹ãƒœãƒŸãƒ¼	Budew	Knospi	Rozbouton	ê¼¬ëª½ìš¸	å«ç¾è‹	å«ç¾è‹
407	ãƒ­ã‚ºãƒ¬ã‚¤ãƒ‰	Roserade	Roserade	Roserade	ë¡œì¦ˆë ˆì´ë“œ	ç½—ä¸é›·æœµ	ç¾…çµ²é›·æœµ
408	ã‚ºã‚¬ã‚¤ãƒ‰ã‚¹	Cranidos	Koknodon	Kranidos	ë‘ê°œë„ìŠ¤	å¤´ç›–é¾™	é ­è“‹é¾
409	ãƒ©ãƒ ãƒ‘ãƒ«ãƒ‰	Rampardos	Rameidon	Charkos	ë¨í„ë“œ	æˆ˜æ§Œé¾™	æˆ°æ§Œé¾
410	ã‚¿ãƒ†ãƒˆãƒ—ã‚¹	Shieldon	Schilterus	Dinoclier	ë°©íŒ¨í†±ìŠ¤	ç›¾ç”²é¾™	ç›¾ç”²é¾
411	ãƒˆãƒªãƒ‡ãƒ—ã‚¹	Bastiodon	Bollterus	Bastiodon	ë°”ë¦¬í†±ìŠ¤	æŠ¤åŸé¾™	è­·åŸé¾
412	ãƒŸãƒãƒ ãƒƒãƒ	Burmy	Burmy	Cheniti	ë„ë¡±ì¶©ì´	ç»“è‰å„¿	çµè‰å…’
413	ãƒŸãƒãƒãƒ€ãƒ 	Wormadam	Burmadame	Cheniselle	ë„ë¡±ë§ˆë‹´	ç»“è‰è´µå¦‡	çµè‰è²´å©¦
414	ã‚¬ãƒ¼ãƒ¡ã‚¤ãƒ«	Mothim	Moterpel	Papilord	ë‚˜ë©”ì¼	ç»…å£«è›¾	ç´³å£«è›¾
415	ãƒŸãƒ„ãƒãƒ‹ãƒ¼	Combee	Wadribie	Apitrini	ì„¸ê¿€ë²„ë¦¬	ä¸‰èœœèœ‚	ä¸‰èœœèœ‚
416	ãƒ“ãƒ¼ã‚¯ã‚¤ãƒ³	Vespiquen	Honweisel	Apireine	ë¹„í€¸	èœ‚å¥³ç‹	èœ‚å¥³ç‹
417	ãƒ‘ãƒãƒªã‚¹	Pachirisu	Pachirisu	Pachirisu	íŒŒì¹˜ë¦¬ìŠ¤	å¸•å¥‡åˆ©å…¹	å¸•å¥‡åˆ©èŒ²
418	ãƒ–ã‚¤ã‚¼ãƒ«	Buizel	Bamelin	Mustebouee	ë¸Œì´ì ¤	æ³³åœˆé¼¬	æ³³åœˆé¼¬
419	ãƒ•ãƒ­ãƒ¼ã‚¼ãƒ«	Floatzel	Bojelin	Musteflott	í”Œë¡œì ¤	æµ®æ½œé¼¬	æµ®æ½›é¼¬
420	ãƒã‚§ãƒªãƒ³ãƒœ	Cherubi	Kikugi	Ceribou	ì²´ë¦¬ë²„	æ¨±èŠ±å®	æ«»èŠ±å¯¶
421	ãƒã‚§ãƒªãƒ 	Cherrim	Kinoso	Ceriflor	ì²´ë¦¬ê¼¬	æ¨±èŠ±å„¿	æ«»èŠ±å…’
422	ã‚«ãƒ©ãƒŠã‚¯ã‚·	Shellos	Schalellos	Sancoki	ê¹ì§ˆë¬´	æ— å£³æµ·å…”	ç„¡æ®¼æµ·å…”
423	ãƒˆãƒªãƒˆãƒ‰ãƒ³	Gastrodon	Gastrodon	Tritosor	íŠ¸ë¦¬í† ëˆ	æµ·å…”å…½	æµ·å…”ç¸
424	ã‚¨ãƒ†ãƒœãƒ¼ã‚¹	Ambipom	Ambidiffel	Capidextre	ê²Ÿí•¸ë³´ìˆ­	åŒå°¾æ€ªæ‰‹	é›™å°¾æ€ªæ‰‹
425	ãƒ•ãƒ¯ãƒ³ãƒ†	Drifloon	Driftlon	Baudrive	í”ë“¤í’ì†	é£˜é£˜çƒ	é£„é£„çƒ
426	ãƒ•ãƒ¯ãƒ©ã‚¤ãƒ‰	Drifblim	Drifzepeli	Grodrive	ë‘¥ì‹¤ë¼ì´ë“œ	éšé£çƒ	éš¨é¢¨çƒ
427	ãƒŸãƒŸãƒ­ãƒ«	Buneary	Haspiror	Laporeille	ì´ì–´ë¡¤	å·å·è€³	æ²æ²è€³
428	ãƒŸãƒŸãƒ­ãƒƒãƒ—	Lopunny	Schlapor	Lockpin	ì´ì–´ë¡­	é•¿è€³å…”	é•·è€³å…”
429	ãƒ ã‚¦ãƒãƒ¼ã‚¸	Mismagius	Traunmagil	Magireve	ë¬´ìš°ë§ˆì§	æ¢¦å¦–é­”	å¤¢å¦–é­”
430	ãƒ‰ãƒ³ã‚«ãƒ©ã‚¹	Honchkrow	Kramshef	Corboss	ëˆí¬ë¡œìš°	ä¹Œé¸¦å¤´å¤´	çƒé´‰é ­é ­
431	ãƒ‹ãƒ£ãƒ«ãƒãƒ¼	Glameow	Charmian	Chaglam	ë‚˜ì˜¹ë§ˆ	é­…åŠ›å–µ	é­…åŠ›å–µ
432	ãƒ–ãƒ‹ãƒ£ãƒƒãƒˆ	Purugly	Shnurgarst	Chaffreux	ëª¬ëƒ¥ì´	ä¸œæ–½å–µ	æ±æ–½å–µ
433	ãƒªãƒ¼ã‚·ãƒ£ãƒ³	Chingling	Klingplim	Korillon	ë‘ë”¸ë‘	é“ƒé“›å“	éˆ´éºéŸ¿
434	ã‚¹ã‚«ãƒ³ãƒ—ãƒ¼	Stunky	Skunkapuh	Moufouette	ìŠ¤ì»¹ë¿¡	è‡­é¼¬å™—	è‡­é¼¬å™—
435	ã‚¹ã‚«ã‚¿ãƒ³ã‚¯	Skuntank	Skuntank	Moufflair	ìŠ¤ì»¹íƒ±í¬	å¦å…‹è‡­é¼¬	å¦å…‹è‡­é¼¬
436	ãƒ‰ãƒ¼ãƒŸãƒ©ãƒ¼	Bronzor	Bronzel	Archeomire	ë™ë¯¸ëŸ¬	é“œé•œæ€ª	éŠ…é¡æ€ª
437	ãƒ‰ãƒ¼ã‚¿ã‚¯ãƒ³	Bronzong	Bronzong	Archeodong	ë™íƒêµ°	é’é“œé’Ÿ	é’éŠ…é˜
438	ã‚¦ã‚½ãƒãƒ	Bonsly	Mobai	Manzai	ê¼¬ì§€ì§€	ç›†æ‰æ€ª	ç›†æ‰æ€ª
439	ãƒãƒãƒ	Mime Jr.	Pantimimi	Mime Jr	í‰ë‚´ë‚´	é­”å°¼å°¼	é­”å°¼å°¼
440	ãƒ”ãƒ³ãƒ—ã‚¯	Happiny	Wonneira	Ptiravi	í•‘ë³µ	å°ç¦è›‹	å°ç¦è›‹
441	ãƒšãƒ©ãƒƒãƒ—	Chatot	Plaudagei	Pijako	í˜ë¼í˜	è’å™ªé¸Ÿ	è’å™ªé³¥
442	ãƒŸã‚«ãƒ«ã‚²	Spiritomb	Kryppuk	Spiritomb	í™”ê°•ëŒ	èŠ±å²©æ€ª	èŠ±å²©æ€ª
443	ãƒ•ã‚«ãƒãƒ«	Gible	Kaumalat	Griknot	ë”¥ìƒì–´ë™	åœ†é™†é²¨	åœ“é™¸é¯Š
444	ã‚¬ãƒã‚¤ãƒˆ	Gabite	Knarksel	Carmache	í•œë°”ì´íŠ¸	å°–ç‰™é™†é²¨	å°–ç‰™é™¸é¯Š
445	ã‚¬ãƒ–ãƒªã‚¢ã‚¹	Garchomp	Knakrack	Carchacrok	í•œì¹´ë¦¬ì•„ìŠ¤	çƒˆå’¬é™†é²¨	çƒˆå’¬é™¸é¯Š
446	ã‚´ãƒ³ãƒ™	Munchlax	Mampfaxo	Goinfrex	ë¨¹ê³ ì	å°å¡æ¯”å…½	å°å¡æ¯”ç¸
447	ãƒªã‚ªãƒ«	Riolu	Riolu	Riolu	ë¦¬ì˜¤ë¥´	åˆ©æ¬§è·¯	åˆ©æ­è·¯
448	ãƒ«ã‚«ãƒªã‚ª	Lucario	Lucario	Lucario	ë£¨ì¹´ë¦¬ì˜¤	è·¯å¡åˆ©æ¬§	è·¯å¡åˆ©æ­
449	ãƒ’ãƒãƒã‚¿ã‚¹	Hippopotas	Hippopotas	Hippopotas	íˆí¬í¬íƒ€ìŠ¤	æ²™æ²³é©¬	æ²™æ²³é¦¬
450	ã‚«ãƒãƒ«ãƒ‰ãƒ³	Hippowdon	Hippoterus	Hippodocus	í•˜ë§ˆëˆ	æ²³é©¬å…½	æ²³é¦¬ç¸
451	ã‚¹ã‚³ãƒ«ãƒ”	Skorupi	Pionskora	Rapion	ìŠ¤ì½œí”¼	é’³å°¾è	é‰—å°¾è 
452	ãƒ‰ãƒ©ãƒ”ã‚ªãƒ³	Drapion	Piondragi	Drascore	ë“œë˜í”¼ì˜¨	é¾™ç‹è	é¾ç‹è 
453	ã‚°ãƒ¬ãƒƒã‚°ãƒ«	Croagunk	Glibunkel	Cradopaud	ì‚ë”±êµ¬ë¦¬	ä¸è‰¯è›™	ä¸è‰¯è›™
454	ãƒ‰ã‚¯ãƒ­ãƒƒã‚°	Toxicroak	Toxiquak	Coatox	ë…ê°œêµ´	æ¯’éª·è›™	æ¯’éª·è›™
455	ãƒã‚¹ã‚­ãƒƒãƒ‘	Carnivine	Venuflibis	Vortente	ë¬´ìŠ¤í‹ˆë‹ˆ	å°–ç‰™ç¬¼	å°–ç‰™ç± 
456	ã‚±ã‚¤ã‚³ã‚¦ã‚ª	Finneon	Finneon	Ecayon	í˜•ê´‘ì–´	è§å…‰é±¼	è¢å…‰é­š
457	ãƒã‚ªãƒ©ãƒ³ãƒˆ	Lumineon	Lumineon	Lumineon	ë„¤ì˜¤ë¼ì´íŠ¸	éœ“è™¹é±¼	éœ“è™¹é­š
458	ã‚¿ãƒãƒ³ã‚¿	Mantyke	Mantirps	Babimanta	íƒ€ë§Œíƒ€	å°çƒé£é±¼	å°çƒé£›é­š
459	ãƒ¦ã‚­ã‚«ãƒ–ãƒª	Snover	Shnebedeck	Blizzi	ëˆˆì“°ê°œ	é›ªç¬ æ€ª	é›ªç¬ æ€ª
460	ãƒ¦ã‚­ãƒã‚ªãƒ¼	Abomasnow	Rexblisar	Blizzaroi	ëˆˆì„¤ì™•	æš´é›ªç‹	æš´é›ªç‹
461	ãƒãƒ‹ãƒ¥ãƒ¼ãƒ©	Weavile	Snibunna	Dimoret	í¬í‘¸ë‹ˆë¼	ç›ç‹ƒæ‹‰	ç‘ªç‹ƒæ‹‰
462	ã‚¸ãƒã‚³ã‚¤ãƒ«	Magnezone	Magnezone	Magnezone	ìí¬ì½”ì¼	è‡ªçˆ†ç£æ€ª	è‡ªçˆ†ç£æ€ª
463	ãƒ™ãƒ­ãƒ™ãƒ«ãƒˆ	Lickilicky	Schlurplek	Coudlangue	ë‚´ë£¸ë²¨íŠ¸	å¤§èˆŒèˆ”	å¤§èˆŒèˆ”
464	ãƒ‰ã‚µã‚¤ãƒ‰ãƒ³	Rhyperior	Rihornior	Rhinastoc	ê±°ëŒ€ì½”ë¿Œë¦¬	è¶…ç”²ç‹‚çŠ€	è¶…ç”²ç‹‚çŠ€
465	ãƒ¢ã‚¸ãƒ£ãƒ³ãƒœ	Tangrowth	Tangoloss	Bouldeneu	ë©ì¿ ë¦¼ë³´	å·¨è”“è—¤	å·¨è”“è—¤
466	ã‚¨ãƒ¬ã‚­ãƒ–ãƒ«	Electivire	Elevoltek	Elekable	ì—ë ˆí‚¤ë¸”	ç”µå‡»é­”å…½	é›»æ“Šé­”ç¸
467	ãƒ–ãƒ¼ãƒãƒ¼ãƒ³	Magmortar	Magbrant	Maganon	ë§ˆê·¸ë§ˆë²ˆ	é¸­å˜´ç‚å…½	é´¨å˜´ç‚ç¸
468	ãƒˆã‚²ã‚­ãƒƒã‚¹	Togekiss	Togekiss	Togekiss	í† ê²Œí‚¤ìŠ¤	æ³¢å…‹åŸºæ–¯	æ³¢å…‹åŸºæ–¯
469	ãƒ¡ã‚¬ãƒ¤ãƒ³ãƒ	Yanmega	Yanmega	Yanmega	ë©”ê°€ìë¦¬	è¿œå¤å·¨èœ“	é å¤å·¨èœ“
470	ãƒªãƒ¼ãƒ•ã‚£ã‚¢	Leafeon	Folipurba	Phyllali	ë¦¬í”¼ì•„	å¶ä¼Šå¸ƒ	è‘‰ä¼Šå¸ƒ
471	ã‚°ãƒ¬ã‚¤ã‚·ã‚¢	Glaceon	Glaziola	Givrali	ê¸€ë ˆì´ì‹œì•„	å†°ä¼Šå¸ƒ	å†°ä¼Šå¸ƒ
472	ã‚°ãƒ©ã‚¤ã‚ªãƒ³	Gliscor	Skorgro	Scorvol	ê¸€ë¼ì´ì˜¨	å¤©èç‹	å¤©è ç‹
473	ãƒãƒ³ãƒ ãƒ¼	Mamoswine	Mamutel	Mammochon	ë§˜ëª¨ê¾¸ë¦¬	è±¡ç‰™çŒª	è±¡ç‰™è±¬
474	ãƒãƒªã‚´ãƒ³Z	Porygon-Z	Porygon-Z	Porygon-Z	í´ë¦¬ê³¤Z	å¤šè¾¹å…½ï¼º	å¤šé‚Šç¸ï¼º
475	ã‚¨ãƒ«ãƒ¬ã‚¤ãƒ‰	Gallade	Galagladi	Gallame	ì—˜ë ˆì´ë“œ	è‰¾è·¯é›·æœµ	è‰¾è·¯é›·æœµ
476	ãƒ€ã‚¤ãƒãƒ¼ã‚º	Probopass	Voluminas	Tarinorme	ëŒ€ì½”íŒŒìŠ¤	å¤§æœåŒ—é¼»	å¤§æœåŒ—é¼»
477	ãƒ¨ãƒãƒ¯ãƒ¼ãƒ«	Dusknoir	Zwirrfinst	Noctunoir	ì•¼ëŠì™€ë¥´ëª½	é»‘å¤œé­”çµ	é»‘å¤œé­”éˆ
478	ãƒ¦ã‚­ãƒ¡ãƒã‚³	Froslass	Frosdedje	Momartik	ëˆˆì—¬ì•„	é›ªå¦–å¥³	é›ªå¦–å¥³
479	ãƒ­ãƒˆãƒ 	Rotom	Rotom	Motisma	ë¡œí† ë¬´	æ´›æ‰˜å§†	æ´›æ‰˜å§†
480	ãƒ¦ã‚¯ã‚·ãƒ¼	Uxie	Selfe	Crehelf	ìœ í¬ì‹œ	ç”±å…‹å¸Œ	ç”±å…‹å¸Œ
481	ã‚¨ãƒ ãƒªãƒƒãƒˆ	Mesprit	Vesprit	Crefollet	ì— ë¼ì´íŠ¸	è‰¾å§†åˆ©å¤š	è‰¾å§†åˆ©å¤š
482	ã‚¢ã‚°ãƒãƒ 	Azelf	Tobutz	Crefadet	ì•„ê·¸ë†ˆ	äºšå…‹è¯ºå§†	äºå…‹è«¾å§†
483	ãƒ‡ã‚£ã‚¢ãƒ«ã‚¬	Dialga	Dialga	Dialga	ë””ì•„ë£¨ê°€	å¸ç‰™å¢å¡	å¸ç‰™ç›§å¡
484	ãƒ‘ãƒ«ã‚­ã‚¢	Palkia	Palkia	Palkia	í„ê¸°ì•„	å¸•è·¯å¥‡äºš	å¸•è·¯å¥‡äº
485	ãƒ’ãƒ¼ãƒ‰ãƒ©ãƒ³	Heatran	Heatran	Heatran	íˆë“œëŸ°	å¸­å¤šè“æ©	å¸­å¤šè—æ©
486	ãƒ¬ã‚¸ã‚®ã‚¬ã‚¹	Regigigas	Regigigas	Regigigas	ë ˆì§€ê¸°ê°€ìŠ¤	é›·å‰å¥‡å¡æ–¯	é›·å‰å¥‡å¡æ–¯
487	ã‚®ãƒ©ãƒ†ã‚£ãƒŠ	Giratina	Giratina	Giratina	ê¸°ë¼í‹°ë‚˜	éª‘æ‹‰å¸çº³	é¨æ‹‰å¸ç´
488	ã‚¯ãƒ¬ã‚»ãƒªã‚¢	Cresselia	Cresselia	Cresselia	í¬ë ˆì„¸ë¦¬ì•„	å…‹é›·è‰²åˆ©äºš	å…‹é›·è‰²åˆ©äº
489	ãƒ•ã‚£ã‚ªãƒ	Phione	Phione	Phione	í”¼ì˜¤ë„¤	éœæ¬§çº³	éœæ­ç´
490	ãƒãƒŠãƒ•ã‚£	Manaphy	Manaphy	Manaphy	ë§ˆë‚˜í”¼	ç›çº³éœ	ç‘ªç´éœ
491	ãƒ€ãƒ¼ã‚¯ãƒ©ã‚¤	Darkrai	Darkrai	Darkrai	ë‹¤í¬ë¼ì´	è¾¾å…‹è±ä¼Š	é”å…‹èŠä¼Š
492	ã‚·ã‚§ã‚¤ãƒŸ	Shaymin	Shaymin	Shaymin	ì‰ì´ë¯¸	è°¢ç±³	è¬ç±³
493	ã‚¢ãƒ«ã‚»ã‚¦ã‚¹	Arceus	Arceus	Arceus	ì•„ë¥´ì„¸ìš°ìŠ¤	é˜¿å°”å®™æ–¯	é˜¿çˆ¾å®™æ–¯
494	ãƒ“ã‚¯ãƒ†ã‚£ãƒ‹	Victini	Victini	Victini	ë¹„í¬í‹°ë‹ˆ	æ¯”å…‹æå°¼	æ¯”å…‹æå°¼
495	ãƒ„ã‚¿ãƒ¼ã‚¸ãƒ£	Snivy	Serpifeu	VipÃ©lierre	ì£¼ë¦¬ë¹„ì–€	è—¤è—¤è›‡	è—¤è—¤è›‡
496	ã‚¸ãƒ£ãƒãƒ“ãƒ¼	Servine	Efoserp	Lianaja	ìƒ¤ë¹„	é’è—¤è›‡	é’è—¤è›‡
497	ã‚¸ãƒ£ãƒ­ãƒ¼ãƒ€	Serperior	Serpiroyal	Majaspic	ìƒ¤ë¡œë‹¤	å›ä¸»è›‡	å›ä¸»è›‡
498	ãƒã‚«ãƒ–	Tepig	Floink	Gruikui	ëšœê¾¸ë¦¬	æš–æš–çŒª	æš–æš–è±¬
499	ãƒãƒ£ã‚ªãƒ–ãƒ¼	Pignite	Ferkokel	Grotichon	ì± ì˜¤ê¿€	ç‚’ç‚’çŒª	ç‚’ç‚’è±¬
500	ã‚¨ãƒ³ãƒ–ã‚ªãƒ¼	Emboar	Flambirex	Roitiflam	ì—¼ë¬´ì™•	ç‚æ­¦ç‹	ç‚æ­¦ç‹
501	ãƒŸã‚¸ãƒ¥ãƒãƒ«	Oshawott	Ottaro	Moustillon	ìˆ˜ëŒ•ì´	æ°´æ°´ç­	æ°´æ°´çº
502	ãƒ•ã‚¿ãƒãƒãƒ«	Dewott	Zwottronin	Mateloutre	ìŒê²€ìë¹„	åŒåˆƒä¸¸	é›™åˆƒä¸¸
503	ãƒ€ã‚¤ã‚±ãƒ³ã‚­	Samurott	Admurai	Clamiral	ëŒ€ê²€ê·€	å¤§å‰‘é¬¼	å¤§åŠé¬¼
504	ãƒŸãƒã‚ºãƒŸ	Patrat	Nagelotz	Ratentif	ë³´ë¥´ì¥	æ¢æ¢é¼ 	æ¢æ¢é¼ 
505	ãƒŸãƒ«ãƒ›ãƒƒã‚°	Watchog	Kukmarda	Miradar	ë³´ë¥´ê·¸	æ­¥å“¨é¼ 	æ­¥å“¨é¼ 
506	ãƒ¨ãƒ¼ãƒ†ãƒªãƒ¼	Lillipup	Yorkleff	Ponchiot	ìš”í…Œë¦¬	å°çº¦å…‹	å°ç´„å…‹
507	ãƒãƒ¼ãƒ‡ãƒªã‚¢	Herdier	Terribark	Ponchien	í•˜ë°ë¦¬ì–´	å“ˆçº¦å…‹	å“ˆç´„å…‹
508	ãƒ ãƒ¼ãƒ©ãƒ³ãƒ‰	Stoutland	Bissbark	Mastouffe	ë°”ëœë“œ	é•¿æ¯›ç‹—	é•·æ¯›ç‹—
509	ãƒãƒ§ãƒ­ãƒã‚³	Purrloin	Felilou	Chacripan	ìŒ”ë¹„ëƒ¥	æ‰’æ‰‹çŒ«	æ‰’æ‰‹è²“
510	ãƒ¬ãƒ‘ãƒ«ãƒ€ã‚¹	Liepard	Kleoparda	LÃ©opardas	ë ˆíŒŒë¥´ë‹¤ìŠ¤	é…·è±¹	é…·è±¹
511	ãƒ¤ãƒŠãƒƒãƒ—	Pansage	Vegimak	Feuillajou	ì•¼ë‚˜í”„	èŠ±æ¤°çŒ´	èŠ±æ¤°çŒ´
512	ãƒ¤ãƒŠãƒƒã‚­ãƒ¼	Simisage	Vegichita	Feuiloutan	ì•¼ë‚˜í‚¤	èŠ±æ¤°çŒ¿	èŠ±æ¤°çŒ¿
513	ãƒã‚ªãƒƒãƒ—	Pansear	Grillmak	Flamajou	ë°”ì˜¤í”„	çˆ†é¦™çŒ´	çˆ†é¦™çŒ´
514	ãƒã‚ªãƒƒã‚­ãƒ¼	Simisear	Grillchita	Flamoutan	ë°”ì˜¤í‚¤	çˆ†é¦™çŒ¿	çˆ†é¦™çŒ¿
515	ãƒ’ãƒ¤ãƒƒãƒ—	Panpour	Sodamak	Flotajou	ì•—ì°¨í”„	å†·æ°´çŒ´	å†·æ°´çŒ´
516	ãƒ’ãƒ¤ãƒƒã‚­ãƒ¼	Simipour	Sodachita	Flotoutan	ì•—ì°¨í‚¤	å†·æ°´çŒ¿	å†·æ°´çŒ¿
517	ãƒ ãƒ³ãƒŠ	Munna	Somniam	Munna	ëª½ë‚˜	é£Ÿæ¢¦æ¢¦	é£Ÿå¤¢å¤¢
518	ãƒ ã‚·ãƒ£ãƒ¼ãƒŠ	Musharna	Somnivora	Mushana	ëª½ì–Œë‚˜	æ¢¦æ¢¦èš€	å¤¢å¤¢è•
519	ãƒãƒ¡ãƒ‘ãƒˆ	Pidove	Dusselgurr	Poichigeon	ì½©ë‘˜ê¸°	è±†è±†é¸½	è±†è±†é´¿
520	ãƒãƒˆãƒ¼ãƒœãƒ¼	Tranquill	Navitaub	Colombeau	ìœ í† ë¸Œ	å’•å’•é¸½	å’•å’•é´¿
521	ã‚±ãƒ³ãƒ›ãƒ­ã‚¦	Unfezant	Fasasnob	DÃ©flaisan	ì¼„í˜¸ë¡œìš°	é«˜å‚²é›‰é¸¡	é«˜å‚²é›‰é›
522	ã‚·ãƒãƒ	Blitzle	Elezeba	ZÃ©bribon	ì¤„ë®¤ë§ˆ	æ–‘æ–‘é©¬	æ–‘æ–‘é¦¬
523	ã‚¼ãƒ–ãƒ©ã‚¤ã‚«	Zebstrika	Zebritz	ZÃ©blitz	ì œë¸Œë¼ì´ì¹´	é›·ç”µæ–‘é©¬	é›·é›»æ–‘é¦¬
524	ãƒ€ãƒ³ã‚´ãƒ­	Roggenrola	Kiesling	Nodulithe	ë‹¨êµ´	çŸ³ä¸¸å­	çŸ³ä¸¸å­
525	ã‚¬ãƒ³ãƒˆãƒ«	Boldore	Sedimantur	GÃ©olithe	ì•”íŠ¸ë¥´	åœ°å¹”å²©	åœ°å¹”å²©
526	ã‚®ã‚¬ã‚¤ã‚¢ã‚¹	Gigalith	Brockoloss	Gigalithe	ê¸°ê°€ì´ì–´ìŠ¤	åºå²©æ€ª	é¾å²©æ€ª
527	ã‚³ãƒ­ãƒ¢ãƒª	Woobat	Fleknoil	Chovsourir	ë˜ë¥´ë°•ì¥	æ»šæ»šè™è 	æ»¾æ»¾è™è 
528	ã‚³ã‚³ãƒ­ãƒ¢ãƒª	Swoobat	Fletiamo	Rhinolove	ë§˜ë°•ì¥	å¿ƒè™è 	å¿ƒè™è 
529	ãƒ¢ã‚°ãƒªãƒ¥ãƒ¼	Drilbur	Rotomurf	Rototaupe	ë‘ë”ë¥˜	èºé’‰åœ°é¼ 	èºé‡˜åœ°é¼ 
530	ãƒ‰ãƒªãƒ¥ã‚¦ã‚º	Excadrill	Stalobor	Minotaupe	ëª°ë“œë¥˜	é¾™å¤´åœ°é¼ 	é¾é ­åœ°é¼ 
531	ã‚¿ãƒ–ãƒ³ãƒ	Audino	Ohrdoch	NanmÃ©ouÃ¯e	ë‹¤ë¶€ë‹ˆ	å·®ä¸å¤šå¨ƒå¨ƒ	å·®ä¸å¤šå¨ƒå¨ƒ
532	ãƒ‰ãƒƒã‚³ãƒ©ãƒ¼	Timburr	Praktibalk	Charpenti	ìœ¼ëì°¨	æ¬è¿å°åŒ 	æ¬é‹å°åŒ 
533	ãƒ‰ãƒ†ãƒƒã‚³ãƒ„	Gurdurr	Strepoli	Ouvrifier	í† ì‡ ê³¨	é“éª¨åœŸäºº	éµéª¨åœŸäºº
534	ãƒ­ãƒ¼ãƒ–ã‚·ãƒ³	Conkeldurr	Meistagrif	BÃ©tochef	ë…¸ë³´ì²­	ä¿®å»ºè€åŒ 	ä¿®å»ºè€åŒ 
535	ã‚ªã‚¿ãƒãƒ­	Tympole	Schallquap	Tritonde	ë™ì±™ì´	åœ†èŒèšª	åœ“èŒèšª
536	ã‚¬ãƒã‚¬ãƒ«	Palpitoad	Mebrana	BatracnÃ©	ë‘ê¹Œë¹„	è“èŸ¾èœ	è—èŸ¾èœ
537	ã‚¬ãƒã‚²ãƒ­ã‚²	Seismitoad	Branawarz	Crapustule	ë‘ë¹…êµ´	èŸ¾èœç‹	èŸ¾èœç‹
538	ãƒŠã‚²ã‚­	Throh	Jiutesto	Judokrak	ë˜ì§€ë¯¸	æŠ•æ‘”é¬¼	æŠ•æ‘”é¬¼
539	ãƒ€ã‚²ã‚­	Sawk	Karadonis	KaraclÃ©e	íƒ€ê²©ê·€	æ‰“å‡»é¬¼	æ‰“æ“Šé¬¼
540	ã‚¯ãƒ«ãƒŸãƒ«	Sewaddle	Strawickl	Larveyette	ë‘ë¥´ë³´	è™«å®åŒ…	èŸ²å¯¶åŒ…
541	ã‚¯ãƒ«ãƒãƒ¦	Swadloon	Folikon	Couverdure	ë‘ë¥´ì¿¤	å®åŒ…èŒ§	å¯¶åŒ…ç¹­
542	ãƒãƒã‚³ãƒ¢ãƒª	Leavanny	Matrifol	Manternel	ëª¨ì•„ë¨¸	ä¿å§†è™«	ä¿æ¯èŸ²
543	ãƒ•ã‚·ãƒ‡	Venipede	Toxiped	Venipatte	ë§ˆë””ë„¤	ç™¾è¶³èœˆèš£	ç™¾è¶³èœˆèš£
544	ãƒ›ã‚¤ãƒ¼ã‚¬	Whirlipede	Rollum	Scobolide	íœ êµ¬	è½¦è½®çƒ	è»Šè¼ªæ¯¬
545	ãƒšãƒ³ãƒ‰ãƒ©ãƒ¼	Scolipede	Cerapendra	Brutapode	íœë“œë¼	èœˆèš£ç‹	èœˆèš£ç‹
546	ãƒ¢ãƒ³ãƒ¡ãƒ³	Cottonee	Waumboll	Doudouvet	ì†Œë¯¸ì•ˆ	æœ¨æ£‰çƒ	æœ¨æ£‰çƒ
547	ã‚¨ãƒ«ãƒ•ãƒ¼ãƒ³	Whimsicott	Elfun	Farfaduvet	ì—˜í’	é£å¦–ç²¾	é¢¨å¦–ç²¾
548	ãƒãƒ¥ãƒªãƒ	Petilil	Lilminip	Chlorobule	ì¹˜ë¦´ë¦¬	ç™¾åˆæ ¹å¨ƒå¨ƒ	ç™¾åˆæ ¹å¨ƒå¨ƒ
549	ãƒ‰ãƒ¬ãƒ‡ã‚£ã‚¢	Lilligant	Dressella	Fragilady	ë“œë ˆë””ì–´	è£™å„¿å°å§	è£™å…’å°å§
550	ãƒã‚¹ãƒ©ã‚ª	Basculin	Barschuft	Bargantua	ë°°ì“°ë‚˜ì´	é‡è›®é²ˆé±¼	é‡è »é±¸é­š
551	ãƒ¡ã‚°ãƒ­ã‚³	Sandile	Ganovil	MascaÃ¯man	ê¹œëˆˆí¬	é»‘çœ¼é³„	é»‘çœ¼é±·
552	ãƒ¯ãƒ«ãƒ“ãƒ«	Krokorok	Rokkaiman	Escroco	ì•…ë¹„ë¥´	æ··æ··é³„	æ··æ··é±·
553	ãƒ¯ãƒ«ãƒ“ã‚¢ãƒ«	Krookodile	Rabigator	Crocorible	ì•…ë¹„ì•„ë¥´	æµæ°“é³„	æµæ°“é±·
554	ãƒ€ãƒ«ãƒãƒƒã‚«	Darumaka	Flampion	Darumarond	ë‹¬ë§‰í™”	ç«çº¢ä¸å€’ç¿	ç«ç´…ä¸å€’ç¿
555	ãƒ’ãƒ’ãƒ€ãƒ«ãƒ	Darmanitan	Flampivian	Darumacho	ë¶ˆë¹„ë‹¬ë§ˆ	è¾¾æ‘©ç‹’ç‹’	é”æ‘©ç‹’ç‹’
556	ãƒãƒ©ã‚«ãƒƒãƒ	Maractus	Maracamba	Maracachi	ë§ˆë¼ì¹´ì¹˜	æ²™é“ƒä»™äººæŒ	æ²™éˆ´ä»™äººæŒ
557	ã‚¤ã‚·ã‚ºãƒã‚¤	Dwebble	Lithomith	Crabicoque	ëŒì‚´ì´	çŸ³å±…èŸ¹	çŸ³å±…èŸ¹
558	ã‚¤ãƒ¯ãƒ‘ãƒ¬ã‚¹	Crustle	Castellith	Crabaraque	ì•”íŒ°ë¦¬ìŠ¤	å²©æ®¿å±…èŸ¹	å²©æ®¿å±…èŸ¹
559	ã‚ºãƒ«ãƒƒã‚°	Scraggy	Zurrokex	Baggiguane	ê³¤ìœ¨ë­	æ»‘æ»‘å°å­	æ»‘æ»‘å°å­
560	ã‚ºãƒ«ã‚ºã‚­ãƒ³	Scrafty	Irokex	BaggaÃ¯d	ê³¤ìœ¨ê±°ë‹ˆ	å¤´å·¾æ··æ··	é ­å·¾æ··æ··
561	ã‚·ãƒ³ãƒœãƒ©ãƒ¼	Sigilyph	Symvolara	CryptÃ©ro	ì‹¬ë³´ëŸ¬	è±¡å¾é¸Ÿ	è±¡å¾µé³¥
562	ãƒ‡ã‚¹ãƒã‚¹	Yamask	Makabaja	Tutafeh	ë°ìŠ¤ë§ˆìŠ¤	å“­å“­é¢å…·	å“­å“­é¢å…·
563	ãƒ‡ã‚¹ã‚«ãƒ¼ãƒ³	Cofagrigus	Echnatoll	Tutankafer	ë°ìŠ¤ë‹ˆì¹¸	æ­»ç¥æ£º	æ­»ç¥æ£º
564	ãƒ—ãƒ­ãƒˆãƒ¼ã‚¬	Tirtouga	Galapaflos	Carapagos	í”„ë¡œí† ê°€	åŸç›–æµ·é¾Ÿ	åŸè“‹æµ·é¾œ
565	ã‚¢ãƒã‚´ãƒ¼ãƒ©	Carracosta	Karippas	MÃ©gapagos	ëŠ‘ê³¨ë¼	è‚‹éª¨æµ·é¾Ÿ	è‚‹éª¨æµ·é¾œ
566	ã‚¢ãƒ¼ã‚±ãƒ³	Archen	Flapteryx	ArkÃ©apti	ì•„ì¼„	å§‹ç¥–å°é¸Ÿ	å§‹ç¥–å°é³¥
567	ã‚¢ãƒ¼ã‚±ã‚ªã‚¹	Archeops	Aeropteryx	AÃ©roptÃ©ryx	ì•„ì¼€ì˜¤ìŠ¤	å§‹ç¥–å¤§é¸Ÿ	å§‹ç¥–å¤§é³¥
568	ãƒ¤ãƒ–ã‚¯ãƒ­ãƒ³	Trubbish	UnratÃ¼tox	Miamiasme	ê¹¨ë´‰ì´	ç ´ç ´è¢‹	ç ´ç ´è¢‹
569	ãƒ€ã‚¹ãƒˆãƒ€ã‚¹	Garbodor	Deponitox	Miasmax	ë”ìŠ¤íŠ¸ë‚˜	ç°å°˜å±±	ç°å¡µå±±
570	ã‚¾ãƒ­ã‚¢	Zorua	Zorua	Zorua	ì¡°ë¡œì•„	ç´¢ç½—äºš	ç´¢ç¾…äº
571	ã‚¾ãƒ­ã‚¢ãƒ¼ã‚¯	Zoroark	Zoroark	Zoroark	ì¡°ë¡œì•„í¬	ç´¢ç½—äºšå…‹	ç´¢ç¾…äºå…‹
572	ãƒãƒ©ãƒ¼ãƒŸã‚£	Minccino	Picochilla	Chinchidou	ì¹˜ë¼ë¯¸	æ³¡æ²«æ —é¼ 	æ³¡æ²«æ —é¼ 
573	ãƒãƒ©ãƒãƒ¼ãƒ	Cinccino	Chillabell	Pashmilla	ì¹˜ë¼ì¹˜ë…¸	å¥‡è¯ºæ —é¼ 	å¥‡è«¾æ —é¼ 
574	ã‚´ãƒãƒ 	Gothita	Mollimorba	Scrutella	ê³ ë””íƒ±	å“¥å¾·å®å®	å“¥å¾·å¯¶å¯¶
575	ã‚´ãƒãƒŸãƒ«	Gothorita	Hypnomorba	MesmÃ©rella	ê³ ë””ë³´ë¯¸	å“¥å¾·å°ç«¥	å“¥å¾·å°ç«¥
576	ã‚´ãƒãƒ«ã‚¼ãƒ«	Gothitelle	Morbitesse	SidÃ©rella	ê³ ë””ëª¨ì•„ì ¤	å“¥å¾·å°å§	å“¥å¾·å°å§
577	ãƒ¦ãƒ‹ãƒ©ãƒ³	Solosis	Monozyto	NuclÃ©os	ìœ ë‹ˆë€	å•åµç»†èƒçƒ	å–®åµç´°èƒçƒ
578	ãƒ€ãƒ–ãƒ©ãƒ³	Duosion	Mitodos	MÃ©ios	ë“€ë€	åŒåµç»†èƒçƒ	é›™åµç´°èƒçƒ
579	ãƒ©ãƒ³ã‚¯ãƒ«ã‚¹	Reuniclus	Zytomega	Symbios	ë€ì¿¨ë£¨ìŠ¤	äººé€ ç»†èƒåµ	äººé€ ç´°èƒåµ
580	ã‚³ã‚¢ãƒ«ãƒ’ãƒ¼	Ducklett	Piccolente	Couaneton	ê¼¬ì§€ë³´ë¦¬	é¸­å®å®	é´¨å¯¶å¯¶
581	ã‚¹ãƒ¯ãƒ³ãƒŠ	Swanna	Swaroness	LakmÃ©cygne	ìŠ¤ì™„ë‚˜	èˆå¤©é¹…	èˆå¤©éµ
582	ãƒãƒ‹ãƒ—ãƒƒãƒ	Vanillite	Gelatini	SorbÃ©bÃ©	ë°”ë‹í”„í‹°	è¿·ä½ å†°	è¿·ä½ å†°
583	ãƒãƒ‹ãƒªãƒƒãƒ	Vanillish	Gelatroppo	Sorboul	ë°”ë‹ë¦¬ì¹˜	å¤šå¤šå†°	å¤šå¤šå†°
584	ãƒã‚¤ãƒãƒ‹ãƒ©	Vanilluxe	Gelatwino	Sorbouboul	ë°°ë°”ë‹ë¼	åŒå€å¤šå¤šå†°	é›™å€å¤šå¤šå†°
585	ã‚·ã‚­ã‚¸ã‚«	Deerling	Sesokitz	Vivaldaim	ì‚¬ì² ë¡	å››å­£é¹¿	å››å­£é¹¿
586	ãƒ¡ãƒ–ã‚­ã‚¸ã‚«	Sawsbuck	Kronjuwild	Haydaim	ë°”ë¼ì² ë¡	èŒèŠ½é¹¿	èŒèŠ½é¹¿
587	ã‚¨ãƒ¢ãƒ³ã‚¬	Emolga	Emolga	Emolga	ì—ëª½ê°€	ç”µé£é¼ 	é›»é£›é¼ 
588	ã‚«ãƒ–ãƒ«ãƒ¢	Karrablast	Laukaps	Carabing	ë”±ì •ê³¤	ç›–ç›–è™«	è“‹è“‹èŸ²
589	ã‚·ãƒ¥ãƒãƒ«ã‚´	Escavalier	Cavalanzas	LanÃ§argot	ìŠˆë°”ë¥´ê³ 	éª‘å£«èœ—ç‰›	é¨å£«è¸ç‰›
590	ã‚¿ãƒã‚²ã‚¿ã‚±	Foongus	Tarnpignon	Trompignon	ê¹œë†€ë²„ìŠ¬	å“å‘€çƒè‡	å“å‘€çƒè‡
591	ãƒ¢ãƒ­ãƒãƒ¬ãƒ«	Amoonguss	Hutsassa	Gaulet	ë½€ë¡ë‚˜	è´¥éœ²çƒè‡	æ•—éœ²çƒè‡
592	ãƒ—ãƒ«ãƒªãƒ«	Frillish	Quabbel	Viskuse	íƒ±ê·¸ë¦´	è½»é£˜é£˜	è¼•é£„é£„
593	ãƒ–ãƒ«ãƒ³ã‚²ãƒ«	Jellicent	Apoquallyp	Moyade	íƒ±íƒ±ê²”	èƒ–å˜Ÿå˜Ÿ	èƒ–å˜Ÿå˜Ÿ
594	ãƒãƒãƒ³ãƒœã‚¦	Alomomola	Mamolida	Mamanbo	ë§˜ë³µì¹˜	ä¿å§†æ›¼æ³¢	ä¿æ¯æ›¼æ³¢
595	ãƒãƒãƒ¥ãƒ«	Joltik	Wattzapf	Statitik	í”¼ìª¼ì˜¥	ç”µç”µè™«	é›»é›»èŸ²
596	ãƒ‡ãƒ³ãƒãƒ¥ãƒ©	Galvantula	Voltula	Mygavolt	ì „íˆ´ë¼	ç”µèœ˜è››	é›»èœ˜è››
597	ãƒ†ãƒƒã‚·ãƒ¼ãƒ‰	Ferroseed	Kastadur	Grindur	ì² ì‹œë“œ	ç§å­é“çƒ	ç¨®å­éµçƒ
598	ãƒŠãƒƒãƒˆãƒ¬ã‚¤	Ferrothorn	Tentantel	Noacier	ë„ˆíŠ¸ë ¹	åšæœå“‘é“ƒ	å …æœå•éˆ´
599	ã‚®ã‚¢ãƒ«	Klink	Klikk	Tic	ê¸°ì–´ë¥´	é½¿è½®å„¿	é½’è¼ªå…’
600	ã‚®ã‚®ã‚¢ãƒ«	Klang	Kliklak	Clic	ê¸°ê¸°ì–´ë¥´	é½¿è½®ç»„	é½’è¼ªçµ„
601	ã‚®ã‚®ã‚®ã‚¢ãƒ«	Klinklang	Klikdiklak	Cliticlic	ê¸°ê¸°ê¸°ì–´ë¥´	é½¿è½®æ€ª	é½’è¼ªæ€ª
602	ã‚·ãƒ“ã‚·ãƒ©ã‚¹	Tynamo	Zapplardin	Anchwatt	ì €ë¦¬ì–´	éº»éº»å°é±¼	éº»éº»å°é­š
603	ã‚·ãƒ“ãƒ“ãƒ¼ãƒ«	Eelektrik	Zapplalek	LampÃ©roie	ì €ë¦¬ë¦´	éº»éº»é³—	éº»éº»é°»
604	ã‚·ãƒ“ãƒ«ãƒ‰ãƒ³	Eelektross	Zapplarang	Ohmassacre	ì €ë¦¬ë”í”„	éº»éº»é³—é±¼ç‹	éº»éº»é°»é­šç‹
605	ãƒªã‚°ãƒ¬ãƒ¼	Elgyem	Pygraulon	Lewsor	ë¦¬ê·¸ë ˆ	å°ç°æ€ª	å°ç°æ€ª
606	ã‚ªãƒ¼ãƒ™ãƒ 	Beheeyem	Megalon	Neitram	ë²°í¬	å¤§å®‡æ€ª	å¤§å®‡æ€ª
607	ãƒ’ãƒˆãƒ¢ã‚·	Litwick	Lichtel	FunÃ©cire	ë¶ˆì¼œë¯¸	çƒ›å…‰çµ	ç‡­å…‰éˆ
608	ãƒ©ãƒ³ãƒ—ãƒ©ãƒ¼	Lampent	Laternecto	MÃ©lancolux	ë¨í”„ë¼	ç¯ç«å¹½çµ	ç‡ˆç«å¹½éˆ
609	ã‚·ãƒ£ãƒ³ãƒ‡ãƒ©	Chandelure	Skelabra	Lugulabre	ìƒ¹ë¸ë¼	æ°´æ™¶ç¯ç«çµ	æ°´æ™¶ç‡ˆç«éˆ
610	ã‚­ãƒã‚´	Axew	Milza	Coupenotte	í„°ê²€ë‹ˆ	ç‰™ç‰™	ç‰™ç‰™
611	ã‚ªãƒãƒ³ãƒ‰	Fraxure	Sharfax	Incisache	ì•¡ìŠ¨ë„	æ–§ç‰™é¾™	æ–§ç‰™é¾
612	ã‚ªãƒãƒã‚¯ã‚¹	Haxorus	Maxax	Tranchodon	ì•¡ìŠ¤ë¼ì´ì¦ˆ	åŒæ–§æˆ˜é¾™	é›™æ–§æˆ°é¾
613	ã‚¯ãƒã‚·ãƒ¥ãƒ³	Cubchoo	Petznief	Polarhume	ì½”ê³ ë¯¸	å–·åšç†Š	å™´åšç†Š
614	ãƒ„ãƒ³ãƒ™ã‚¢ãƒ¼	Beartic	Siberio	Polagriffe	íˆ°ë² ì–´	å†»åŸç†Š	å‡åŸç†Š
615	ãƒ•ãƒªãƒ¼ã‚¸ã‚ª	Cryogonal	Frigometri	Hexagel	í”„ë¦¬ì§€ì˜¤	å‡ ä½•é›ªèŠ±	å¹¾ä½•é›ªèŠ±
616	ãƒãƒ§ãƒœãƒã‚­	Shelmet	Schnuthelm	Escargaume	ìª¼ë§ˆë¦¬	å°å˜´èœ—	å°å˜´è¸
617	ã‚¢ã‚®ãƒ«ãƒ€ãƒ¼	Accelgor	Hydragil	Limaspeed	ì–´ì§€ë¦¬ë”	æ•æ·è™«	æ•æ·èŸ²
618	ãƒãƒƒã‚®ãƒ§	Stunfisk	Flunschlik	Limonde	ë©”ë”	æ³¥å·´é±¼	æ³¥å·´é­š
619	ã‚³ã‚¸ãƒ§ãƒ•ãƒ¼	Mienfoo	Lin-Fu	Kungfouine	ë¹„ì¡°í‘¸	åŠŸå¤«é¼¬	åŠŸå¤«é¼¬
620	ã‚³ã‚¸ãƒ§ãƒ³ãƒ‰	Mienshao	Wie-Shu	Shaofouine	ë¹„ì¡°ë„	å¸ˆçˆ¶é¼¬	å¸«çˆ¶é¼¬
621	ã‚¯ãƒªãƒ ã‚¬ãƒ³	Druddigon	Shardrago	Drakkarmin	í¬ë¦¬ë§Œ	èµ¤é¢é¾™	èµ¤é¢é¾
622	ã‚´ãƒ“ãƒƒãƒˆ	Golett	Golbit	Gringolem	ê³¨ë¹„ëŒ	æ³¥å¶å°äºº	æ³¥å¶å°äºº
623	ã‚´ãƒ«ãƒ¼ã‚°	Golurk	Golgantes	Golemastoc	ê³¨ë£¨ê·¸	æ³¥å¶å·¨äºº	æ³¥å¶å·¨äºº
624	ã‚³ãƒã‚¿ãƒŠ	Pawniard	Gladiantri	Scalpion	ìë§ì¹¼	é©¹åˆ€å°å…µ	é§’åˆ€å°å…µ
625	ã‚­ãƒªã‚­ã‚¶ãƒ³	Bisharp	Caesurio	Scalproie	ì ˆê°ì°¸	åŠˆæ–©å¸ä»¤	åŠˆæ–¬å¸ä»¤
626	ãƒãƒƒãƒ•ãƒ­ãƒ³	Bouffalant	Bisofank	Frison	ë²„í”„ë¡ 	çˆ†ç‚¸å¤´æ°´ç‰›	çˆ†ç‚¸é ­æ°´ç‰›
627	ãƒ¯ã‚·ãƒœãƒ³	Rufflet	Geronimatz	Furaiglon	ìˆ˜ë¦¬ë‘¥ë³´	æ¯›å¤´å°é¹°	æ¯›é ­å°é·¹
628	ã‚¦ã‚©ãƒ¼ã‚°ãƒ«	Braviary	Washakwil	Gueriaigle	ì›Œê¸€	å‹‡å£«é›„é¹°	å‹‡å£«é›„é·¹
629	ãƒãƒ«ãƒãƒ£ã‚¤	Vullaby	Skallyk	Vostourno	ë²Œì°¨ì´	ç§ƒé¹°ä¸«å¤´	ç¦¿é·¹ä¸«é ­
630	ãƒãƒ«ã‚¸ãƒ¼ãƒŠ	Mandibuzz	Grypheldis	Vaututrice	ë²„ëœì§€ë‚˜	ç§ƒé¹°å¨œ	ç¦¿é·¹å¨œ
631	ã‚¯ã‚¤ã‚¿ãƒ©ãƒ³	Heatmor	FurnifraÃŸ	Aflamanoir	ì•¤í‹°ê³¨	ç†”èšå…½	ç†”èŸ»ç¸
632	ã‚¢ã‚¤ã‚¢ãƒ³ãƒˆ	Durant	Fermicula	Fermite	ì•„ì´ì•¤íŠ¸	é“èš	éµèŸ»
633	ãƒ¢ãƒã‚º	Deino	Kapuno	Solochi	ëª¨ë…¸ë‘	å•é¦–é¾™	å–®é¦–é¾
634	ã‚¸ãƒ˜ãƒƒãƒ‰	Zweilous	Duodino	Diamat	ë””í—¤ë“œ	åŒé¦–æš´é¾™	é›™é¦–æš´é¾
635	ã‚µã‚¶ãƒ³ãƒ‰ãƒ©	Hydreigon	Trikephalo	Trioxhydre	ì‚¼ì‚¼ë“œë˜	ä¸‰é¦–æ¶é¾™	ä¸‰é¦–æƒ¡é¾
636	ãƒ¡ãƒ©ãƒ«ãƒ	Larvesta	Ignivor	Pyronille	í™œí™”ë¥´ë°”	ç‡ƒçƒ§è™«	ç‡ƒç‡’èŸ²
637	ã‚¦ãƒ«ã‚¬ãƒ¢ã‚¹	Volcarona	Ramoth	Pyrax	ë¶ˆì¹´ëª¨ìŠ¤	ç«ç¥è›¾	ç«ç¥è›¾
638	ã‚³ãƒãƒ«ã‚ªãƒ³	Cobalion	Kobalium	Cobaltium	ì½”ë°”ë¥´ì˜¨	å‹¾å¸•è·¯ç¿	å‹¾å¸•è·¯ç¿
639	ãƒ†ãƒ©ã‚­ã‚ªãƒ³	Terrakion	Terrakium	Terrakium	í…Œë¼í‚¤ì˜¨	ä»£æ‹‰åŸºç¿	ä»£æ‹‰åŸºç¿
640	ãƒ“ãƒªã‚¸ã‚ªãƒ³	Virizion	Viridium	Viridium	ë¹„ë¦¬ë””ì˜¨	æ¯•åŠ›å‰ç¿	ç•¢åŠ›å‰ç¿
641	ãƒˆãƒ«ãƒãƒ­ã‚¹	Tornadus	Boreos	BorÃ©as	í† ë„¤ë¡œìŠ¤	é¾™å·äº‘	é¾æ²é›²
642	ãƒœãƒ«ãƒˆãƒ­ã‚¹	Thundurus	Voltolos	Fulguris	ë³¼íŠ¸ë¡œìŠ¤	é›·ç”µäº‘	é›·é›»é›²
643	ãƒ¬ã‚·ãƒ©ãƒ 	Reshiram	Reshiram	Reshiram	ë ˆì‹œë¼ë¬´	è±å¸Œæ‹‰å§†	èŠå¸Œæ‹‰å§†
644	ã‚¼ã‚¯ãƒ­ãƒ 	Zekrom	Zekrom	Zekrom	ì œí¬ë¡œë¬´	æ·å…‹ç½—å§†	æ·å…‹ç¾…å§†
645	ãƒ©ãƒ³ãƒ‰ãƒ­ã‚¹	Landorus	Demeteros	DÃ©mÃ©tÃ©ros	ëœë“œë¡œìŠ¤	åœŸåœ°äº‘	åœŸåœ°é›²
646	ã‚­ãƒ¥ãƒ¬ãƒ 	Kyurem	Kyurem	Kyurem	íë ˆë¬´	é…‹é›·å§†	é…‹é›·å§†
647	ã‚±ãƒ«ãƒ‡ã‚£ã‚ª	Keldeo	Keldeo	Keldeo	ì¼€ë¥´ë””ì˜¤	å‡¯è·¯è¿ªæ¬§	å‡±è·¯è¿ªæ­
648	ãƒ¡ãƒ­ã‚¨ãƒƒã‚¿	Meloetta	Meloetta	Meloetta	ë©”ë¡œì—£íƒ€	ç¾æ´›è€¶å¡”	ç¾æ´›è€¶å¡”
649	ã‚²ãƒã‚»ã‚¯ãƒˆ	Genesect	Genesect	Genesect	ê²Œë…¸ì„¸í¬íŠ¸	ç›–è¯ºèµ›å…‹ç‰¹	è“‹è«¾è³½å…‹ç‰¹
650	ãƒãƒªãƒãƒ­ãƒ³	Chespin	Igamaro	Marisson	ë„ì¹˜ë§ˆë¡ 	å“ˆåŠ›æ —	å“ˆåŠ›æ —
651	ãƒãƒªãƒœãƒ¼ã‚°	Quilladin	Igastarnish	BoguÃ©risse	ë„ì¹˜ë³´êµ¬	èƒ–èƒ–å“ˆåŠ›	èƒ–èƒ–å“ˆåŠ›
652	ãƒ–ãƒªã‚¬ãƒ­ãƒ³	Chesnaught	Brigaron	BlindÃ©pique	ë¸Œë¦¬ê°€ë¡ 	å¸ƒé‡Œå¡éš†	å¸ƒé‡Œå¡éš†
653	ãƒ•ã‚©ãƒƒã‚³	Fennekin	Fynx	Feunnec	í‘¸í˜¸ê¼¬	ç«ç‹ç‹¸	ç«ç‹ç‹¸
654	ãƒ†ãƒ¼ãƒ«ãƒŠãƒ¼	Braixen	Rutena	Roussil	í…Œë¥´ë‚˜	é•¿å°¾ç«ç‹	é•·å°¾ç«ç‹
655	ãƒãƒ•ã‚©ã‚¯ã‚·ãƒ¼	Delphox	Fennexis	Goupelin	ë§ˆí­ì‹œ	å¦–ç«çº¢ç‹	å¦–ç«ç´…ç‹
656	ã‚±ãƒ­ãƒãƒ„	Froakie	Froxy	Grenousse	ê°œêµ¬ë§ˆë¥´	å‘±å‘±æ³¡è›™	å‘±å‘±æ³¡è›™
657	ã‚²ã‚³ã‚¬ã‚·ãƒ©	Frogadier	Amphizel	CroÃ¢poral	ê°œêµ´ë°˜ì¥	å‘±å¤´è›™	å‘±é ­è›™
658	ã‚²ãƒƒã‚³ã‚¦ã‚¬	Greninja	Quajutsu	Amphinobi	ê°œêµ´ë‹Œì	ç”²è´ºå¿è›™	ç”²è³€å¿è›™
659	ãƒ›ãƒ«ãƒ“ãƒ¼	Bunnelby	Sapereau	Sapereau	íŒŒë¥´ë¹—	æ˜æ˜å…”	æ˜æ˜å…”
660	ãƒ›ãƒ«ãƒ¼ãƒ‰	Diggersby	Grebbit	Excavarenne	íŒŒë¥´í† 	æ˜åœ°å…”	æ˜åœ°å…”
661	ãƒ¤ãƒ¤ã‚³ãƒ	Fletchling	Dartiri	Passerouge	í™”ì‚´ê¼¬ë¹ˆ	å°ç®­é›€	å°ç®­é›€
662	ãƒ’ãƒãƒ¤ã‚³ãƒ	Fletchinder	Dartignis	Braisillon	ë¶ˆí™”ì‚´ë¹ˆ	ç«ç®­é›€	ç«ç®­é›€
663	ãƒ•ã‚¡ã‚¤ã‚¢ãƒ­ãƒ¼	Talonflame	Fiaro	Flambusard	íŒŒì´ì–´ë¡œ	çƒˆç®­é¹°	çƒˆç®­é·¹
664	ã‚³ãƒ•ã‚­ãƒ ã‚·	Scatterbug	Purmel	LÃ©pidonille	ë¶„ì´ë²Œë ˆ	ç²‰è¶è™«	ç²‰è¶èŸ²
665	ã‚³ãƒ•ãƒ¼ãƒ©ã‚¤	Spewpa	Puponcho	PÃ©rÃ©grain	ë¶„ë– ë„ë¦¬	ç²‰è¶è›¹	ç²‰è¶è›¹
666	ãƒ“ãƒ“ãƒ¨ãƒ³	Vivillon	Vivillon	Prismillon	ë¹„ë¹„ìš©	å½©ç²‰è¶	å½©ç²‰è¶
667	ã‚·ã‚·ã‚³	Litleo	Leufeo	HÃ©lionceau	ë ˆì˜¤ê¼¬	å°ç‹®ç‹®	å°ç…ç…
668	ã‚«ã‚¨ãƒ³ã‚¸ã‚·	Pyroar	Pyroleo	NÃ©mÃ©lios	í™”ì—¼ë ˆì˜¤	ç«ç‚ç‹®	ç«ç‚ç…
669	ãƒ•ãƒ©ãƒ™ãƒ™	FlabÃ©bÃ©	FlabÃ©bÃ©	FlabÃ©bÃ©	í”Œë¼ë² ë² 	èŠ±è““è““	èŠ±è““è““
670	ãƒ•ãƒ©ã‚¨ãƒƒãƒ†	Floette	Floette	Floette	í”Œë¼ì—£í…Œ	èŠ±å¶è’‚	èŠ±è‘‰è’‚
671	ãƒ•ãƒ©ãƒ¼ã‚¸ã‚§ã‚¹	Florges	Florges	Florges	í”Œë¼ì œìŠ¤	èŠ±æ´å¤«äºº	èŠ±æ½”å¤«äºº
672	ãƒ¡ã‚§ãƒ¼ã‚¯ãƒ«	Skiddo	MÃ¤hikel	Cabriolaine	ë©”ì´í´	åéª‘å°ç¾Š	åé¨å°ç¾Š
673	ã‚´ãƒ¼ã‚´ãƒ¼ãƒˆ	Gogoat	Chevrumm	Chevroum	ê³ ê³ íŠ¸	åéª‘å±±ç¾Š	åé¨å±±ç¾Š
674	ãƒ¤ãƒ³ãƒãƒ£ãƒ 	Pancham	Pam-Pam	PandespiÃ¨gle	íŒì§±	é¡½çš®ç†ŠçŒ«	é ‘çš®ç†Šè²“
675	ã‚´ãƒ­ãƒ³ãƒ€	Pangoro	Pandagro	Pandarbare	ë¶€ë€ë‹¤	æµæ°“ç†ŠçŒ«	æµæ°“ç†Šè²“
676	ãƒˆãƒªãƒŸã‚¢ãƒ³	Furfrou	Coiffwaff	Couafarel	íŠ¸ë¦¬ë¯¸ì•™	å¤šä¸½ç±³äºš	å¤šéº—ç±³äº
677	ãƒ‹ãƒ£ã‚¹ãƒ‘ãƒ¼	Espurr	Psiau	Psystigri	ëƒìŠ¤í¼	å¦™å–µ	å¦™å–µ
678	ãƒ‹ãƒ£ã‚ªãƒ‹ã‚¯ã‚¹	Meowstic	Psiaugon	Mistigrix	ëƒì˜¤ë‹‰ìŠ¤	è¶…èƒ½å¦™å–µ	è¶…èƒ½å¦™å–µ
679	ãƒ’ãƒˆãƒ„ã‚­	Honedge	Gramokles	Monorpale	ë‹¨ì¹¼ë¹™	ç‹¬å‰‘é˜	ç¨åŠé˜
680	ãƒ‹ãƒ€ãƒ³ã‚®ãƒ«	Doublade	Duokles	DimoclÃ¨s	ìŒê²€í‚¬	åŒå‰‘é˜	é›™åŠé˜
681	ã‚®ãƒ«ã‚¬ãƒ«ãƒ‰	Aegislash	Durengard	Exagide	í‚¬ê°€ë¥´ë„	åšç›¾å‰‘æ€ª	å …ç›¾åŠæ€ª
682	ã‚·ãƒ¥ã‚·ãƒ¥ãƒ—	Spritzee	Parfi	Fluvetin	ìŠˆì˜	ç²‰é¦™é¦™	ç²‰é¦™é¦™
683	ãƒ•ãƒ¬ãƒ•ãƒ¯ãƒ³	Aromatisse	Parfinesse	Cocotine	í”„ë ˆí”„í‹°ë¥´	èŠ³é¦™ç²¾	èŠ³é¦™ç²¾
684	ãƒšãƒ­ãƒƒãƒ‘ãƒ•	Swirlix	Flauschling	Sucroquin	ë‚˜ë£¸í¼í”„	ç»µç»µæ³¡èŠ™	ç¶¿ç¶¿æ³¡èŠ™
685	ãƒšãƒ­ãƒªãƒ¼ãƒ 	Slurpuff	Sabbaione	Cupcanaille	ë‚˜ë£¨ë¦¼	èƒ–ç”œå¦®	èƒ–ç”œå¦®
686	ãƒãƒ¼ã‚¤ãƒ¼ã‚«	Inkay	Iscalar	Sepiatop	ì˜¤ì¼€ì´ì§•	å¥½å•¦é±¿	å¥½å•¦é­·
687	ã‚«ãƒ©ãƒãƒãƒ­	Malamar	Calamanero	Sepiatroce	ì¹¼ë¼ë§ˆë„¤ë¡œ	ä¹Œè´¼ç‹	çƒè³Šç‹
688	ã‚«ãƒ¡ãƒ†ãƒ†	Binacle	Bithora	Opermine	ê±°ë¶ì†ì†	é¾Ÿè„šè„š	é¾œè…³è…³
689	ã‚¬ãƒ¡ãƒãƒ‡ã‚¹	Barbaracle	Thanathora	Golgopathe	ê±°ë¶ì†ë°ìŠ¤	é¾Ÿè¶³å·¨é“ 	é¾œè¶³å·¨é§
690	ã‚¯ã‚ºãƒ¢ãƒ¼	Skrelp	Algitt	Venalgue	ìˆ˜ë ˆê¸°	åƒåƒè—»	åƒåƒè—»
691	ãƒ‰ãƒ©ãƒŸãƒ‰ãƒ­	Dragalge	Tandrak	Kravarech	ë“œë˜ìº„	æ¯’è—»é¾™	æ¯’è—»é¾
692	ã‚¦ãƒ‡ãƒƒãƒã‚¦	Clauncher	Scampisto	Flingouste	ì™„ì² í¬	é“è‡‚æªè™¾	éµè‡‚æ§è¦
693	ãƒ–ãƒ­ã‚¹ã‚¿ãƒ¼	Clawitzer	Wummer	Gamblast	ë¸”ë¡œìŠ¤í„°	é’¢ç‚®è‡‚è™¾	é‹¼ç‚®è‡‚è¦
694	ã‚¨ãƒªã‚­ãƒ†ãƒ«	Helioptile	Eguana	Galvaran	ëª©ë„ë¦¬í‚¤í…”	ä¼ç”µèœ¥	å‚˜é›»èœ¥
695	ã‚¨ãƒ¬ã‚¶ãƒ¼ãƒ‰	Heliolisk	Elezard	Iguolta	ì¼ë ˆë„ë¦¬ìë“œ	å…‰ç”µä¼èœ¥	å…‰é›»å‚˜èœ¥
696	ãƒã‚´ãƒ©ã‚¹	Tyrunt	Balgoras	Ptyranidur	í‹°ê³ ë¼ìŠ¤	å®å®æš´é¾™	å¯¶å¯¶æš´é¾
697	ã‚¬ãƒã‚´ãƒ©ã‚¹	Tyrantrum	Monargoras	Rexillius	ê²¬ê³ ë¼ìŠ¤	æ€ªé¢šé¾™	æ€ªé¡é¾
698	ã‚¢ãƒãƒ«ã‚¹	Amaura	Amarino	Amagara	ì•„ë§ˆë£¨ìŠ¤	å†°é›ªé¾™	å†°é›ªé¾
699	ã‚¢ãƒãƒ«ãƒ«ã‚¬	Aurorus	Amagarga	Dragmara	ì•„ë§ˆë£¨ë¥´ê°€	å†°é›ªå·¨é¾™	å†°é›ªå·¨é¾
700	ãƒ‹ãƒ³ãƒ•ã‚£ã‚¢	Sylveon	Feelinara	Nymphali	ë‹˜í”¼ì•„	ä»™å­ä¼Šå¸ƒ	ä»™å­ä¼Šå¸ƒ
701	ãƒ«ãƒãƒ£ãƒ–ãƒ«	Hawlucha	Resladero	BrutalibrÃ©	ë£¨ì°¨ë¶ˆ	æ‘”è§’é¹°äºº	æ‘”è§’é·¹äºº
702	ãƒ‡ãƒ‡ãƒ³ãƒ	Dedenne	Dedenne	Dedenne	ë°ë´ë„¤	å’šå’šé¼ 	å’šå’šé¼ 
703	ãƒ¡ãƒ¬ã‚·ãƒ¼	Carbink	Rocara	Strassie	ë©œë¦¬ì‹œ	å°ç¢é’»	å°ç¢é‘½
704	ãƒŒãƒ¡ãƒ©	Goomy	Viscora	Mucuscule	ë¯¸ë„ë©”ë¼	é»é»å®	é»é»å¯¶
705	ãƒŒãƒ¡ã‚¤ãƒ«	Sliggoo	Viscargot	Colimucus	ë¯¸ë„ë„¤ì¼	é»ç¾å„¿	é»ç¾å…’
706	ãƒŒãƒ¡ãƒ«ã‚´ãƒ³	Goodra	Viscogon	Muplodocus	ë¯¸ë„ë˜ê³¤	é»ç¾é¾™	é»ç¾é¾
707	ã‚¯ãƒ¬ãƒƒãƒ•ã‚£	Klefki	Clavion	Trousselin	í´ë ˆí”¼	é’¥åœˆå„¿	é‘°åœˆå…’
708	ãƒœã‚¯ãƒ¬ãƒ¼	Phantump	Paragoni	BrocÃ©lÃ´me	ë‚˜ëª©ë ¹	å°æœ¨çµ	å°æœ¨éˆ
709	ã‚ªãƒ¼ãƒ­ãƒƒãƒˆ	Trevenant	Trombork	DessÃ©liande	ëŒ€ë¡œíŠ¸	æœ½æœ¨å¦–	æœ½æœ¨å¦–
710	ãƒã‚±ãƒƒãƒãƒ£	Pumpkaboo	Irrbis	Pitrouille	í˜¸ë°”ê·€	å—ç“œç²¾	å—ç“œç²¾
711	ãƒ‘ãƒ³ãƒ—ã‚¸ãƒ³	Gourgeist	Pumpdjinn	Banshitrouye	íŒí‚¨ì¸	å—ç“œæ€ªäºº	å—ç“œæ€ªäºº
712	ã‚«ãƒã‚³ãƒ¼ãƒ«	Bergmite	Arktip	GrelaÃ§on	ê½ì–´ë¦„	å†°å®	å†°å¯¶
713	ã‚¯ãƒ¬ãƒ™ãƒ¼ã‚¹	Avalugg	Arktilas	SÃ©racrawl	í¬ë ˆë² ì´ìŠ¤	å†°å²©æ€ª	å†°å²©æ€ª
714	ã‚ªãƒ³ãƒãƒƒãƒˆ	Noibat	eF-eM	Sonistrelle	ìŒë±ƒ	å—¡è 	å—¡è 
715	ã‚ªãƒ³ãƒãƒ¼ãƒ³	Noivern	UHaFnir	Bruyverne	ìŒë²ˆ	éŸ³æ³¢é¾™	éŸ³æ³¢é¾
716	ã‚¼ãƒ«ãƒã‚¢ã‚¹	Xerneas	Xerneas	Xerneas	ì œë¥´ë„¤ì•„ìŠ¤	å“²å°”å°¼äºšæ–¯	å“²çˆ¾å°¼äºæ–¯
717	ã‚¤ãƒ™ãƒ«ã‚¿ãƒ«	Yveltal	Yveltal	Yveltal	ì´ë²¨íƒ€ë¥´	ä¼Šè£´å°”å¡”å°”	ä¼Šè£´çˆ¾å¡”çˆ¾
718	ã‚¸ã‚¬ãƒ«ãƒ‡	Zygarde	Zygarde	Zygarde	ì§€ê°€ë¥´ë°	åŸºæ ¼å°”å¾·	åŸºæ ¼çˆ¾å¾·
719	ãƒ‡ã‚£ã‚¢ãƒ³ã‚·ãƒ¼	Diancie	Diancie	Diancie	ë””ì•ˆì‹œ	è’‚å®‰å¸Œ	è’‚å®‰å¸Œ
720	ãƒ•ãƒ¼ãƒ‘	Hoopa	Hoopa	Hoopa	í›„íŒŒ	èƒ¡å¸•	èƒ¡å¸•
721	ãƒœãƒ«ã‚±ãƒ‹ã‚ªãƒ³	Volcanion	Volcanion	Volcanion	ë³¼ì¼€ë‹ˆì˜¨	æ³¢å°”å‡¯å°¼æ©	æ³¢çˆ¾å‡±å°¼æ©
722	ãƒ¢ã‚¯ãƒ­ãƒ¼	Rowlet	Bauz	Brindibou	ë‚˜ëª°ë¹¼ë¯¸	æœ¨æœ¨æ­	æœ¨æœ¨æ¢Ÿ
723	ãƒ•ã‚¯ã‚¹ãƒ­ãƒ¼	Dartrix	Arboretoss	EfflÃ¨che	ë¹¼ë¯¸ìŠ¤ë¡œìš°	æŠ•ç¾½æ­	æŠ•ç¾½æ¢Ÿ
724	ã‚¸ãƒ¥ãƒŠã‚¤ãƒ‘ãƒ¼	Decidueye	Silvarro	ArchÃ©duc	ëª¨í¬ë‚˜ì´í¼	ç‹™å°„æ ‘æ­	ç‹™å°„æ¨¹æ¢Ÿ
725	ãƒ‹ãƒ£ãƒ“ãƒ¼	Litten	Flamiau	Flamiaou	ëƒì˜¤ë¶ˆ	ç«æ–‘å–µ	ç«æ–‘å–µ
726	ãƒ‹ãƒ£ãƒ’ãƒ¼ãƒˆ	Torracat	Miezunder	Matoufeu	ëƒì˜¤íˆíŠ¸	ç‚çƒ­å–µ	ç‚ç†±å–µ
727	ã‚¬ã‚ªã‚¬ã‚¨ãƒ³	Incineroar	Fuegro	FÃ©linferno	ì–´í¥ì—¼	ç‚½ç„°å’†å“®è™	ç†¾ç„°å’†å“®è™
728	ã‚¢ã‚·ãƒãƒª	Popplio	Robball	Otaquin	ëˆ„ë¦¬ê³µ	çƒçƒæµ·ç‹®	çƒçƒæµ·ç…
729	ã‚ªã‚·ãƒ£ãƒãƒª	Brionne	Marikeck	Otarlette	í‚¤ìš”ê³µ	èŠ±æ¼¾æµ·ç‹®	èŠ±æ¼¾æµ·ç…
730	ã‚¢ã‚·ãƒ¬ãƒ¼ãƒŒ	Primarina	Primarene	Oratoria	ëˆ„ë¦¬ë ˆëŠ	è¥¿ç‹®æµ·å£¬	è¥¿ç…æµ·å£¬
731	ãƒ„ãƒ„ã‚±ãƒ©	Pikipek	Peppeck	Picassaut	ì½•ì½”êµ¬ë¦¬	å°ç¬ƒå„¿	å°ç¯¤å…’
732	ã‚±ãƒ©ãƒ©ãƒƒãƒ‘	Trumbeak	Trompeck	Piclairon	í¬ë¼íŒŒ	å–‡å­å•„é¸Ÿ	å–‡å­å•„é³¥
733	ãƒ‰ãƒ‡ã‚«ãƒã‚·	Toucannon	Tukanon	Bazoucan	ì™•í°ë¶€ë¦¬	é“³å˜´å¤§é¸Ÿ	éŠƒå˜´å¤§é³¥
734	ãƒ¤ãƒ³ã‚°ãƒ¼ã‚¹	Yungoos	Mangunior	Manglouton	ì˜êµ¬ìŠ¤	çŒ«é¼¬å°‘	è²“é¼¬å°‘
735	ãƒ‡ã‚«ã‚°ãƒ¼ã‚¹	Gumshoos	Manguspektor	Argouste	í˜•ì‚¬êµ¬ìŠ¤	çŒ«é¼¬æ¢é•¿	è²“é¼¬æ¢é•·
736	ã‚¢ã‚´ã‚¸ãƒ ã‚·	Grubbin	Mabula	Larvibule	í„±ì§€ì¶©ì´	å¼ºé¢šé¸¡æ¯è™«	å¼·é¡é›æ¯èŸ²
737	ãƒ‡ãƒ³ãƒ‚ãƒ ã‚·	Charjabug	Akkup	Chrysapile	ì „ì§€ì¶©ì´	è™«ç”µå®	èŸ²é›»å¯¶
738	ã‚¯ãƒ¯ã‚¬ãƒãƒ³	Vikavolt	Donarion	Lucanon	íˆ¬êµ¬ë¿Œë…¼	é”¹å†œç‚®è™«	é¬è¾²ç‚®èŸ²
739	ãƒã‚±ãƒ³ã‚«ãƒ‹	Crabrawler	Krabbox	Crabagarre	ì˜¤ê¸°ì§€ê²Œ	å¥½èƒœèŸ¹	å¥½å‹èŸ¹
740	ã‚±ã‚±ãƒ³ã‚«ãƒ‹	Crabominable	Krawell	Crabominable	ëª¨ë‹¨ë‹¨ê²Œ	å¥½èƒœæ¯›èŸ¹	å¥½å‹æ¯›èŸ¹
741	ã‚ªãƒ‰ãƒªãƒ‰ãƒª	Oricorio	Choreogel	Plumeline	ì¶¤ì¶”ìƒˆ	èŠ±èˆé¸Ÿ	èŠ±èˆé³¥
742	ã‚¢ãƒ–ãƒªãƒ¼	Cutiefly	Wommel	Bombydou	ì—ë¸”ë¦¬	èŒè™»	èŒè™»
743	ã‚¢ãƒ–ãƒªãƒœãƒ³	Ribombee	Bandelby	Rubombelle	ì—ë¦¬ë³¸	è¶ç»“èŒè™»	è¶çµèŒè™»
744	ã‚¤ãƒ¯ãƒ³ã‚³	Rockruff	Wuffels	Rocabot	ì•”ë©ì´	å²©ç‹—ç‹—	å²©ç‹—ç‹—
745	ãƒ«ã‚¬ãƒ«ã‚¬ãƒ³	Lycanroc	Wolwerock	Lougaroc	ë£¨ê°€ë£¨ì•”	é¬ƒå²©ç‹¼äºº	é¬ƒå²©ç‹¼äºº
746	ãƒ¨ãƒ¯ã‚·	Wishiwashi	Lusardin	Froussardine	ì•½ì–´ë¦¬	å¼±ä¸é±¼	å¼±ä¸é­š
747	ãƒ’ãƒ‰ã‚¤ãƒ‡	Mareanie	Garstella	VorastÃ©rie	ì‹œë§ˆì‚¬ë¦¬	å¥½åæ˜Ÿ	å¥½å£æ˜Ÿ
748	ãƒ‰ãƒ’ãƒ‰ã‚¤ãƒ‡	Toxapex	Aggrostella	PrÃ©dastÃ©rie	ë”ì‹œë§ˆì‚¬ë¦¬	è¶…åæ˜Ÿ	è¶…å£æ˜Ÿ
749	ãƒ‰ãƒ­ãƒãƒ³ã‚³	Mudbray	Pampuli	Tiboudet	ë¨¸ë“œë‚˜ê¸°	æ³¥é©´ä»”	æ³¥é©¢ä»”
750	ãƒãƒ³ãƒãƒ‰ãƒ­	Mudsdale	Pampross	Bourrinos	ë§Œë§ˆë“œ	é‡æ³¥æŒ½é©¬	é‡æ³¥æŒ½é¦¬
751	ã‚·ã‚ºã‚¯ãƒ¢	Dewpider	Araqua	Araqua	ë¬¼ê±°ë¯¸	æ»´è››	æ»´è››
752	ã‚ªãƒ‹ã‚·ã‚ºã‚¯ãƒ¢	Araquanid	Aranestro	Tarenbulle	ê¹¨ë¹„ë¬¼ê±°ë¯¸	æ»´è››éœ¸	æ»´è››éœ¸
753	ã‚«ãƒªã‚­ãƒª	Fomantis	Imantis	Mimantis	ì§œë‘ë‘	ä¼ªè³è‰	å½è³è‰
754	ãƒ©ãƒ©ãƒ³ãƒ†ã‚¹	Lurantis	Mantidea	Floramantis	ë¼ë€í‹°ìŠ¤	å…°è³èŠ±	è˜­è³èŠ±
755	ãƒãƒã‚·ãƒ¥	Morelull	Bubungus	Spododo	ìë§ˆìŠˆ	ç¡ç¡è‡	ç¡ç¡è‡
756	ãƒã‚·ã‚§ãƒ¼ãƒ‰	Shiinotic	Lamellux	Lampignon	ë§ˆì…°ì´ë“œ	ç¯ç½©å¤œè‡	ç‡ˆç½©å¤œè‡
757	ãƒ¤ãƒˆã‚¦ãƒ¢ãƒª	Salandit	Molunk	Tritox	ì•¼ë„ë‡½	å¤œç›—ç«èœ¥	å¤œç›œç«èœ¥
758	ã‚¨ãƒ³ãƒ‹ãƒ¥ãƒ¼ãƒˆ	Salazzle	Amfira	Malamandre	ì—¼ë‰´íŠ¸	ç„°åèœ¥	ç„°åèœ¥
759	ãƒŒã‚¤ã‚³ã‚°ãƒ	Stufful	Velursi	Nounourson	í¬ê³°ê³°	ç«¥å¶ç†Š	ç«¥å¶ç†Š
760	ã‚­ãƒ†ãƒ«ã‚°ãƒ	Bewear	Kosturso	Chelours	ì´ë¸ê³°	ç©¿ç€ç†Š	ç©¿è‘—ç†Š
761	ã‚¢ãƒã‚«ã‚¸	Bounsweet	Frubberl	Croquine	ë‹¬ì½¤ì•„	ç”œç«¹ç«¹	ç”œç«¹ç«¹
762	ã‚¢ãƒãƒã‚¤ã‚³	Steenee	Frubaila	Candine	ë‹¬ë¬´ë¦¬ë‚˜	ç”œèˆå¦®	ç”œèˆå¦®
763	ã‚¢ãƒãƒ¼ã‚¸ãƒ§	Tsareena	Fruyal	Sucreine	ë‹¬ì½”í€¸	ç”œå†·ç¾å	ç”œå†·ç¾å
764	ã‚­ãƒ¥ãƒ¯ãƒ¯ãƒ¼	Comfey	Curelei	GuÃ©rilande	íì•„ë§	èŠ±ç–—ç¯ç¯	èŠ±ç™‚ç’°ç’°
765	ãƒ¤ãƒ¬ãƒ¦ãƒ¼ã‚¿ãƒ³	Oranguru	Kommandutan	Gouroutan	í•˜ë‘ìš°íƒ„	æ™ºæŒ¥çŒ©	æ™ºæ®çŒ©
766	ãƒŠã‚²ãƒ„ã‚±ã‚µãƒ«	Passimian	Quartermak	Quartermac	ë‚´ë˜ìˆ­ì´	æŠ•æ·çŒ´	æŠ•æ“²çŒ´
767	ã‚³ã‚½ã‚¯ãƒ ã‚·	Wimpod	ReiÃŸlaus	Sovkipou	ê¼¬ì‹œë ˆ	èƒ†å°è™«	è†½å°èŸ²
768	ã‚°ã‚½ã‚¯ãƒ ã‚·ãƒ£	Golisopod	Tectass	SarmuraÃ¯	ê°‘ì£¼ë¬´ì‚¬	å…·ç”²æ­¦è€…	å…·ç”²æ­¦è€…
769	ã‚¹ãƒŠãƒã‚¡	Sandygast	Sankabuh	Bacabouh	ëª¨ë˜ê¿	æ²™ä¸˜å¨ƒ	æ²™ä¸˜å¨ƒ
770	ã‚·ãƒ­ãƒ‡ã‚¹ãƒŠ	Palossand	Colossand	TrÃ©passable	ëª¨ë˜ì„±ì´ë‹¹	å™¬æ²™å ¡çˆ·	å™¬æ²™å ¡çˆº
771	ãƒŠãƒã‚³ãƒ–ã‚·	Pyukumuku	Gufa	Concombaffe	í•´ë¬´ê¸°	æ‹³æµ·å‚	æ‹³æµ·åƒ
772	ã‚¿ã‚¤ãƒ—:ãƒŒãƒ«	Type: Null	Typ:Null	Type:0	íƒ€ì…:ë„	å±æ€§ï¼šç©º	å±¬æ€§ï¼šç©º
773	ã‚·ãƒ«ãƒ´ã‚¡ãƒ‡ã‚£	Silvally	Amigento	SilvalliÃ©	ì‹¤ë²„ë””	é“¶ä¼´æˆ˜å…½	éŠ€ä¼´æˆ°ç¸
774	ãƒ¡ãƒ†ãƒ	Minior	Meteno	MÃ©tÃ©no	ë©”í…Œë…¸	å°é™¨æ˜Ÿ	å°éš•æ˜Ÿ
775	ãƒãƒƒã‚³ã‚¢ãƒ©	Komala	Koalelu	Dodoala	ìë§ë¼	æ ‘æ•å°¾ç†Š	æ¨¹æ•å°¾ç†Š
776	ãƒã‚¯ã‚¬ãƒ¡ã‚¹	Turtonator	Tortunator	Boumata	í­ê±°ë¶ìŠ¤	çˆ†ç„°é¾Ÿå…½	çˆ†ç„°é¾œç¸
777	ãƒˆã‚²ãƒ‡ãƒãƒ«	Togedemaru	Togedemaru	Togedemaru	í† ê²Œë°ë§ˆë£¨	æ‰˜æˆˆå¾·ç›å°”	æ‰˜æˆˆå¾·ç‘ªçˆ¾
778	ãƒŸãƒŸãƒƒã‚­ãƒ¥	Mimikyu	Mimigma	Mimiqui	ë”°ë¼í	è°œæ‹Ÿï¼±	è¬æ“¬ï¼±
779	ãƒã‚®ã‚®ã‚·ãƒª	Bruxish	Knirfish	Denticrisse	ì¹˜ê°ˆê¸°	ç£¨ç‰™å½©çš®é±¼	ç£¨ç‰™å½©çš®é­š
780	ã‚¸ã‚¸ãƒ¼ãƒ­ãƒ³	Drampa	Sen-Long	DraÃ¯eul	í• ë¹„ë¡±	è€ç¿é¾™	è€ç¿é¾
781	ãƒ€ãƒ€ãƒªãƒ³	Dhelmise	Moruda	Sinistrail	íƒ€íƒ€ë¥œ	ç ´ç ´èˆµè½®	ç ´ç ´èˆµè¼ª
782	ã‚¸ãƒ£ãƒ©ã‚³	Jangmo-o	Miniras	BÃ©bÃ©caille	ì§œë‘ê¼¬	å¿ƒé³å®	å¿ƒé±—å¯¶
783	ã‚¸ãƒ£ãƒ©ãƒ³ã‚´	Hakamo-o	Mediras	Ã‰caÃ¯d	ì§œë‘ê³ ìš°	é³ç”²é¾™	é±—ç”²é¾
784	ã‚¸ãƒ£ãƒ©ãƒ©ãƒ³ã‚¬	Kommo-o	Grandiras	Ã‰kaÃ¯ser	ì§œë‘ê³ ìš°ê±°	æ–å°¾é³ç”²é¾™	æ–å°¾é±—ç”²é¾
785	ã‚«ãƒ—ãƒ»ã‚³ã‚±ã‚³	Tapu Koko	Kapu-Riki	Tokorico	ì¹´í‘¸ê¼¬ê¼¬ê¼­	å¡ç’ãƒ»é¸£é¸£	å¡ç’ãƒ»é³´é³´
786	ã‚«ãƒ—ãƒ»ãƒ†ãƒ†ãƒ•	Tapu Lele	Kapu-Fala	Tokopiyon	ì¹´í‘¸ë‚˜ë¹„ë‚˜	å¡ç’ãƒ»è¶è¶	å¡ç’ãƒ»è¶è¶
787	ã‚«ãƒ—ãƒ»ãƒ–ãƒ«ãƒ«	Tapu Bulu	Kapu-Toro	Tokotoro	ì¹´í‘¸ë¸Œë£¨ë£¨	å¡ç’ãƒ»å“å“	å¡ç’ãƒ»å“å“
788	ã‚«ãƒ—ãƒ»ãƒ¬ãƒ’ãƒ¬	Tapu Fini	Kapu-Kime	Tokopisco	ì¹´í‘¸ëŠì§€ëŠ	å¡ç’ãƒ»é³é³	å¡ç’ãƒ»é°­é°­
789	ã‚³ã‚¹ãƒ¢ãƒƒã‚°	Cosmog	Cosmog	Cosmog	ì½”ìŠ¤ëª¨ê·¸	ç§‘æ–¯è«å¤	ç§‘æ–¯è«å¤
790	ã‚³ã‚¹ãƒ¢ã‚¦ãƒ 	Cosmoem	Cosmovum	Cosmovum	ì½”ìŠ¤ëª¨ì›€	ç§‘æ–¯è«å§†	ç§‘æ–¯è«å§†
791	ã‚½ãƒ«ã‚¬ãƒ¬ã‚ª	Solgaleo	Solgaleo	Solgaleo	ì†”ê°€ë ˆì˜¤	ç´¢å°”è¿¦é›·æ¬§	ç´¢çˆ¾è¿¦é›·æ­
792	ãƒ«ãƒŠã‚¢ãƒ¼ãƒ©	Lunala	Lunala	Lunala	ë£¨ë‚˜ì•„ë¼	éœ²å¥ˆé›…æ‹‰	éœ²å¥ˆé›…æ‹‰
793	ã‚¦ãƒ„ãƒ­ã‚¤ãƒ‰	Nihilego	Anego	ZÃ©roÃ¯d	í……ë¹„ë“œ	è™šå¾ä¼Šå¾·	è™›å¾ä¼Šå¾·
794	ãƒãƒƒã‚·ãƒ–ãƒ¼ãƒ³	Buzzwole	Masskito	Mouscoto	ë§¤ì‹œë¶•	çˆ†è‚ŒèšŠ	çˆ†è‚ŒèšŠ
795	ãƒ•ã‚§ãƒ­ãƒ¼ãƒã‚§	Pheromosa	Schabelle	Cancrelove	í˜ë¡œì½”ì²´	è´¹æ´›ç¾è‚	è²»æ´›ç¾è‚
796	ãƒ‡ãƒ³ã‚¸ãƒ¥ãƒ¢ã‚¯	Xurkitree	Voltriant	CÃ¢blifÃ¨re	ì „ìˆ˜ëª©	ç”µæŸæœ¨	é›»æŸæœ¨
797	ãƒ†ãƒƒã‚«ã‚°ãƒ¤	Celesteela	Kaguron	Bamboiselle	ì² í™”êµ¬ì•¼	é“ç«è¾‰å¤œ	éµç«è¼å¤œ
798	ã‚«ãƒŸãƒ„ãƒ«ã‚®	Kartana	Katagami	Katagami	ì¢…ì´ì‹ ë„	çº¸å¾¡å‰‘	ç´™å¾¡åŠ
799	ã‚¢ã‚¯ã‚¸ã‚­ãƒ³ã‚°	Guzzlord	Schlingking	Engloutyran	ì•…ì‹í‚¹	æ¶é£Ÿå¤§ç‹	æƒ¡é£Ÿå¤§ç‹
800	ãƒã‚¯ãƒ­ã‚ºãƒ	Necrozma	Necrozma	Necrozma	ë„¤í¬ë¡œì¦ˆë§ˆ	å¥ˆå…‹æ´›å…¹ç›	å¥ˆå…‹æ´›èŒ²ç‘ª
801	ãƒã‚®ã‚¢ãƒŠ	Magearna	Magearna	Magearna	ë§ˆê¸°ì•„ë‚˜	ç›æœºé›…å¨œ	ç‘ªæ©Ÿé›…å¨œ
802	ãƒãƒ¼ã‚·ãƒ£ãƒ‰ãƒ¼	Marshadow	Marshadow	Marshadow	ë§ˆìƒ¤ë„	ç›å¤å¤š	ç‘ªå¤å¤š
803	ãƒ™ãƒ™ãƒãƒ 	Poipole	Venicro	VÃ©mini	ë² ë² ë†ˆ	æ¯’è´æ¯”	æ¯’è²æ¯”
804	ã‚¢ãƒ¼ã‚´ãƒ¨ãƒ³	Naganadel	Agoyon	Mandrillon	ì•„ê³ ìš©	å››é¢šé’ˆé¾™	å››é¡é‡é¾
805	ãƒ„ãƒ³ãƒ‡ãƒ„ãƒ³ãƒ‡	Stakataka	Muramura	Ama-Ama	ì°¨ê³¡ì°¨ê³¡	å’ç£ŠçŸ³	å£˜ç£ŠçŸ³
806	ã‚ºã‚¬ãƒ‰ãƒ¼ãƒ³	Blacephalon	Kopplosio	Pierroteknik	ë‘íŒŒíŒ¡	ç °å¤´å°ä¸‘	ç °é ­å°ä¸‘
807	ã‚¼ãƒ©ã‚ªãƒ©	Zeraora	Zeraora	Zeraora	ì œë¼ì˜¤ë¼	æ·æ‹‰å¥¥æ‹‰	æ·æ‹‰å¥§æ‹‰
810	ã‚µãƒ«ãƒãƒª	Grookey	Chimpep	Ouistempo	í¥ë‚˜ìˆ­	æ•²éŸ³çŒ´	æ•²éŸ³çŒ´
811	ãƒãƒãƒ³ã‚­ãƒ¼	Thwackey	Chimstix	Badabouin	ì±„í‚¤ëª½	å•ªå’šçŒ´	å•ªå’šçŒ´
812	ã‚´ãƒªãƒ©ãƒ³ãƒ€ãƒ¼	Rillaboom	Gortrom	Gorythmic	ê³ ë¦´íƒ€	è½°æ“‚é‡‘åˆšçŒ©	è½Ÿæ“‚é‡‘å‰›çŒ©
813	ãƒ’ãƒãƒ‹ãƒ¼	Scorbunny	Hopplo	Flambino	ì—¼ë²„ë‹ˆ	ç‚å…”å„¿	ç‚å…”å…’
814	ãƒ©ãƒ“ãƒ•ãƒƒãƒˆ	Raboot	Kickerlo	Lapyro	ë˜ë¹„í’‹	è…¾è¹´å°å°†	é¨°è¹´å°å°‡
815	ã‚¨ãƒ¼ã‚¹ãƒãƒ¼ãƒ³	Cinderace	Liberlo	Pyrobut	ì—ì´ìŠ¤ë²ˆ	é—ªç„°ç‹ç‰Œ	é–ƒç„°ç‹ç‰Œ
816	ãƒ¡ãƒƒã‚½ãƒ³	Sobble	Memmeon	LarmÃ©lÃ©on	ìš¸ë¨¸ê¸°	æ³ªçœ¼èœ¥	æ·šçœ¼èœ¥
817	ã‚¸ãƒ¡ãƒ¬ã‚ªãƒ³	Drizzile	Phlegleon	Arrozard	ëˆ„ê²”ë ˆì˜¨	å˜æ¶©èœ¥	è®Šæ¾€èœ¥
818	ã‚¤ãƒ³ãƒ†ãƒ¬ã‚ªãƒ³	Inteleon	Intelleon	LÃ©zargus	ì¸í…”ë¦¬ë ˆì˜¨	åƒé¢é¿å½¹	åƒé¢é¿å½¹
819	ãƒ›ã‚·ã‚¬ãƒªã‚¹	Skwovet	Raffel	Rongourmand	íƒë¦¬ìŠ¤	è´ªå¿ƒæ —é¼ 	è²ªå¿ƒæ —é¼ 
820	ãƒ¨ã‚¯ãƒãƒªã‚¹	Greedent	Schlaraffel	Rongrigou	ìš”ì”½ë¦¬ìŠ¤	è—é¥±æ —é¼ 	è—é£½æ —é¼ 
821	ã‚³ã‚³ã‚¬ãƒ©	Rookidee	Meikro	Minisange	íŒŒë¼ê¼¬	ç¨šå±±é›€	ç¨šå±±é›€
822	ã‚¢ã‚ªã‚¬ãƒ©ã‚¹	Corvisquire	Kranoviz	Bleuseille	íŒŒí¬ë¡œìš°	è“é¸¦	è—é´‰
823	ã‚¢ãƒ¼ãƒãƒ¼ã‚¬ã‚¢	Corviknight	Krarmor	Corvaillus	ì•„ë¨¸ê¹Œì˜¤	é’¢é“ é¸¦	é‹¼é§é´‰
824	ã‚µãƒƒãƒãƒ ã‚·	Blipbug	Sensect	Larvadar	ë‘ë£¨ì§€ë²Œë ˆ	ç´¢ä¾¦è™«	ç´¢åµèŸ²
825	ãƒ¬ãƒ‰ãƒ¼ãƒ ã‚·	Dottler	Keradar	ColÃ©odÃ´me	ë ˆë”ë²Œë ˆ	å¤©ç½©è™«	å¤©ç½©èŸ²
826	ã‚¤ã‚ªãƒ«ãƒ–	Orbeetle	Maritellit	Astronelle	ì´ì˜¬ë¸Œ	ä»¥æ¬§è·¯æ™®	ä»¥æ­è·¯æ™®
827	ã‚¯ã‚¹ãƒ	Nickit	Kleptifux	Goupilou	í›”ì²˜ìš°	å·å„¿ç‹	å·å…’ç‹
828	ãƒ•ã‚©ã‚¯ã‚¹ãƒ©ã‚¤	Thievul	Gaunux	Roublenard	í­ìŠ¬ë¼ì´	ç‹å¤§ç›—	ç‹å¤§ç›œ
829	ãƒ’ãƒ¡ãƒ³ã‚«	Gossifleur	Cottini	Tournicoton	ê¼¬ëª¨ì¹´	å¹¼æ£‰æ£‰	å¹¼æ£‰æ£‰
830	ãƒ¯ã‚¿ã‚·ãƒ©ã‚¬	Eldegoss	Cottomi	Blancoton	ë°±ì†œëª¨ì¹´	ç™½è“¬è“¬	ç™½è“¬è“¬
831	ã‚¦ãƒ¼ãƒ«ãƒ¼	Wooloo	Wolly	Moumouton	ìš°ë¥´	æ¯›è¾«ç¾Š	æ¯›è¾®ç¾Š
832	ãƒã‚¤ã‚¦ãƒ¼ãƒ«ãƒ¼	Dubwool	Zwollock	Moumouflon	ë°°ìš°ë¥´	æ¯›æ¯›è§’ç¾Š	æ¯›æ¯›è§’ç¾Š
833	ã‚«ãƒ ã‚«ãƒ¡	Chewtle	Kamehaps	KhÃ©locrok	ê¹¨ë¬¼ë¶€ê¸°	å’¬å’¬é¾Ÿ	å’¬å’¬é¾œ
834	ã‚«ã‚¸ãƒªã‚¬ãƒ¡	Drednaw	Kamalm	Torgamord	ê°ˆê°€ë¶€ê¸°	æš´å™¬é¾Ÿ	æš´å™¬é¾œ
835	ãƒ¯ãƒ³ãƒ‘ãƒ	Yamper	Voldi	Voltoutou	ë©íŒŒì¹˜	æ¥ç”µæ±ª	ä¾†é›»æ±ª
836	ãƒ‘ãƒ«ã‚¹ãƒ¯ãƒ³	Boltund	Bellektro	Fulgudog	í„ìŠ¤ë©	é€ç”µçŠ¬	é€é›»çŠ¬
837	ã‚¿ãƒ³ãƒ‰ãƒ³	Rolycoly	Klonkett	Charbi	íƒ„ë™	å°ç‚­ä»”	å°ç‚­ä»”
838	ãƒˆãƒ­ãƒƒã‚´ãƒ³	Carkol	Wagong	Wagomine	íƒ„ì°¨ê³¤	å¤§ç‚­è½¦	å¤§ç‚­è»Š
839	ã‚»ã‚­ã‚¿ãƒ³ã‚¶ãƒ³	Coalossal	Montecarbo	Monthracite	ì„íƒ„ì‚°	å·¨ç‚­å±±	å·¨ç‚­å±±
840	ã‚«ã‚¸ãƒƒãƒãƒ¥	Applin	Knapfel	Verpom	ê³¼ì‚¬ì‚­ë²Œë ˆ	å•ƒæœè™«	å•ƒæœèŸ²
841	ã‚¢ãƒƒãƒ—ãƒªãƒ¥ãƒ¼	Flapple	Drapfel	Pomdrapi	ì• í”„ë£¡	è‹¹è£¹é¾™	è˜‹è£¹é¾
842	ã‚¿ãƒ«ãƒƒãƒ—ãƒ«	Appletun	Schlapfel	Dratatin	ë‹¨ì§€ë˜í”Œ	ä¸°èœœé¾™	è±èœœé¾
843	ã‚¹ãƒŠãƒ˜ãƒ“	Silicobra	Salanga	Dunaja	ëª¨ë˜ë±€	æ²™åŒ…è›‡	æ²™åŒ…è›‡
844	ã‚µãƒ€ã‚¤ã‚¸ãƒ£	Sandaconda	Sanaconda	Dunaconda	ì‚¬ë‹¤ì´ì‚¬	æ²™èºèŸ’	æ²™èºèŸ’
845	ã‚¦ãƒƒã‚¦	Cramorant	Urgl	Nigosier	ìœ½ìš°ì§€	å¤æœˆé¸Ÿ	å¤æœˆé³¥
846	ã‚µã‚·ã‚«ãƒã‚¹	Arrokuda	Pikuda	Embrochet	ì°Œë¡œê¼¬ì¹˜	åˆºæ¢­é±¼	åˆºæ¢­é­š
847	ã‚«ãƒã‚¹ã‚¸ãƒ§ãƒ¼	Barraskewda	Barrakiefa	Hastacuda	ê¼¬ì¹˜ì¡°	æˆ½æ–—å°–æ¢­	æˆ½æ–—å°–æ¢­
848	ã‚¨ãƒ¬ã‚ºãƒ³	Toxel	Toxel	Toxizap	ì¼ë ˆì¦Œ	æ¯’ç”µå©´	æ¯’é›»å¬°
849	ã‚¹ãƒˆãƒªãƒ³ãƒ€ãƒ¼	Toxtricity	Riffex	Salarsen	ìŠ¤íŠ¸ë¦°ë”	é¢¤å¼¦è¾èˆ	é¡«å¼¦è ‘èˆ
850	ãƒ¤ã‚¯ãƒ‡	Sizzlipede	Thermopod	Grillepattes	íƒœìš°ì§€ë„¤	çƒ§ç«èš£	ç‡’ç«èš£
851	ãƒãƒ«ãƒ¤ã‚¯ãƒ‡	Centiskorch	Infernopod	Scolocendre	ë‹¤íƒœìš°ì§€ë„¤	ç„šç„°èš£	ç„šç„°èš£
852	ã‚¿ã‚¿ãƒƒã‚³	Clobbopus	Klopptopus	Poulpaf	ë•Œë•Œë¬´ë…¸	æ‹³æ‹³è›¸	æ‹³æ‹³è›¸
853	ã‚ªãƒˆã‚¹ãƒ‘ã‚¹	Grapploct	Kaocto	Krakos	ì¼€ì˜¤í¼ìŠ¤	å…«çˆªæ­¦å¸ˆ	å…«çˆªæ­¦å¸«
854	ãƒ¤ãƒãƒãƒ£	Sinistea	Fatalitee	ThÃ©ffroi	ë°ì¸ì°¨	æ¥æ‚²èŒ¶	ä¾†æ‚²èŒ¶
855	ãƒãƒƒãƒˆãƒ‡ã‚¹	Polteageist	Mortipot	PolthÃ©geist	í¬íŠ¸ë°ìŠ¤	æ€–æ€å£¶	æ€–æ€å£º
856	ãƒŸãƒ–ãƒªãƒ 	Hatenna	Brimova	Bibichut	ëª¸ì§€ë¸Œë¦¼	è¿·å¸ƒè‰å§†	è¿·å¸ƒè‰å§†
857	ãƒ†ãƒ–ãƒªãƒ 	Hattrem	Brimano	Chapotus	ì†ì§€ë¸Œë¦¼	æå¸ƒè‰å§†	æå¸ƒè‰å§†
858	ãƒ–ãƒªãƒ ã‚ªãƒ³	Hatterene	Silembrim	Sorcilence	ë¸Œë¦¬ë¬´ìŒ	å¸ƒè‰å§†æ¸©	å¸ƒè‰å§†æº«
859	ãƒ™ãƒ­ãƒãƒ¼	Impidimp	BÃ¤hmon	Grimalin	ë©”ë¡±ê¿	æ£è›‹å°å¦–	æ—è›‹å°å¦–
860	ã‚®ãƒ¢ãƒ¼	Morgrem	Pelzebub	Fourbelin	ì˜ê²¨ëª¨	è¯ˆå”¬é­”	è©å”¬é­”
861	ã‚ªãƒ¼ãƒ­ãƒ³ã‚²	Grimmsnarl	Olangaar	Angoliath	ì˜¤ë¡±í„¸	é•¿æ¯›å·¨é­”	é•·æ¯›å·¨é­”
862	ã‚¿ãƒãƒ•ã‚µã‚°ãƒ	Obstagoon	Barrikadax	Ixon	ê°€ë¡œë§‰êµ¬ë¦¬	å µæ‹¦ç†Š	å µæ””ç†Š
863	ãƒ‹ãƒ£ã‚¤ã‚­ãƒ³ã‚°	Perrserker	Mauzinger	Berserkatt	ë‚˜ì´í‚¹	å–µå¤´ç›®	å–µé ­ç›®
864	ã‚µãƒ‹ã‚´ãƒ¼ãƒ³	Cursola	Gorgasonn	CorayÃ´me	ì‚°í˜¸ë¥´ê³¤	é­”çµçŠç‘š	é­”éˆçŠç‘š
865	ãƒã‚®ã‚¬ãƒŠã‚¤ãƒˆ	Sirfetch'd	Lauchzelot	Palarticho	ì°½íŒŒë‚˜ì´íŠ¸	è‘±æ¸¸å…µ	è”¥éŠå…µ
866	ãƒãƒªã‚³ã‚ªãƒ«	Mr. Rime	Pantifrost	M. Glaquette	ë§ˆì„ê½ê½	è¸å†°äººå¶	è¸å†°äººå¶
867	ãƒ‡ã‚¹ãƒãƒ¼ãƒ³	Runerigus	Oghnatoll	TutÃ©tÃ©kri	ë°ìŠ¤íŒ	æ­»ç¥æ¿	æ­»ç¥æ¿
868	ãƒãƒ›ãƒŸãƒ«	Milcery	Hokumil	CrÃ¨my	ë§ˆë¹Œí¬	å°ä»™å¥¶	å°ä»™å¥¶
869	ãƒãƒ›ã‚¤ãƒƒãƒ—	Alcremie	Pokusan	Charmilly	ë§ˆíœ˜í•‘	éœœå¥¶ä»™	éœœå¥¶ä»™
870	ã‚¿ã‚¤ãƒ¬ãƒ¼ãƒ„	Falinks	Legios	Hexadron	ëŒ€ì—¬ë¥´	åˆ—é˜µå…µ	åˆ—é™£å…µ
871	ãƒãƒãƒ³ã‚¦ãƒ‹	Pincurchin	Britzigel	Wattapik	ì°Œë¥´ì„±ê²Œ	å•ªåš“æµ·èƒ†	å•ªåš“æµ·è†½
872	ãƒ¦ã‚­ãƒãƒŸ	Snom	Snomnom	Frissonille	ëˆ„ë‹ˆë¨¸ê¸°	é›ªåè™«	é›ªåèŸ²
873	ãƒ¢ã‚¹ãƒã‚¦	Frosmoth	Mottineva	Beldeneige	ëª¨ìŠ¤ë…¸ìš°	é›ªç»’è›¾	é›ªçµ¨è›¾
874	ã‚¤ã‚·ãƒ˜ãƒ³ã‚¸ãƒ³	Stonjourner	Humanolith	Dolman	ëŒí—¨ì§„	å·¨çŸ³ä¸	å·¨çŸ³ä¸
875	ã‚³ã‚ªãƒªãƒƒãƒ	Eiscue	Kubuin	BekaglaÃ§on	ë¹™íë³´	å†°ç Œé¹…	å†°ç Œéµ
876	ã‚¤ã‚¨ãƒƒã‚µãƒ³	Indeedee	Servol	Wimessir	ì—ì¨ë¥´	çˆ±ç®¡ä¾	æ„›ç®¡ä¾
877	ãƒ¢ãƒ«ãƒšã‚³	Morpeko	Morpeko	Morpeko	ëª¨ë¥´í˜ì½”	è«é²è´å¯	è«é­¯è²å¯
878	ã‚¾ã‚¦ãƒ‰ã‚¦	Cufant	Kupfanti	Charibari	ë¼ë¦¬ë™	é“œè±¡	éŠ…è±¡
879	ãƒ€ã‚¤ã‚ªã‚¦ãƒ‰ã‚¦	Copperajah	Patinaraja	Pachyradjah	ëŒ€ì™•ë¼ë¦¬ë™	å¤§ç‹é“œè±¡	å¤§ç‹éŠ…è±¡
880	ãƒ‘ãƒƒãƒãƒ©ã‚´ãƒ³	Dracozolt	Lectragon	Galvagon	íŒŒì¹˜ë˜ê³¤	é›·é¸Ÿé¾™	é›·é³¥é¾
881	ãƒ‘ãƒƒãƒãƒ«ãƒ‰ãƒ³	Arctozolt	Lecryodon	Galvagla	íŒŒì¹˜ë¥´ëˆ	é›·é¸Ÿæµ·å…½	é›·é³¥æµ·ç¸
882	ã‚¦ã‚ªãƒãƒ©ã‚´ãƒ³	Dracovish	Pescragon	Hydragon	ì–´ë˜ê³¤	é³ƒé±¼é¾™	é°“é­šé¾
883	ã‚¦ã‚ªãƒãƒ«ãƒ‰ãƒ³	Arctovish	Pescryodon	Hydragla	ì–´ì¹˜ë¥´ëˆ	é³ƒé±¼æµ·å…½	é°“é­šæµ·ç¸
884	ã‚¸ãƒ¥ãƒ©ãƒ«ãƒ‰ãƒ³	Duraludon	Duraludon	Duralugon	ë‘ë„ë£¨ëˆ	é“é’¢é¾™	é‹é‹¼é¾
885	ãƒ‰ãƒ©ãƒ¡ã‚·ãƒ¤	Dreepy	Grolldra	Fantyrm	ë“œë¼ê¼°	å¤šé¾™æ¢…è¥¿äºš	å¤šé¾æ¢…è¥¿äº
886	ãƒ‰ãƒ­ãƒ³ãƒ	Drakloak	Phandra	Dispareptil	ë“œë˜ëŸ°ì¹˜	å¤šé¾™å¥‡	å¤šé¾å¥‡
887	ãƒ‰ãƒ©ãƒ‘ãƒ«ãƒˆ	Dragapult	Katapuldra	Lanssorien	ë“œë˜í„íŠ¸	å¤šé¾™å·´é²æ‰˜	å¤šé¾å·´é­¯æ‰˜
888	ã‚¶ã‚·ã‚¢ãƒ³	Zacian	Zacian	Zacian	ìì‹œì•ˆ	è‹å“	è’¼éŸ¿
889	ã‚¶ãƒã‚¼ãƒ³ã‚¿	Zamazenta	Zamazenta	Zamazenta	ìë§ˆì  íƒ€	è—ç›ç„¶ç‰¹	è—ç‘ªç„¶ç‰¹
890	ãƒ ã‚²ãƒ³ãƒ€ã‚¤ãƒŠ	Eternatus	Endynalos	Ã‰thernatos	ë¬´í•œë‹¤ì´ë…¸	æ— ææ±°é‚£	ç„¡æ¥µæ±°é‚£
???	ãƒ€ã‚¯ãƒ	Kubfu	Dakuma	Wushours	ì¹˜ê³ ë§ˆ	ç†Šå¾’å¼Ÿ	ç†Šå¾’å¼Ÿ
???	ã‚¦ãƒ¼ãƒ©ã‚ªã‚¹	Urshifu	Wulaosu	Shifours	ìš°ë¼ì˜¤ìŠ¤	æ­¦é“ç†Šå¸«	æ­¦é“ç†Šå¸«
???	ãƒãƒ‰ãƒ¬ãƒƒã‚¯ã‚¹	Calyrex	Coronospa	Sylveroy	ë²„ë“œë ‰ìŠ¤	è•¾å† ç‹	è•¾å† ç‹
-54000	ã‚¹ãƒ€ãƒƒã‚­ãƒ¼	Sudawoodo	Mogelbisam	Sudarbre	ìŠ¤ë‹¤ì§€ëª¨	é…¸æ©˜æ‰æ€ª	é…¸æ©˜æ‰æ€ª
-4000	ã‚¹ãƒ€ãƒãƒ	Bizanly	Mobisam	Manbizane	ìŠ¤ë‹¤ì§€ì§€	å¾·å²›ç›†æ‰æ€ª	å¾·å³¶ç›†æ‰æ€ª
