ğŸ‡¯ğŸ‡µ	ğŸ‡ºğŸ‡¸	ğŸ‡©ğŸ‡ª	ğŸ‡«ğŸ‡·	ğŸ‡®ğŸ‡¹	ğŸ‡ªğŸ‡¸	ğŸ‡°ğŸ‡·	ğŸ‡¨ğŸ‡³	ğŸ‡¹ğŸ‡¼
ã¯ãŸã	Pound	Pfund	Ã‰crasâ€™Face	Botta	Destructor	ë§‰ì¹˜ê¸°	æ‹å‡»	æ‹æ“Š
ã‹ã‚‰ã¦ãƒãƒ§ãƒƒãƒ—	Karate Chop	Karateschlag	Poing-KaratÃ©	Colpokarate	Golpe KÃ¡rate	íƒœê¶Œë‹¹ìˆ˜	ç©ºæ‰‹åŠˆ	ç©ºæ‰‹åŠˆ
ãŠã†ãµããƒ“ãƒ³ã‚¿	Double Slap	Duplexhieb	Torgnoles	Doppiasberla	Doble BofetÃ³n	ì—°ì†ëº¨ì¹˜ê¸°	è¿ç¯å·´æŒ	é€£ç’°å·´æŒ
ã‚Œã‚“ãããƒ‘ãƒ³ãƒ	Comet Punch	Kometenhieb	Poing ComÃ¨te	Cometapugno	PuÃ±o Cometa	ì—°ì†í€ì¹˜	è¿ç»­æ‹³	é€£çºŒæ‹³
ãƒ¡ã‚¬ãƒˆãƒ³ãƒ‘ãƒ³ãƒ	Mega Punch	Megahieb	Ultimapoing	Megapugno	MegapuÃ±o	ë©”ê°€í†¤í€ì¹˜	ç™¾ä¸‡å¨é‡æ‹³	ç™¾è¬å™¸é‡æ‹³
ãƒã‚³ã«ã“ã°ã‚“	Pay Day	Zahltag	Jackpot	Giornopaga	DÃ­a de Pago	ê³ ì–‘ì´ëˆë°›ê¸°	èšå®åŠŸ	èšå¯¶åŠŸ
ã»ã®ãŠã®ãƒ‘ãƒ³ãƒ	Fire Punch	Feuerschlag	Poing de Feu	Fuocopugno	PuÃ±o Fuego	ë¶ˆê½ƒí€ì¹˜	ç«ç„°æ‹³	ç«ç„°æ‹³
ã‚Œã„ã¨ã†ãƒ‘ãƒ³ãƒ	Ice Punch	Eishieb	Poing-Glace	Gelopugno	PuÃ±o Hielo	ëƒ‰ë™í€ì¹˜	å†°å†»æ‹³	å†°å‡æ‹³
ã‹ã¿ãªã‚Šãƒ‘ãƒ³ãƒ	Thunder Punch	Donnerschlag	Poing-Ã‰clair	Tuonopugno	PuÃ±o Trueno	ë²ˆê°œí€ì¹˜	é›·ç”µæ‹³	é›·é›»æ‹³
ã²ã£ã‹ã	Scratch	Kratzer	Griffe	Graffio	AraÃ±azo	í• í€´ê¸°	æŠ“	æŠ“
ã¯ã•ã‚€	Vice Grip	Klammer	Force Poigne	Presa	Agarre	ì°ê¸°	å¤¹ä½	å¤¾ä½
ãƒã‚µãƒŸã‚®ãƒ­ãƒãƒ³	Guillotine	Guillotine	Guillotine	Ghigliottina	Guillotina	ê°€ìœ„ìë¥´ê¸°	æ–­å¤´é’³	æ–·é ­é‰—
ã‹ã¾ã„ãŸã¡	Razor Wind	Klingensturm	Coupe-Vent	Ventagliente	Viento Cortante	ì¹¼ë°”ëŒ	æ—‹é£åˆ€	æ—‹é¢¨åˆ€
ã¤ã‚‹ãã®ã¾ã„	Swords Dance	Schwerttanz	Danse-Lames	Danzaspada	Danza Espada	ì¹¼ì¶¤	å‰‘èˆ	åŠèˆ
ã„ã‚ã„ãã‚Š	Cut	Zerschneider	Coupe	Taglio	Corte	í’€ë² ê¸°	å±…åˆæ–©	å±…åˆæ–¬
ã‹ãœãŠã“ã—	Gust	WindstoÃŸ	Tornade	Raffica	Tornado	ë°”ëŒì¼ìœ¼í‚¤ê¸°	èµ·é£	èµ·é¢¨
ã¤ã°ã•ã§ã†ã¤	Wing Attack	FlÃ¼gelschlag	Cru-Aile	Attacco dâ€™Ala	Ataque Ala	ë‚ ê°œì¹˜ê¸°	ç¿…è†€æ”»å‡»	ç¿…è†€æ”»æ“Š
ãµãã¨ã°ã—	Whirlwind	Wirbelwind	Cyclone	Turbine	Remolino	ë‚ ë ¤ë²„ë¦¬ê¸°	å¹é£	å¹é£›
ãã‚‰ã‚’ã¨ã¶	Fly	Fliegen	Vol	Volo	Vuelo	ê³µì¤‘ë‚ ê¸°	é£ç¿”	é£›ç¿”
ã—ã‚ã¤ã‘ã‚‹	Bind	Klammergriff	Ã‰treinte	Legatutto	Atadura	ì¡°ì´ê¸°	ç»‘ç´§	ç¶ç·Š
ãŸãŸãã¤ã‘ã‚‹	Slam	Slam	Souplesse	Schianto	Atizar	í˜ê»ì¹˜ê¸°	æ‘”æ‰“	æ‘”æ‰“
ã¤ã‚‹ã®ãƒ ãƒ	Vine Whip	Rankenhieb	Fouet Lianes	Frustata	LÃ¡tigo Cepa	ë©êµ´ì±„ì°	è—¤é­	è—¤é­
ãµã¿ã¤ã‘	Stomp	Stampfer	Ã‰crasement	Pestone	PisotÃ³n	ì§“ë°Ÿê¸°	è¸©è¸	è¸©è¸
ã«ã©ã’ã‚Š	Double Kick	Doppelkick	Double Pied	Doppiocalcio	Doble Patada	ë‘ë²ˆì¹˜ê¸°	äºŒè¿è¸¢	äºŒé€£è¸¢
ãƒ¡ã‚¬ãƒˆãƒ³ã‚­ãƒƒã‚¯	Mega Kick	Megakick	Ultimawashi	Megacalcio	Megapatada	ë©”ê°€í†¤í‚¥	ç™¾ä¸‡å¨é‡è¸¢	ç™¾è¬å™¸é‡è¸¢
ã¨ã³ã’ã‚Š	Jump Kick	Sprungkick	Pied SautÃ©	Calciosalto	Patada Salto	ì í”„í‚¥	é£è¸¢	é£›è¸¢
ã¾ã‚ã—ã’ã‚Š	Rolling Kick	Fegekick	Mawashi Geri	Calciorullo	Patada Giro	ëŒë ¤ì°¨ê¸°	å›æ—‹è¸¢	è¿´æ—‹è¸¢
ã™ãªã‹ã‘	Sand Attack	Sandwirbel	Jet de Sable	Turbosabbia	Ataque Arena	ëª¨ë˜ë¿Œë¦¬ê¸°	æ³¼æ²™	æ½‘æ²™
ãšã¤ã	Headbutt	Kopfnuss	Coup dâ€™Boule	Bottintesta	Golpe Cabeza	ë°•ì¹˜ê¸°	å¤´é”¤	é ­éŒ˜
ã¤ã®ã§ã¤ã	Horn Attack	Hornattacke	Koudâ€™Korne	Incornata	Cornada	ë¿”ì°Œë¥´ê¸°	è§’æ’	è§’æ’
ã¿ã ã‚Œã¥ã	Fury Attack	Furienschlag	Furie	Furia	Ataque Furia	ë§ˆêµ¬ì°Œë¥´ê¸°	ä¹±å‡»	äº‚æ“Š
ã¤ã®ãƒ‰ãƒªãƒ«	Horn Drill	Hornbohrer	Empalâ€™Korne	Perforcorno	Perforador	ë¿”ë“œë¦´	è§’é’»	è§’é‘½
ãŸã„ã‚ãŸã‚Š	Tackle	Tackle	Charge	Azione	Placaje	ëª¸í†µë°•ì¹˜ê¸°	æ’å‡»	æ’æ“Š
ã®ã—ã‹ã‹ã‚Š	Body Slam	Bodyslam	Plaquage	Corposcontro	Golpe Cuerpo	ëˆ„ë¥´ê¸°	æ³°å±±å‹é¡¶	æ³°å±±å£“é ‚
ã¾ãã¤ã	Wrap	Wickel	Ligotage	Avvolgibotta	ConstricciÃ³n	ê¹€ë°¥ë§ì´	ç´§æŸ	ç·ŠæŸ
ã¨ã£ã—ã‚“	Take Down	Bodycheck	BÃ©lier	Riduttore	Derribo	ëŒì§„	çŒ›æ’	çŒ›æ’
ã‚ã°ã‚Œã‚‹	Thrash	Fuchtler	Mania	Colpo	Golpe	ë‚œë™ë¶€ë¦¬ê¸°	å¤§é—¹ä¸€ç•ª	å¤§é¬§ä¸€ç•ª
ã™ã¦ã¿ã‚¿ãƒƒã‚¯ãƒ«	Double-Edge	Risikotackle	DamoclÃ¨s	Sdoppiatore	Doble Filo	ì´íŒì‚¬íŒíƒœí´	èˆèº«å†²æ’	æ¨èº«è¡æ’
ã—ã£ã½ã‚’ãµã‚‹	Tail Whip	Rutenschlag	Mimi-Queue	Colpocoda	LÃ¡tigo	ê¼¬ë¦¬í”ë“¤ê¸°	æ‘‡å°¾å·´	æ–å°¾å·´
ã©ãã°ã‚Š	Poison Sting	Giftstachel	Dard-Venin	Velenospina	Picotazo Ven	ë…ì¹¨	æ¯’é’ˆ	æ¯’é‡
ãƒ€ãƒ–ãƒ«ãƒ‹ãƒ¼ãƒ‰ãƒ«	Twineedle	Duonadel	Double-Dard	Doppio Ago	Doble Ataque	ë”ë¸”ë‹ˆë“¤	åŒé’ˆ	é›™é‡
ãƒŸã‚µã‚¤ãƒ«ã°ã‚Š	Pin Missile	Nadelrakete	Dard-NuÃ©e	Missilspillo	Pin Misil	ë°”ëŠ˜ë¯¸ì‚¬ì¼	é£å¼¹é’ˆ	é£›å½ˆé‡
ã«ã‚‰ã¿ã¤ã‘ã‚‹	Leer	Silberblick	Grozâ€™Yeux	Fulmisguardo	Malicioso	ì§¸ë ¤ë³´ê¸°	çªçœ¼	çªçœ¼
ã‹ã¿ã¤ã	Bite	Biss	Morsure	Morso	Mordisco	ë¬¼ê¸°	å’¬ä½	å’¬ä½
ãªãã”ãˆ	Growl	Heuler	Rugissement	Ruggito	GruÃ±ido	ìš¸ìŒì†Œë¦¬	å«å£°	å«è²
ã»ãˆã‚‹	Roar	BrÃ¼ller	Hurlement	Boato	Rugido	ìš¸ë¶€ì§–ê¸°	å¼å«	å¼å«
ã†ãŸã†	Sing	Gesang	Berceuse	Canto	Canto	ë…¸ë˜í•˜ê¸°	å”±æ­Œ	å”±æ­Œ
ã¡ã‚‡ã†ãŠã‚“ã±	Supersonic	Superschall	Ultrason	Supersuono	SupersÃ³nico	ì´ˆìŒíŒŒ	è¶…éŸ³æ³¢	è¶…éŸ³æ³¢
ã‚½ãƒ‹ãƒƒã‚¯ãƒ–ãƒ¼ãƒ 	Sonic Boom	Ultraschall	Sonicboom	Sonicboom	Bomba SÃ³nica	ì†Œë‹‰ë¶	éŸ³çˆ†	éŸ³çˆ†
ã‹ãªã—ã°ã‚Š	Disable	Aussetzer	Entrave	Inibitore	AnulaciÃ³n	ì‚¬ìŠ¬ë¬¶ê¸°	å®šèº«æ³•	å®šèº«æ³•
ã‚ˆã†ã‹ã„ãˆã	Acid	SÃ¤ure	Acide	Acido	Ãcido	ìš©í•´ì•¡	æº¶è§£æ¶²	æº¶è§£æ¶²
ã²ã®ã“	Ember	Glut	FlammÃ¨che	Braciere	Ascuas	ë¶ˆê½ƒì„¸ë¡€	ç«èŠ±	ç«èŠ±
ã‹ãˆã‚“ã»ã†ã—ã‚ƒ	Flamethrower	Flammenwurf	Lance-Flammes	Lanciafiamme	Lanzallamas	í™”ì—¼ë°©ì‚¬	å–·å°„ç«ç„°	å™´å°„ç«ç„°
ã—ã‚ã„ãã‚Š	Mist	WeiÃŸnebel	Brume	Nebbia	Neblina	í°ì•ˆê°œ	ç™½é›¾	ç™½éœ§
ã¿ãšã§ã£ã½ã†	Water Gun	Aquaknarre	Pistolet Ã  O	Pistolacqua	Pistola Agua	ë¬¼ëŒ€í¬	æ°´æª	æ°´æ§
ãƒã‚¤ãƒ‰ãƒ­ãƒãƒ³ãƒ—	Hydro Pump	Hydropumpe	Hydrocanon	Idropompa	Hidrobomba	í•˜ì´ë“œë¡œíŒí”„	æ°´ç‚®	æ°´ç‚®
ãªã¿ã®ã‚Š	Surf	Surfer	Surf	Surf	Surf	íŒŒë„íƒ€ê¸°	å†²æµª	è¡æµª
ã‚Œã„ã¨ã†ãƒ“ãƒ¼ãƒ 	Ice Beam	Eisstrahl	Laser Glace	Geloraggio	Rayo Hielo	ëƒ‰ë™ë¹”	å†°å†»å…‰æŸ	å†°å‡å…‰æŸ
ãµã¶ã	Blizzard	Blizzard	Blizzard	Bora	Ventisca	ëˆˆë³´ë¼	æš´é£é›ª	æš´é¢¨é›ª
ã‚µã‚¤ã‚±ã“ã†ã›ã‚“	Psybeam	Psystrahl	Rafale Psy	Psicoraggio	Psicorrayo	í™˜ìƒë¹”	å¹»è±¡å…‰çº¿	å¹»è±¡å…‰ç·š
ãƒãƒ–ãƒ«ã“ã†ã›ã‚“	Bubble Beam	Blubbstrahl	Bulles dâ€™O	Bollaraggio	Rayo Burbuja	ê±°í’ˆê´‘ì„ 	æ³¡æ²«å…‰çº¿	æ³¡æ²«å…‰ç·š
ã‚ªãƒ¼ãƒ­ãƒ©ãƒ“ãƒ¼ãƒ 	Aurora Beam	Aurorastrahl	Onde BorÃ©ale	Raggiaurora	Rayo Aurora	ì˜¤ë¡œë¼ë¹”	æå…‰æŸ	æ¥µå…‰æŸ
ã¯ã‹ã„ã“ã†ã›ã‚“	Hyper Beam	Hyperstrahl	Ultralaser	Iper Raggio	Hiperrayo	íŒŒê´´ê´‘ì„ 	ç ´åå…‰çº¿	ç ´å£å…‰ç·š
ã¤ã¤ã	Peck	Schnabel	Picpic	Beccata	Picotazo	ìª¼ê¸°	å•„	å•„
ãƒ‰ãƒªãƒ«ãã¡ã°ã—	Drill Peck	Bohrschnabel	Bec Vrille	Perforbecco	Pico Taladro	íšŒì „ë¶€ë¦¬	å•„é’»	å•„é‘½
ã˜ã”ããã‚‹ã¾	Submission	Ãœberroller	Sacrifice	Sottomissione	SumisiÃ³n	ì§€ì˜¥ì˜ë°”í€´	åœ°ç‹±ç¿»æ»š	åœ°ç„ç¿»æ»¾
ã‘ãŸãã‚Š	Low Kick	FuÃŸkick	Balayage	Colpo Basso	Patada Baja	ì•ˆë‹¤ë¦¬ê±¸ê¸°	è¸¢å€’	è¸¢å€’
ã‚«ã‚¦ãƒ³ã‚¿ãƒ¼	Counter	Konter	Riposte	Contrattacco	Contraataque	ì¹´ìš´í„°	åŒå€å¥‰è¿˜	é›™å€å¥‰é‚„
ã¡ãã‚…ã†ãªã’	Seismic Toss	Geowurf	Frappe Atlas	Movim. Sismico	Mov. SÃ­smico	ì§€êµ¬ë˜ì§€ê¸°	åœ°çƒä¸ŠæŠ•	åœ°çƒä¸ŠæŠ•
ã‹ã„ã‚Šã	Strength	StÃ¤rke	Force	Forza	Fuerza	ê´´ë ¥	æ€ªåŠ›	æ€ªåŠ›
ã™ã„ã¨ã‚‹	Absorb	Absorber	Vol-Vie	Assorbimento	Absorber	í¡ìˆ˜	å¸å–	å¸å–
ãƒ¡ã‚¬ãƒ‰ãƒ¬ã‚¤ãƒ³	Mega Drain	Megasauger	MÃ©ga-Sangsue	Megassorbimento	Megaagotar	ë©”ê°€ë“œë ˆì¸	è¶…çº§å¸å–	è¶…ç´šå¸å–
ã‚„ã©ã‚Šãã®ã‚¿ãƒ	Leech Seed	Egelsamen	Vampigraine	Parassiseme	Drenadoras	ì”¨ë¿Œë¦¬ê¸°	å¯„ç”Ÿç§å­	å¯„ç”Ÿç¨®å­
ã›ã„ã¡ã‚‡ã†	Growth	Wachstum	Croissance	Crescita	Desarrollo	ì„±ì¥	ç”Ÿé•¿	ç”Ÿé•·
ã¯ã£ã±ã‚«ãƒƒã‚¿ãƒ¼	Razor Leaf	Rasierblatt	Tranchâ€™Herbe	Foglielama	Hoja Afilada	ìë‚ ê°€ë¥´ê¸°	é£å¶å¿«åˆ€	é£›è‘‰å¿«åˆ€
ã‚½ãƒ¼ãƒ©ãƒ¼ãƒ“ãƒ¼ãƒ 	Solar Beam	Solarstrahl	Lance-Soleil	Solarraggio	Rayo Solar	ì†”ë¼ë¹”	æ—¥å…‰æŸ	æ—¥å…‰æŸ
ã©ãã®ã“ãª	Poison Powder	Giftpuder	Poudre Toxik	Velenpolvere	Polvo Veneno	ë…ê°€ë£¨	æ¯’ç²‰	æ¯’ç²‰
ã—ã³ã‚Œã”ãª	Stun Spore	Stachelspore	Para-Spore	Paralizzante	Paralizador	ì €ë¦¬ê°€ë£¨	éº»ç—¹ç²‰	éº»ç—ºç²‰
ã­ã‚€ã‚Šã”ãª	Sleep Powder	Schlafpuder	Poudre Dodo	Sonnifero	SomnÃ­fero	ìˆ˜ë©´ê°€ë£¨	å‚¬çœ ç²‰	å‚¬çœ ç²‰
ã¯ãªã³ã‚‰ã®ã¾ã„	Petal Dance	BlÃ¤ttertanz	Danse-Fleur	Petalodanza	Danza PÃ©talo	ê½ƒìëŒ„ìŠ¤	èŠ±ç“£èˆ	èŠ±ç“£èˆ
ã„ã¨ã‚’ã¯ã	String Shot	Fadenschuss	SÃ©crÃ©tion	Millebave	Disparo Demora	ì‹¤ë¿œê¸°	åä¸	åçµ²
ã‚Šã‚…ã†ã®ã„ã‹ã‚Š	Dragon Rage	Drachenwut	Draco-Rage	Ira di Drago	Furia DragÃ³n	ìš©ì˜ë¶„ë…¸	é¾™ä¹‹æ€’	é¾ä¹‹æ€’
ã»ã®ãŠã®ã†ãš	Fire Spin	Feuerwirbel	Danse Flamme	Turbofuoco	Giro Fuego	íšŒì˜¤ë¦¬ë¶ˆê½ƒ	ç«ç„°æ—‹æ¶¡	ç«ç„°æ—‹æ¸¦
ã§ã‚“ãã‚·ãƒ§ãƒƒã‚¯	Thunder Shock	Donnerschock	Ã‰clair	Tuonoshock	Impactrueno	ì „ê¸°ì‡¼í¬	ç”µå‡»	é›»æ“Š
10ã¾ã‚“ãƒœãƒ«ãƒˆ	Thunderbolt	Donnerblitz	Tonnerre	Fulmine	Rayo	10ë§Œë³¼íŠ¸	åä¸‡ä¼ç‰¹	åè¬ä¼ç‰¹
ã§ã‚“ã˜ã¯	Thunder Wave	Donnerwelle	Cage-Ã‰clair	Tuononda	Onda Trueno	ì „ê¸°ìì„íŒŒ	ç”µç£æ³¢	é›»ç£æ³¢
ã‹ã¿ãªã‚Š	Thunder	Donner	Fatal-Foudre	Tuono	Trueno	ë²ˆê°œ	æ‰“é›·	æ‰“é›·
ã„ã‚ãŠã¨ã—	Rock Throw	Steinwurf	Jet-Pierres	Sassata	Lanzarrocas	ëŒë–¨êµ¬ê¸°	è½çŸ³	è½çŸ³
ã˜ã—ã‚“	Earthquake	Erdbeben	SÃ©isme	Terremoto	Terremoto	ì§€ì§„	åœ°éœ‡	åœ°éœ‡
ã˜ã‚ã‚Œ	Fissure	Geofissur	AbÃ®me	Abisso	Fisura	ë•…ê°€ë¥´ê¸°	åœ°è£‚	åœ°è£‚
ã‚ãªã‚’ã»ã‚‹	Dig	Schaufler	Tunnel	Fossa	Excavar	êµ¬ë©íŒŒê¸°	æŒ–æ´	æŒ–æ´
ã©ãã©ã	Toxic	Toxin	Toxik	Tossina	TÃ³xico	ë§¹ë…	å‰§æ¯’	åŠ‡æ¯’
ã­ã‚“ã‚Šã	Confusion	Konfusion	Choc Mental	Confusione	ConfusiÃ³n	ì—¼ë™ë ¥	å¿µåŠ›	å¿µåŠ›
ã‚µã‚¤ã‚³ã‚­ãƒã‚·ã‚¹	Psychic	Psychokinese	Psyko	Psichico	PsÃ­quico	ì‚¬ì´ì½”í‚¤ë„¤ì‹œìŠ¤	ç²¾ç¥å¼ºå¿µ	ç²¾ç¥å¼·å¿µ
ã•ã„ã¿ã‚“ã˜ã‚…ã¤	Hypnosis	Hypnose	Hypnose	Ipnosi	Hipnosis	ìµœë©´ìˆ 	å‚¬çœ æœ¯	å‚¬çœ è¡“
ãƒ¨ã‚¬ã®ãƒãƒ¼ã‚º	Meditate	Meditation	Yoga	Meditazione	MeditaciÃ³n	ìš”ê°€í¬ì¦ˆ	ç‘œä¼½å§¿åŠ¿	ç‘œä¼½å§¿å‹¢
ã“ã†ããã„ã©ã†	Agility	AgilitÃ¤t	HÃ¢te	AgilitÃ 	Agilidad	ê³ ì†ì´ë™	é«˜é€Ÿç§»åŠ¨	é«˜é€Ÿç§»å‹•
ã§ã‚“ã“ã†ã›ã£ã‹	Quick Attack	Ruckzuckhieb	Vive-Attaque	Attacco Rapido	Ataque RÃ¡pido	ì „ê´‘ì„í™”	ç”µå…‰ä¸€é—ª	é›»å…‰ä¸€é–ƒ
ã„ã‹ã‚Š	Rage	Raserei	FrÃ©nÃ©sie	Ira	Furia	ë¶„ë…¸	æ„¤æ€’	æ†¤æ€’
ãƒ†ãƒ¬ãƒãƒ¼ãƒˆ	Teleport	Teleport	TÃ©lÃ©port	Teletrasporto	Teletransporte	ìˆœê°„ì´ë™	ç¬é—´ç§»åŠ¨	ç¬é–“ç§»å‹•
ãƒŠã‚¤ãƒˆãƒ˜ãƒƒãƒ‰	Night Shade	Nachtnebel	Ombre Nocturne	Ombra Notturna	Tinieblas	ë‚˜ì´íŠ¸í—¤ë“œ	é»‘å¤œé­”å½±	é»‘å¤œé­”å½±
ã‚‚ã®ã¾ã­	Mimic	Mimikry	Copie	Mimica	MimÃ©tico	í‰ë‚´ë‚´ê¸°	æ¨¡ä»¿	æ¨¡ä»¿
ã„ã‚„ãªãŠã¨	Screech	Kreideschrei	Grincement	Stridio	Chirrido	ì‹«ì€ì†Œë¦¬	åˆºè€³å£°	åˆºè€³è²
ã‹ã’ã¶ã‚“ã—ã‚“	Double Team	Doppelteam	Reflet	Doppioteam	Doble Equipo	ê·¸ë¦¼ìë¶„ì‹ 	å½±å­åˆ†èº«	å½±å­åˆ†èº«
ã˜ã“ã•ã„ã›ã„	Recover	Genesung	Soin	Ripresa	RecuperaciÃ³n	HPíšŒë³µ	è‡ªæˆ‘å†ç”Ÿ	è‡ªæˆ‘å†ç”Ÿ
ã‹ãŸããªã‚‹	Harden	HÃ¤rtner	Armure	Rafforzatore	Fortaleza	ë‹¨ë‹¨í•´ì§€ê¸°	å˜ç¡¬	è®Šç¡¬
ã¡ã„ã•ããªã‚‹	Minimize	Komprimator	Lilliput	Minimizzato	ReducciÃ³n	ì‘ì•„ì§€ê¸°	å˜å°	è®Šå°
ãˆã‚“ã¾ã	Smokescreen	Rauchwolke	Brouillard	Muro di Fumo	Pantalla de Humo	ì—°ë§‰	çƒŸå¹•	ç…™å¹•
ã‚ã‚„ã—ã„ã²ã‹ã‚Š	Confuse Ray	Konfustrahl	Onde Folie	Stordiraggio	Rayo Confuso	ì´ìƒí•œë¹›	å¥‡å¼‚ä¹‹å…‰	å¥‡ç•°ä¹‹å…‰
ã‹ã‚‰ã«ã“ã‚‚ã‚‹	Withdraw	Panzerschutz	Repli	Ritirata	Refugio	ê»ì§ˆì—ìˆ¨ê¸°	ç¼©å…¥å£³ä¸­	ç¸®å…¥æ®¼ä¸­
ã¾ã‚‹ããªã‚‹	Defense Curl	Einigler	Boulâ€™Armure	Ricciolscudo	Rizo Defensa	ì›…í¬ë¦¬ê¸°	å˜åœ†	è®Šåœ“
ãƒãƒªã‚¢ãƒ¼	Barrier	Barriere	Bouclier	Barriera	Barrera	ë°°ë¦¬ì–´	å±éšœ	å±éšœ
ã²ã‹ã‚Šã®ã‹ã¹	Light Screen	Lichtschild	Mur LumiÃ¨re	Schermoluce	Pantalla de Luz	ë¹›ì˜ì¥ë§‰	å…‰å¢™	å…‰ç‰†
ãã‚ã„ãã‚Š	Haze	Dunkelnebel	BuÃ©e Noire	Nube	Niebla	í‘ì•ˆê°œ	é»‘é›¾	é»‘éœ§
ãƒªãƒ•ãƒ¬ã‚¯ã‚¿ãƒ¼	Reflect	Reflektor	Protection	Riflesso	Reflejo	ë¦¬í”Œë ‰í„°	åå°„å£	åå°„å£
ãã‚ã„ã ã‚	Focus Energy	Energiefokus	Puissance	Focalenergia	Foco EnergÃ­a	ê¸°ì¶©ì „	èšæ°”	èšæ°£
ãŒã¾ã‚“	Bide	Geduld	Patience	Pazienza	Venganza	ì°¸ê¸°	å¿è€	å¿è€
ã‚†ã³ã‚’ãµã‚‹	Metronome	Metronom	MÃ©tronome	Metronomo	MetrÃ³nomo	ì†ê°€ë½í”ë“¤ê¸°	æŒ¥æŒ‡	æ®æŒ‡
ã‚ªã‚¦ãƒ ãŒãˆã—	Mirror Move	Spiegeltrick	Mimique	Speculmossa	Mov. Espejo	ë”°ë¼í•˜ê¸°	é¹¦é¹‰å­¦èˆŒ	é¸šéµ¡å­¸èˆŒ
ã˜ã°ã	Self-Destruct	Finale	Destruction	Autodistruzione	AutodestrucciÃ³n	ìí­	è‡ªçˆ†	è‡ªçˆ†
ã‚¿ãƒã‚´ã°ãã ã‚“	Egg Bomb	Eierbombe	Bombâ€™Å’uf	Uovobomba	Bomba Huevo	ì•Œí­íƒ„	ç‚¸è›‹	ç‚¸è›‹
ã—ãŸã§ãªã‚ã‚‹	Lick	Schlecker	LÃ©chouille	Leccata	LengÃ¼etazo	í•¥ê¸°	èˆŒèˆ”	èˆŒèˆ”
ã‚¹ãƒ¢ãƒƒã‚°	Smog	Smog	PurÃ©dpois	Smog	PoluciÃ³n	ìŠ¤ëª¨ê·¸	æµŠé›¾	æ¿éœ§
ãƒ˜ãƒ‰ãƒ­ã“ã†ã’ã	Sludge	Schlammbad	DÃ©tritus	Fango	Residuos	ì˜¤ë¬¼ê³µê²©	æ±¡æ³¥æ”»å‡»	æ±¡æ³¥æ”»æ“Š
ãƒ›ãƒã“ã‚“ã¼ã†	Bone Club	Knochenkeule	Massdâ€™Os	Ossoclava	Hueso Palo	ë¼ˆë‹¤ê·€ì¹˜ê¸°	éª¨æ£’	éª¨æ£’
ã ã„ã‚‚ã‚“ã˜	Fire Blast	Feuersturm	DÃ©flagration	Fuocobomba	Llamarada	ë¶ˆëŒ€ë¬¸ì	å¤§å­—çˆ†ç‚	å¤§å­—çˆ†ç‚
ãŸãã®ã¼ã‚Š	Waterfall	Kaskade	Cascade	Cascata	Cascada	í­í¬ì˜¤ë¥´ê¸°	æ”€ç€‘	æ”€ç€‘
ã‹ã‚‰ã§ã¯ã•ã‚€	Clamp	Schnapper	Claquoir	Tenaglia	Tenaza	ê»ì§ˆë¼ìš°ê¸°	è´å£³å¤¹å‡»	è²æ®¼å¤¾æ“Š
ã‚¹ãƒ”ãƒ¼ãƒ‰ã‚¹ã‚¿ãƒ¼	Swift	Sternschauer	MÃ©tÃ©ores	Comete	Rapidez	ìŠ¤í”¼ë“œìŠ¤íƒ€	é«˜é€Ÿæ˜Ÿæ˜Ÿ	é«˜é€Ÿæ˜Ÿæ˜Ÿ
ãƒ­ã‚±ãƒƒãƒˆãšã¤ã	Skull Bash	SchÃ¤delwumme	Coudâ€™KrÃ¢ne	Capocciata	Cabezazo	ë¡œì¼€íŠ¸ë°•ì¹˜ê¸°	ç«ç®­å¤´é”¤	ç«ç®­é ­éŒ˜
ã¨ã’ã‚­ãƒ£ãƒãƒ³	Spike Cannon	Dornkanone	Picanon	Sparalance	Clavo CaÃ±Ã³n	ê°€ì‹œëŒ€í¬	å°–åˆºåŠ å†œç‚®	å°–åˆºåŠ è¾²ç‚®
ã‹ã‚‰ã¿ã¤ã	Constrict	Umklammerung	Constriction	Limitazione	RestricciÃ³n	íœ˜ê°ê¸°	ç¼ ç»•	çºç¹
ãƒ‰ã‚ã™ã‚Œ	Amnesia	Amnesie	AmnÃ©sie	Amnesia	Amnesia	ë§ê°ìˆ 	ç¬é—´å¤±å¿†	ç¬é–“å¤±æ†¶
ã‚¹ãƒ—ãƒ¼ãƒ³ã¾ã’	Kinesis	Psykraft	TÃ©lÃ©kinÃ©sie	CinÃ¨si	KinÃ©tico	ìˆŸê°€ë½íœ˜ê¸°	æŠ˜å¼¯æ±¤åŒ™	æŠ˜å½æ¹¯åŒ™
ã‚¿ãƒã‚´ã†ã¿	Soft-Boiled	Weichei	E-Coque	Covauova	Amortiguador	ì•Œë‚³ê¸°	ç”Ÿè›‹	ç”Ÿè›‹
ã¨ã³ã²ã–ã’ã‚Š	High Jump Kick	Turmkick	Pied Voltige	Calcinvolo	Pat. Salto Alta	ë¬´ë¦ì°¨ê¸°	é£è†è¸¢	é£›è†è¸¢
ã¸ã³ã«ã‚‰ã¿	Glare	Giftblick	Regard MÃ©dusant	Sguardo Feroce	Deslumbrar	ë±€ëˆˆì´ˆë¦¬	å¤§è›‡çªçœ¼	å¤§è›‡çªçœ¼
ã‚†ã‚ãã„	Dream Eater	Traumfresser	DÃ©vorÃªve	Mangiasogni	Come SueÃ±os	ê¿ˆë¨¹ê¸°	é£Ÿæ¢¦	é£Ÿå¤¢
ã©ãã‚¬ã‚¹	Poison Gas	Giftwolke	Gaz Toxik	Velenogas	Gas Venenoso	ë…ê°€ìŠ¤	æ¯’ç“¦æ–¯	æ¯’ç“¦æ–¯
ãŸã¾ãªã’	Barrage	Stakkato	Pilonnage	Attacco Pioggia	Presa	êµ¬ìŠ¬ë˜ì§€ê¸°	æŠ•çƒ	æŠ•çƒ
ãã‚…ã†ã‘ã¤	Leech Life	Blutsauger	Vampirisme	Sanguisuga	Chupavidas	í¡í˜ˆ	å¸è¡€	å¸è¡€
ã‚ãã¾ã®ã‚­ãƒƒã‚¹	Lovely Kiss	Todeskuss	Grobisou	Demonbacio	Beso Amoroso	ì•…ë§ˆì˜í‚¤ìŠ¤	æ¶é­”ä¹‹å»	æƒ¡é­”ä¹‹å»
ã‚´ãƒƒãƒ‰ãƒãƒ¼ãƒ‰	Sky Attack	Himmelsfeger	PiquÃ©	Aeroattacco	Ataque AÃ©reo	ë¶ˆìƒˆ	ç¥é¸ŸçŒ›å‡»	ç¥é³¥çŒ›æ“Š
ã¸ã‚“ã—ã‚“	Transform	Wandler	Morphing	Trasformazione	TransformaciÃ³n	ë³€ì‹ 	å˜èº«	è®Šèº«
ã‚ã‚	Bubble	Blubber	Ã‰cume	Bolla	Burbuja	ê±°í’ˆ	æ³¡æ²«	æ³¡æ²«
ãƒ”ãƒ¨ãƒ”ãƒ¨ãƒ‘ãƒ³ãƒ	Dizzy Punch	Irrschlag	Uppercut	Stordipugno	PuÃ±o Mareo	ì¼ì¼í€ì¹˜	è¿·æ˜æ‹³	è¿·æ˜æ‹³
ã‚­ãƒã‚³ã®ã»ã†ã—	Spore	Pilzspore	Spore	Spora	Espora	ë²„ì„¯í¬ì	è˜‘è‡å­¢å­	è˜‘è‡å­¢å­
ãƒ•ãƒ©ãƒƒã‚·ãƒ¥	Flash	Blitz	Flash	Flash	Destello	í”Œë˜ì‹œ	é—ªå…‰	é–ƒå…‰
ã‚µã‚¤ã‚³ã‚¦ã‚§ãƒ¼ãƒ–	Psywave	Psywelle	Vague Psy	Psiconda	Psicoonda	ì‚¬ì´ì½”ì›¨ì´ë¸Œ	ç²¾ç¥æ³¢	ç²¾ç¥æ³¢
ã¯ã­ã‚‹	Splash	Platscher	Trempette	Splash	Salpicadura	íŠ€ì–´ì˜¤ë¥´ê¸°	è·ƒèµ·	èºèµ·
ã¨ã‘ã‚‹	Acid Armor	SÃ¤urepanzer	Acidarmure	Scudo Acido	Armadura Ãcida	ë…¹ê¸°	æº¶åŒ–	æº¶åŒ–
ã‚¯ãƒ©ãƒ–ãƒãƒ³ãƒãƒ¼	Crabhammer	Krabbhammer	Pince-Masse	Martellata	Martillazo	ì°ê²Œí–„ë¨¸	èŸ¹é’³é”¤	èŸ¹é‰—éŒ˜
ã ã„ã°ãã¯ã¤	Explosion	Explosion	Explosion	Esplosione	ExplosiÃ³n	ëŒ€í­ë°œ	å¤§çˆ†ç‚¸	å¤§çˆ†ç‚¸
ã¿ã ã‚Œã²ã£ã‹ã	Fury Swipes	Kratzfurie	Combo-Griffe	Sfuriate	Golpes Furia	ë§ˆêµ¬í• í€´ê¸°	ä¹±æŠ“	äº‚æŠ“
ãƒ›ãƒãƒ–ãƒ¼ãƒ¡ãƒ©ãƒ³	Bonemerang	Knochmerang	Osmerang	Ossomerang	Huesomerang	ë¼ˆë‹¤ê·€ë¶€ë©”ë‘	éª¨å¤´å›åŠ›é•–	éª¨é ­å›åŠ›é¢
ã­ã‚€ã‚‹	Rest	Erholung	Repos	Riposo	Descanso	ì ìê¸°	ç¡è§‰	ç¡è¦º
ã„ã‚ãªã ã‚Œ	Rock Slide	Steinhagel	Ã‰boulement	Frana	Avalancha	ìŠ¤í†¤ìƒ¤ì›Œ	å²©å´©	å²©å´©
ã²ã£ã•ã¤ã¾ãˆã°	Hyper Fang	Hyperzahn	Croc de Mort	Iperzanna	Hipercolmillo	í•„ì‚´ì•ë‹ˆ	å¿…æ€é—¨ç‰™	å¿…æ®ºé–€ç‰™
ã‹ãã°ã‚‹	Sharpen	SchÃ¤rfer	AffÃ»tage	Affilatore	Afilar	ê°ì§€ê¸°	æ£±è§’åŒ–	ç¨œè§’åŒ–
ãƒ†ã‚¯ã‚¹ãƒãƒ£ãƒ¼	Conversion	Umwandlung	Conversion	Conversione	ConversiÃ³n	í…ìŠ¤ì²˜	çº¹ç†	ç´‹ç†
ãƒˆãƒ©ã‚¤ã‚¢ã‚¿ãƒƒã‚¯	Tri Attack	Triplette	Triplattaque	Tripletta	Triataque	íŠ¸ë¼ì´ì–´íƒ	ä¸‰é‡æ”»å‡»	ä¸‰é‡æ”»æ“Š
ã„ã‹ã‚Šã®ã¾ãˆã°	Super Fang	Superzahn	Croc Fatal	Superzanna	Superdiente	ë¶„ë…¸ì˜ì•ë‹ˆ	æ„¤æ€’é—¨ç‰™	æ†¤æ€’é–€ç‰™
ãã‚Šã•ã	Slash	Schlitzer	Tranche	Lacerazione	Cuchillada	ë² ì–´ê°€ë¥´ê¸°	åŠˆå¼€	åŠˆé–‹
ã¿ãŒã‚ã‚Š	Substitute	Delegator	Clonage	Sostituto	Sustituto	ëŒ€íƒ€ì¶œë™	æ›¿èº«	æ›¿èº«
ã‚ã‚‹ã‚ãŒã	Struggle	Verzweifler	Lutte	Scontro	Forcejeo	ë°œë²„ë‘¥	æŒ£æ‰	æ™æ‰
ã‚¹ã‚±ãƒƒãƒ	Sketch	Nachahmer	Gribouille	Schizzo	Esquema	ìŠ¤ì¼€ì¹˜	å†™ç”Ÿ	å¯«ç”Ÿ
ãƒˆãƒªãƒ—ãƒ«ã‚­ãƒƒã‚¯	Triple Kick	Dreifachkick	Triple Pied	Triplocalcio	Triple Patada	íŠ¸ë¦¬í”Œí‚¥	ä¸‰è¿è¸¢	ä¸‰é€£è¸¢
ã©ã‚ã¼ã†	Thief	Raub	Larcin	Furto	LadrÃ³n	ë„ë‘‘ì§ˆ	å°å·	å°å·
ã‚¯ãƒ¢ã®ã™	Spider Web	Spinnennetz	Toile	Ragnatela	TelaraÃ±a	ê±°ë¯¸ì§‘	è››ç½‘	è››ç¶²
ã“ã“ã‚ã®ã‚	Mind Reader	Willensleser	Lire-Esprit	Leggimente	TelÃ©pata	ë§ˆìŒì˜ëˆˆ	å¿ƒä¹‹çœ¼	å¿ƒä¹‹çœ¼
ã‚ãã‚€	Nightmare	Nachtmahr	Cauchemar	Incubo	Pesadilla	ì•…ëª½	æ¶æ¢¦	æƒ¡å¤¢
ã‹ãˆã‚“ãã‚‹ã¾	Flame Wheel	Flammenrad	Roue de Feu	Ruotafuoco	Rueda Fuego	í™”ì—¼ìë™ì°¨	ç«ç„°è½®	ç«ç„°è¼ª
ã„ã³ã	Snore	Schnarcher	Ronflement	Russare	Ronquido	ì½”ê³¨ê¸°	æ‰“é¼¾	æ‰“é¼¾
ã®ã‚ã„	Curse	Fluch	MalÃ©diction	Maledizione	MaldiciÃ³n	ì €ì£¼	è¯…å’’	è©›å’’
ã˜ãŸã°ãŸ	Flail	Dreschflegel	FlÃ©au	Flagello	Azote	ë°”ë‘¥ë°”ë‘¥	æŠ“ç‹‚	æŠ“ç‹‚
ãƒ†ã‚¯ã‚¹ãƒãƒ£ãƒ¼2	Conversion 2	Umwandlung2	Conversion 2	Conversione2	ConversiÃ³n2	í…ìŠ¤ì²˜2	çº¹ç†2	ç´‹ç†2
ã‚¨ã‚¢ãƒ­ãƒ–ãƒ©ã‚¹ãƒˆ	Aeroblast	LuftstoÃŸ	AÃ©roblast	Aerocolpo	Aerochorro	ì—ì–´ë¡œë¸”ë¼ìŠ¤íŠ¸	æ°”æ—‹æ”»å‡»	æ°£æ—‹æ”»æ“Š
ã‚ãŸã»ã†ã—	Cotton Spore	Baumwollsaat	Spore Coton	Cottonspora	EsporagodÃ³n	ëª©í™”í¬ì	æ£‰å­¢å­	æ£‰å­¢å­
ãã—ã‹ã„ã›ã„	Reversal	Gegenschlag	Contre	Contropiede	InversiÃ³n	ê¸°ì‚¬íšŒìƒ	èµ·æ­»å›ç”Ÿ	èµ·æ­»å›ç”Ÿ
ã†ã‚‰ã¿	Spite	Groll	DÃ©pit	Dispetto	Rencor	ì›í•œ	æ€¨æ¨	æ€¨æ¨
ã“ãªã‚†ã	Powder Snow	Pulverschnee	Poudreuse	Polneve	Nieve Polvo	ëˆˆì‹¸ë¼ê¸°	ç»†é›ª	ç´°é›ª
ã¾ã‚‚ã‚‹	Protect	Schutzschild	Abri	Protezione	ProtecciÃ³n	ë°©ì–´	å®ˆä½	å®ˆä½
ãƒãƒƒãƒãƒ‘ãƒ³ãƒ	Mach Punch	Tempohieb	Mach Punch	Pugnorapido	UltrapuÃ±o	ë§ˆí•˜í€ì¹˜	éŸ³é€Ÿæ‹³	éŸ³é€Ÿæ‹³
ã“ã‚ã„ã‹ãŠ	Scary Face	Grimasse	Grimace	Visotruce	Cara Susto	ê²ë‚˜ëŠ”ì–¼êµ´	é¬¼é¢	é¬¼é¢
ã ã¾ã—ã†ã¡	Feint Attack	Finte	Feinte	Finta	Finta	ì†ì—¬ë•Œë¦¬ê¸°	å‡ºå¥‡ä¸€å‡»	å‡ºå¥‡ä¸€æ“Š
ã¦ã‚“ã—ã®ã‚­ãƒƒã‚¹	Sweet Kiss	Bitterkuss	Doux Baiser	Dolcebacio	Beso Dulce	ì²œì‚¬ì˜í‚¤ìŠ¤	å¤©ä½¿ä¹‹å»	å¤©ä½¿ä¹‹å»
ã¯ã‚‰ã ã„ã“	Belly Drum	Bauchtrommel	Cognobidon	Panciamburo	Tambor	ë°°ë¶	è…¹é¼“	è…¹é¼“
ãƒ˜ãƒ‰ãƒ­ã°ãã ã‚“	Sludge Bomb	Matschbombe	Bomb-Beurk	Fangobomba	Bomba Lodo	ì˜¤ë¬¼í­íƒ„	æ±¡æ³¥ç‚¸å¼¹	æ±¡æ³¥ç‚¸å½ˆ
ã©ã‚ã‹ã‘	Mud-Slap	Lehmschelle	Coudâ€™Boue	Fangosberla	BofetÃ³n Lodo	ì§„í™ë¿Œë¦¬ê¸°	æ·æ³¥	æ“²æ³¥
ã‚ªã‚¯ã‚¿ãƒ³ã»ã†	Octazooka	Octazooka	Octazooka	Octazooka	PulpocaÃ±Ã³n	ëŒ€í¬ë¬´ë…¸í¬	ç« é±¼æ¡¶ç‚®	ç« é­šæ¡¶ç‚®
ã¾ãã³ã—	Spikes	Stachler	Picots	Punte	PÃºas	ì••ì •ë¿Œë¦¬ê¸°	æ’’è±	æ’’è±
ã§ã‚“ã˜ã»ã†	Zap Cannon	Blitzkanone	Ã‰lecanon	Falcecannone	ElectrocaÃ±Ã³n	ì „ìí¬	ç”µç£ç‚®	é›»ç£ç‚®
ã¿ã‚„ã¶ã‚‹	Foresight	Gesichte	Clairvoyance	Preveggenza	ProfecÃ­a	ê¿°ëš«ì–´ë³´ê¸°	è¯†ç ´	è­˜ç ´
ã¿ã¡ã¥ã‚Œ	Destiny Bond	Abgangsbund	PrÃ©lÃ¨vem. Destin	Destinobbligato	Mismo Destino	ê¸¸ë™ë¬´	åŒå‘½	åŒå‘½
ã»ã‚ã³ã®ã†ãŸ	Perish Song	Abgesang	Requiem	Ultimocanto	Canto Mortal	ë©¸ë§ì˜ë…¸ë˜	ç­äº¡ä¹‹æ­Œ	æ»…äº¡ä¹‹æ­Œ
ã“ã”ãˆã‚‹ã‹ãœ	Icy Wind	Eissturm	Vent Glace	Ventogelato	Viento Hielo	ì–¼ë‹¤ë°”ëŒ	å†°å†»ä¹‹é£	å†°å‡ä¹‹é¢¨
ã¿ãã‚Š	Detect	Scanner	DÃ©tection	Individua	DetecciÃ³n	íŒë³„	çœ‹ç©¿	çœ‹ç©¿
ãƒœãƒ¼ãƒ³ãƒ©ãƒƒã‚·ãƒ¥	Bone Rush	Knochenhatz	Charge-Os	Ossoraffica	Ataque Ã“seo	ë³¸ëŸ¬ì‰¬	éª¨æ£’ä¹±æ‰“	éª¨æ£’äº‚æ‰“
ãƒ­ãƒƒã‚¯ã‚ªãƒ³	Lock-On	Zielschuss	Verrouillage	Localizza	Fijar Blanco	ë¡ì˜¨	é”å®š	é–å®š
ã’ãã‚Šã‚“	Outrage	Wutanfall	ColÃ¨re	Oltraggio	Enfado	ì—­ë¦°	é€†é³	é€†é±—
ã™ãªã‚ã‚‰ã—	Sandstorm	Sandsturm	TempÃªte de Sable	Terrempesta	Tormenta Arena	ëª¨ë˜ë°”ëŒ	æ²™æš´	æ²™æš´
ã‚®ã‚¬ãƒ‰ãƒ¬ã‚¤ãƒ³	Giga Drain	Gigasauger	Giga-Sangsue	Gigassorbimento	Gigadrenado	ê¸°ê°€ë“œë ˆì¸	ç»ˆæå¸å–	çµ‚æ¥µå¸å–
ã“ã‚‰ãˆã‚‹	Endure	Ausdauer	TÃ©nacitÃ©	Resistenza	Aguante	ë²„í‹°ê¸°	æŒºä½	æŒºä½
ã‚ã¾ãˆã‚‹	Charm	Charme	Charme	Fascino	Encanto	ì• êµë¶€ë¦¬ê¸°	æ’’å¨‡	æ’’å¬Œ
ã“ã‚ãŒã‚‹	Rollout	Walzer	Roulade	Rotolamento	Desenrollar	êµ¬ë¥´ê¸°	æ»šåŠ¨	æ»¾å‹•
ã¿ã­ã†ã¡	False Swipe	Trugschlag	Faux-Chage	Falsofinale	Falsotortazo	ì¹¼ë“±ì¹˜ê¸°	ç‚¹åˆ°ä¸ºæ­¢	é»åˆ°ç‚ºæ­¢
ã„ã°ã‚‹	Swagger	Angeberei	Vantardise	Bullo	Contoneo	ë½ë‚´ê¸°	è™šå¼ å£°åŠ¿	è™›å¼µè²å‹¢
ãƒŸãƒ«ã‚¯ã®ã¿	Milk Drink	MilchgetrÃ¤nk	Lait Ã  Boire	Buonlatte	Batido	ìš°ìœ ë§ˆì‹œê¸°	å–ç‰›å¥¶	å–ç‰›å¥¶
ã‚¹ãƒ‘ãƒ¼ã‚¯	Spark	Funkensprung	Ã‰tincelle	Scintilla	Chispa	ìŠ¤íŒŒí¬	ç”µå…‰	é›»å…‰
ã‚Œã‚“ãããã‚Š	Fury Cutter	Zornklinge	Taillade	Tagliofuria	Corte Furia	ì—°ì†ìë¥´ê¸°	è¿æ–©	é€£æ–¬
ã¯ãŒã­ã®ã¤ã°ã•	Steel Wing	StahlflÃ¼gel	Aile dâ€™Acier	Alacciaio	Ala de Acero	ê°•ì² ë‚ ê°œ	é’¢ç¿¼	é‹¼ç¿¼
ãã‚ã„ã¾ãªã–ã—	Mean Look	Horrorblick	Regard Noir	Malosguardo	Mal de Ojo	ê²€ì€ëˆˆë¹›	é»‘è‰²ç›®å…‰	é»‘è‰²ç›®å…‰
ãƒ¡ãƒ­ãƒ¡ãƒ­	Attract	Anziehung	Attraction	Attrazione	AtracciÃ³n	í—¤ë¡±í—¤ë¡±	è¿·äºº	è¿·äºº
ã­ã”ã¨	Sleep Talk	Schlafrede	Blabla Dodo	Sonnolalia	SonÃ¡mbulo	ì ê¼¬ëŒ€	æ¢¦è¯	å¤¢è©±
ã„ã‚„ã—ã®ã™ãš	Heal Bell	Vitalglocke	Glas de Soin	Rintoccasana	Campana Cura	ì¹˜ë£Œë°©ìš¸	æ²»æ„ˆé“ƒå£°	æ²»ç™’éˆ´è²
ãŠã‚“ãŒãˆã—	Return	RÃ¼ckkehr	Retour	Ritorno	RetribuciÃ³n	ì€í˜œê°šê¸°	æŠ¥æ©	å ±æ©
ãƒ—ãƒ¬ã‚¼ãƒ³ãƒˆ	Present	Geschenk	Cadeau	Regalino	Presente	í”„ë ˆì  íŠ¸	ç¤¼ç‰©	ç¦®ç‰©
ã‚„ã¤ã‚ãŸã‚Š	Frustration	Frustration	Frustration	Frustrazione	FrustraciÃ³n	í™”í’€ì´	è¿æ€’	é·æ€’
ã—ã‚“ã´ã®ã¾ã‚‚ã‚Š	Safeguard	Bodyguard	Rune Protect	Salvaguardia	Velo Sagrado	ì‹ ë¹„ì˜ë¶€ì 	ç¥ç§˜å®ˆæŠ¤	ç¥ç§˜å®ˆè­·
ã„ãŸã¿ã‚ã‘	Pain Split	Leidteiler	Balance	Malcomune	Divide Dolor	ì•„í””ë‚˜ëˆ„ê¸°	åˆ†æ‹…ç—›æ¥š	åˆ†æ“”ç—›æ¥š
ã›ã„ãªã‚‹ã»ã®ãŠ	Sacred Fire	LÃ¤uterfeuer	Feu SacrÃ©	Magifuoco	Fuego Sagrado	ì„±ìŠ¤ëŸ¬ìš´ë¶ˆê½ƒ	ç¥åœ£ä¹‹ç«	ç¥è–ä¹‹ç«
ãƒã‚°ãƒ‹ãƒãƒ¥ãƒ¼ãƒ‰	Magnitude	IntensitÃ¤t	Ampleur	Magnitudo	Magnitud	ë§¤ê·¸ë‹ˆíŠœë“œ	éœ‡çº§	éœ‡ç´š
ã°ãã‚Œã¤ãƒ‘ãƒ³ãƒ	Dynamic Punch	Wuchtschlag	Dynamopoing	Dinamipugno	PuÃ±o DinÃ¡mico	í­ë°œí€ì¹˜	çˆ†è£‚æ‹³	çˆ†è£‚æ‹³
ãƒ¡ã‚¬ãƒ›ãƒ¼ãƒ³	Megahorn	Vielender	MÃ©gacorne	Megacorno	Megacuerno	ë©”ê°€í°	è¶…çº§è§’å‡»	è¶…ç´šè§’æ“Š
ã‚Šã‚…ã†ã®ã„ã¶ã	Dragon Breath	Feuerodem	Dracosouffle	Dragospiro	Dragoaliento	ìš©ì˜ìˆ¨ê²°	é¾™æ¯	é¾æ¯
ãƒãƒˆãƒ³ã‚¿ãƒƒãƒ	Baton Pass	Stafette	Relais	Staffetta	Relevo	ë°”í†¤í„°ì¹˜	æ¥æ£’	æ¥æ£’
ã‚¢ãƒ³ã‚³ãƒ¼ãƒ«	Encore	Zugabe	Encore	Ripeti	Otra Vez	ì•µì½œ	å†æ¥ä¸€æ¬¡	å†ä¾†ä¸€æ¬¡
ãŠã„ã†ã¡	Pursuit	Verfolgung	Poursuite	Inseguimento	PersecuciÃ³n	ë”°ë¼ê°€ë•Œë¦¬ê¸°	è¿½æ‰“	è¿½æ‰“
ã“ã†ããã‚¹ãƒ”ãƒ³	Rapid Spin	Turbodreher	Tour Rapide	Rapigiro	Giro RÃ¡pido	ê³ ì†ìŠ¤í•€	é«˜é€Ÿæ—‹è½¬	é«˜é€Ÿæ—‹è½‰
ã‚ã¾ã„ã‹ãŠã‚Š	Sweet Scent	Lockduft	Doux Parfum	Profumino	Dulce Aroma	ë‹¬ì½¤í•œí–¥ê¸°	ç”œç”œé¦™æ°”	ç”œç”œé¦™æ°£
ã‚¢ã‚¤ã‚¢ãƒ³ãƒ†ãƒ¼ãƒ«	Iron Tail	Eisenschweif	Queue de Fer	Codacciaio	Cola FÃ©rrea	ì•„ì´ì–¸í…Œì¼	é“å°¾	éµå°¾
ãƒ¡ã‚¿ãƒ«ã‚¯ãƒ­ãƒ¼	Metal Claw	Metallklaue	Griffe Acier	Ferrartigli	Garra Metal	ë©”íƒˆí¬ë¡œìš°	é‡‘å±çˆª	é‡‘å±¬çˆª
ã‚ã¦ã¿ãªã’	Vital Throw	Ãœberwurf	Corps Perdu	Vitaltiro	Tiro Vital	ë°›ì•„ë˜ì§€ê¸°	å€ŸåŠ›æ‘”	å€ŸåŠ›æ‘”
ã‚ã•ã®ã²ã–ã—	Morning Sun	Morgengrauen	Aurore	Mattindoro	Sol Matinal	ì•„ì¹¨í–‡ì‚´	æ™¨å…‰	æ™¨å…‰
ã“ã†ã”ã†ã›ã„	Synthesis	Synthese	SynthÃ¨se	Sintesi	SÃ­ntesis	ê´‘í•©ì„±	å…‰åˆä½œç”¨	å…‰åˆä½œç”¨
ã¤ãã®ã²ã‹ã‚Š	Moonlight	Mondschein	Rayon Lune	Lucelunare	Luz Lunar	ë‹¬ì˜ë¶ˆë¹›	æœˆå…‰	æœˆå…‰
ã‚ã–ã‚ã‚‹ãƒ‘ãƒ¯ãƒ¼	Hidden Power	Kraftreserve	Puissance CachÃ©e	Introforza	Poder Oculto	ì ì¬íŒŒì›Œ	è§‰é†’åŠ›é‡	è¦ºé†’åŠ›é‡
ã‚¯ãƒ­ã‚¹ãƒãƒ§ãƒƒãƒ—	Cross Chop	Kreuzhieb	Coup-Croix	Incrocolpo	Tajo Cruzado	í¬ë¡œìŠ¤ì´™	åå­—åŠˆ	åå­—åŠˆ
ãŸã¤ã¾ã	Twister	Windhose	Ouragan	Tornado	CiclÃ³n	íšŒì˜¤ë¦¬	é¾™å·é£	é¾æ²é¢¨
ã‚ã¾ã”ã„	Rain Dance	Regentanz	Danse Pluie	Pioggiadanza	Danza Lluvia	ë¹„ë°”ë¼ê¸°	æ±‚é›¨	æ±‚é›¨
ã«ã»ã‚“ã°ã‚Œ	Sunny Day	Sonnentag	ZÃ©nith	Giornodisole	DÃ­a Soleado	ì¾Œì²­	å¤§æ™´å¤©	å¤§æ™´å¤©
ã‹ã¿ãã ã	Crunch	Knirscher	MÃ¢chouille	Sgranocchio	Triturar	ê¹¨ë¬¼ì–´ë¶€ìˆ˜ê¸°	å’¬ç¢	å’¬ç¢
ãƒŸãƒ©ãƒ¼ã‚³ãƒ¼ãƒˆ	Mirror Coat	Spiegelcape	Voile Miroir	Specchiovelo	Manto Espejo	ë¯¸ëŸ¬ì½”íŠ¸	é•œé¢åå°„	é¡é¢åå°„
ã˜ã“ã‚ã‚“ã˜	Psych Up	Psycho-Plus	Boost	PsicamisÃ¹	MÃ¡s Psique	ìê¸°ì•”ì‹œ	è‡ªæˆ‘æš—ç¤º	è‡ªæˆ‘æš—ç¤º
ã—ã‚“ãã	Extreme Speed	Turbotempo	Vitesse ExtrÃªme	Extrarapido	Veloc. Extrema	ì‹ ì†	ç¥é€Ÿ	ç¥é€Ÿ
ã’ã‚“ã—ã®ã¡ã‹ã‚‰	Ancient Power	Antik-Kraft	Pouvoir Antique	Forzantica	Poder Pasado	ì›ì‹œì˜í˜	åŸå§‹ä¹‹åŠ›	åŸå§‹ä¹‹åŠ›
ã‚·ãƒ£ãƒ‰ãƒ¼ãƒœãƒ¼ãƒ«	Shadow Ball	Spukball	Ballâ€™Ombre	Palla Ombra	Bola Sombra	ì„€ë„ë³¼	æš—å½±çƒ	æš—å½±çƒ
ã¿ã‚‰ã„ã‚ˆã¡	Future Sight	Seher	Prescience	Divinazione	PremoniciÃ³n	ë¯¸ë˜ì˜ˆì§€	é¢„çŸ¥æœªæ¥	é çŸ¥æœªä¾†
ã„ã‚ãã ã	Rock Smash	ZertrÃ¼mmerer	Ã‰clate-Roc	Spaccaroccia	Golpe Roca	ë°”ìœ„ê¹¨ê¸°	ç¢å²©	ç¢å²©
ã†ãšã—ãŠ	Whirlpool	Whirlpool	Siphon	Mulinello	Torbellino	ë°”ë‹¤íšŒì˜¤ë¦¬	æ½®æ—‹	æ½®æ—‹
ãµãã‚ã ãŸã	Beat Up	PrÃ¼gler	Baston	Picchiaduro	Paliza	ì§‘ë‹¨êµ¬íƒ€	å›´æ”»	åœæ”»
ã­ã“ã ã¾ã—	Fake Out	Mogelhieb	Bluff	Bruciapelo	Sorpresa	ì†ì´ë‹¤	å‡»æŒå¥‡è¢­	æ“ŠæŒå¥‡è¥²
ã•ã‚ã	Uproar	Aufruhr	Brouhaha	Baraonda	Alboroto	ì†Œë€í”¼ê¸°	åµé—¹	åµé¬§
ãŸãã‚ãˆã‚‹	Stockpile	Horter	Stockage	Accumulo	Reserva	ë¹„ì¶•í•˜ê¸°	è“„åŠ›	è“„åŠ›
ã¯ãã ã™	Spit Up	Entfessler	RelÃ¢che	Sfoghenergia	Escupir	í† í•´ë‚´ê¸°	å–·å‡º	å™´å‡º
ã®ã¿ã“ã‚€	Swallow	Verzehrer	Avale	Introenergia	Tragar	ê¿€êº½	åä¸‹	åä¸‹
ã­ã£ã·ã†	Heat Wave	Hitzewelle	Canicule	Ondacalda	Onda Ãgnea	ì—´í’	çƒ­é£	ç†±é¢¨
ã‚ã‚‰ã‚Œ	Hail	Hagelsturm	GrÃªle	Grandine	Granizo	ì‹¸ë¼ê¸°ëˆˆ	å†°é›¹	å†°é›¹
ã„ã¡ã‚ƒã‚‚ã‚“	Torment	Folterknecht	Tourmente	Attaccalite	Tormento	íŠ¸ì§‘	æ— ç†å–é—¹	ç„¡ç†å–é¬§
ãŠã ã¦ã‚‹	Flatter	Schmeichler	Flatterie	Adulazione	Camelo	ë¶€ì¶”ê¸°ê¸°	å¹æ§	å¹æ§
ãŠã«ã³	Will-O-Wisp	Irrlicht	Feu Follet	Fuocofatuo	Fuego Fatuo	ë„ê¹¨ë¹„ë¶ˆ	é¬¼ç«	é¬¼ç«
ãŠãã¿ã‚„ã’	Memento	Memento-Mori	Souvenir	Memento	Legado	ì¶”ì–µì˜ì„ ë¬¼	ä¸´åˆ«ç¤¼ç‰©	è‡¨åˆ¥ç¦®ç‰©
ã‹ã‚‰ã’ã‚“ã	Facade	Fassade	FaÃ§ade	Facciata	Imagen	ê°ê¸°	ç¡¬æ’‘	ç¡¬æ’
ãã‚ã„ãƒ‘ãƒ³ãƒ	Focus Punch	Power-Punch	Mitra-Poing	Centripugno	PuÃ±o Certero	í˜ê»í€ì¹˜	çœŸæ°”æ‹³	çœŸæ°£æ‹³
ãã¤ã‘	Smelling Salts	Riechsalz	Stimulant	Maniereforti	EstÃ­mulo	ì •ì‹ ì°¨ë¦¬ê¸°	æ¸…é†’	æ¸…é†’
ã“ã®ã‚†ã³ã¨ã¾ã‚Œ	Follow Me	Spotlight	Par Ici	Sonoqui	SeÃ±uelo	ë‚ ë”°ë¦„	çœ‹æˆ‘å˜›	çœ‹æˆ‘å˜›
ã—ãœã‚“ã®ã¡ã‹ã‚‰	Nature Power	Natur-Kraft	Force-Nature	Naturforza	AdaptaciÃ³n	ìì—°ì˜í˜	è‡ªç„¶ä¹‹åŠ›	è‡ªç„¶ä¹‹åŠ›
ã˜ã‚…ã†ã§ã‚“	Charge	Ladevorgang	Chargeur	Sottocarica	Carga	ì¶©ì „	å……ç”µ	å……é›»
ã¡ã‚‡ã†ã¯ã¤	Taunt	VerhÃ¶hner	Provoc	Provocazione	Mofa	ë„ë°œ	æŒ‘è¡…	æŒ‘é‡
ã¦ã ã™ã‘	Helping Hand	Rechte Hand	Coup dâ€™Main	Altruismo	Refuerzo	ë„ìš°ë¯¸	å¸®åŠ©	å¹«åŠ©
ãƒˆãƒªãƒƒã‚¯	Trick	Trickbetrug	Tourmagik	Raggiro	Truco	íŠ¸ë¦­	æˆæ³•	æˆ²æ³•
ãªã‚Šãã‚Š	Role Play	Rollentausch	Imitation	Giocodiruolo	ImitaciÃ³n	ì—­í• 	æ‰®æ¼”	æ‰®æ¼”
ã­ãŒã„ã”ã¨	Wish	Wunschtraum	VÅ“u	Desiderio	Deseo	í¬ë§ì‚¬í•­	ç¥ˆæ„¿	ç¥ˆé¡˜
ã­ã“ã®ã¦	Assist	Zuschuss	Assistance	Assistente	Ayuda	ì¡°ìˆ˜	å€ŸåŠ©	å€ŸåŠ©
ã­ã‚’ã¯ã‚‹	Ingrain	Verwurzler	Racines	Radicamento	Arraigo	ë¿Œë¦¬ë°•ê¸°	æ‰æ ¹	æ‰æ ¹
ã°ã‹ã¢ã‹ã‚‰	Superpower	Kraftkoloss	Surpuissance	Troppoforte	Fuerza Bruta	ì—„ì²­ë‚œí˜	è›®åŠ›	è »åŠ›
ãƒã‚¸ãƒƒã‚¯ã‚³ãƒ¼ãƒˆ	Magic Coat	Magiemantel	Reflet Magik	Magivelo	Capa MÃ¡gica	ë§¤ì§ì½”íŠ¸	é­”æ³•åå°„	é­”æ³•åå°„
ãƒªã‚µã‚¤ã‚¯ãƒ«	Recycle	Aufbereitung	Recyclage	Riciclo	Reciclaje	ë¦¬ì‚¬ì´í´	å›æ”¶åˆ©ç”¨	å›æ”¶åˆ©ç”¨
ãƒªãƒ™ãƒ³ã‚¸	Revenge	Vergeltung	Vendetta	Vendetta	Desquite	ë¦¬ë²¤ì§€	æŠ¥å¤	å ±å¾©
ã‹ã‚ã‚‰ã‚ã‚Š	Brick Break	Durchbruch	Casse-Brique	Breccia	DemoliciÃ³n	ê¹¨íŠ¸ë¦¬ë‹¤	åŠˆç“¦	åŠˆç“¦
ã‚ãã³	Yawn	GÃ¤hner	BÃ¢illement	Sbadiglio	Bostezo	í•˜í’ˆ	å“ˆæ¬ 	å“ˆæ¬ 
ã¯ãŸããŠã¨ã™	Knock Off	Abschlag	Sabotage	Privazione	Desarme	íƒì³ì„œë–¨êµ¬ê¸°	æ‹è½	æ‹è½
ãŒã‚€ã—ã‚ƒã‚‰	Endeavor	Notsituation	Effort	Rimonta	Esfuerzo	ì£½ê¸°ì‚´ê¸°	è›®å¹²	è »å¹¹
ãµã‚“ã‹	Eruption	Eruption	Ã‰ruption	Eruzione	Estallido	ë¶„í™”	å–·ç«	å™´ç«
ã‚¹ã‚­ãƒ«ã‚¹ãƒ¯ãƒƒãƒ—	Skill Swap	Wertewechsel	Ã‰change	Baratto	Intercambio	ìŠ¤í‚¬ìŠ¤ì›¹	ç‰¹æ€§äº’æ¢	ç‰¹æ€§äº’æ›
ãµã†ã„ã‚“	Imprison	Begrenzer	Possessif	Esclusiva	Cerca	ë´‰ì¸	å°å°	å°å°
ãƒªãƒ•ãƒ¬ãƒƒã‚·ãƒ¥	Refresh	Heilung	RÃ©gÃ©nÃ©ration	Rinfrescata	Alivio	ë¦¬í”„ë ˆì‰¬	ç„•ç„¶ä¸€æ–°	ç…¥ç„¶ä¸€æ–°
ãŠã‚“ã­ã‚“	Grudge	Nachspiel	Rancune	Rancore	Rabia	ì›ë…	æ€¨å¿µ	æ€¨å¿µ
ã‚ˆã“ã©ã‚Š	Snatch	Ãœbernahme	Saisie	Scippo	Robo	ê°€ë¡œì±”	æŠ¢å¤º	æ¶å¥ª
ã²ã¿ã¤ã®ã¡ã‹ã‚‰	Secret Power	Geheimpower	Force CachÃ©e	Forzasegreta	DaÃ±o Secreto	ë¹„ë°€ì˜í˜	ç§˜å¯†ä¹‹åŠ›	ç§˜å¯†ä¹‹åŠ›
ãƒ€ã‚¤ãƒ“ãƒ³ã‚°	Dive	Taucher	PlongÃ©e	Sub	Buceo	ë‹¤ì´ë¹™	æ½œæ°´	æ½›æ°´
ã¤ã£ã±ã‚Š	Arm Thrust	ArmstoÃŸ	Cogne	Sberletese	EmpujÃ³n	ì†ë°”ë‹¥ì¹˜ê¸°	çŒ›æ¨	çŒ›æ¨
ã»ã”ã—ã‚‡ã	Camouflage	Tarnung	Camouflage	Camuffamento	Camuflaje	ë³´í˜¸ìƒ‰	ä¿æŠ¤è‰²	ä¿è­·è‰²
ã»ãŸã‚‹ã³	Tail Glow	Schweifglanz	Lumiqueue	Codadiluce	RÃ¡faga	ë°˜ë”§ë¶ˆ	è¤ç«	è¢ç«
ãƒ©ã‚¹ã‚¿ãƒ¼ãƒ‘ãƒ¼ã‚¸	Luster Purge	Scheinwerfer	Lumi-Ã‰clat	Abbagliante	Resplandor	ë¼ìŠ¤íŠ¸ë²„ì§€	æ´å‡€å…‰èŠ’	æ½”æ·¨å…‰èŠ’
ãƒŸã‚¹ãƒˆãƒœãƒ¼ãƒ«	Mist Ball	Nebelball	Ballâ€™Brume	Foschisfera	Bola Neblina	ë¯¸ìŠ¤íŠ¸ë³¼	è–„é›¾çƒ	è–„éœ§çƒ
ãƒ•ã‚§ã‚¶ãƒ¼ãƒ€ãƒ³ã‚¹	Feather Dance	Daunenreigen	Danse-Plume	Danzadipiume	Danza Pluma	ê¹ƒí„¸ëŒ„ìŠ¤	ç¾½æ¯›èˆ	ç¾½æ¯›èˆ
ãƒ•ãƒ©ãƒ•ãƒ©ãƒ€ãƒ³ã‚¹	Teeter Dance	Taumeltanz	Danse-Folle	Strampadanza	Danza Caos	í”ë“¤í”ë“¤ëŒ„ìŠ¤	æ‘‡æ™ƒèˆ	æ–æ™ƒèˆ
ãƒ–ãƒ¬ã‚¤ã‚ºã‚­ãƒƒã‚¯	Blaze Kick	Feuerfeger	Pied BrÃ»leur	Calciardente	Patada Ãgnea	ë¸Œë ˆì´ì¦ˆí‚¥	ç«ç„°è¸¢	ç«ç„°è¸¢
ã©ã‚ã‚ãã³	Mud Sport	Lehmsuhler	Lance-Boue	Fangata	Chapoteo Lodo	í™ë†€ì´	ç©æ³¥å·´	ç©æ³¥å·´
ã‚¢ã‚¤ã‚¹ãƒœãƒ¼ãƒ«	Ice Ball	Frostbeule	Ballâ€™Glace	Palla Gelo	Bola Hielo	ì•„ì´ìŠ¤ë³¼	å†°çƒ	å†°çƒ
ãƒ‹ãƒ¼ãƒ‰ãƒ«ã‚¢ãƒ¼ãƒ 	Needle Arm	Nietenranke	Poing Dard	Pugnospine	Brazo Pincho	ë°”ëŠ˜íŒ”	å°–åˆºè‡‚	å°–åˆºè‡‚
ãªã¾ã‘ã‚‹	Slack Off	Tagedieb	Paresse	Pigro	Relajo	íƒœë§Œí•¨	å·æ‡’	å·æ‡¶
ãƒã‚¤ãƒ‘ãƒ¼ãƒœã‚¤ã‚¹	Hyper Voice	Schallwelle	MÃ©gaphone	Granvoce	VozarrÃ³n	í•˜ì´í¼ë³´ì´ìŠ¤	å·¨å£°	å·¨è²
ã©ãã©ãã®ã‚­ãƒ	Poison Fang	Giftzahn	Crochet Venin	Velenodenti	Colmillo Ven	ë…ì—„ë‹ˆ	å‰§æ¯’ç‰™	åŠ‡æ¯’ç‰™
ãƒ–ãƒ¬ã‚¤ã‚¯ã‚¯ãƒ­ãƒ¼	Crush Claw	Zermalmklaue	Ã‰clate Griffe	Tritartigli	Garra Brutal	ë¸Œë ˆì´í¬í¬ë£¨	æ’•è£‚çˆª	æ’•è£‚çˆª
ãƒ–ãƒ©ã‚¹ãƒˆãƒãƒ¼ãƒ³	Blast Burn	Lohekanonade	Rafale Feu	Incendio	Anillo Ãgneo	ë¸”ëŸ¬ìŠ¤íŠ¸ë²ˆ	çˆ†ç‚¸çƒˆç„°	çˆ†ç‚¸çƒˆç„°
ãƒã‚¤ãƒ‰ãƒ­ã‚«ãƒãƒ³	Hydro Cannon	Aquahaubitze	Hydroblast	Idrocannone	HidrocaÃ±Ã³n	í•˜ì´ë“œë¡œìºë…¼	åŠ å†œæ°´ç‚®	åŠ è¾²æ°´ç‚®
ã‚³ãƒ¡ãƒƒãƒˆãƒ‘ãƒ³ãƒ	Meteor Mash	Sternenhieb	Poing MÃ©tÃ©ore	Meteorpugno	PuÃ±o Meteoro	ì½”ë©§í€ì¹˜	å½—æ˜Ÿæ‹³	å½—æ˜Ÿæ‹³
ãŠã©ã‚ã‹ã™	Astonish	Erstauner	Ã‰tonnement	Sgomento	Impresionar	ë†€ë˜í‚¤ê¸°	æƒŠå“	é©šåš‡
ã‚¦ã‚§ã‚¶ãƒ¼ãƒœãƒ¼ãƒ«	Weather Ball	Meteorologe	Ballâ€™MÃ©tÃ©o	Palla Clima	Meteorobola	ì›¨ë”ë³¼	æ°”è±¡çƒ	æ°£è±¡çƒ
ã‚¢ãƒ­ãƒã‚»ãƒ©ãƒ”ãƒ¼	Aromatherapy	Aromakur	AromathÃ©rapie	Aromaterapia	Aromaterapia	ì•„ë¡œë§ˆí…Œë¼í”¼	èŠ³é¦™æ²»ç–—	èŠ³é¦™æ²»ç™‚
ã†ããªã	Fake Tears	TrugtrÃ¤ne	Croco Larme	Falselacrime	Llanto Falso	ê±°ì§“ìš¸ìŒ	å‡å“­	å‡å“­
ã‚¨ã‚¢ã‚«ãƒƒã‚¿ãƒ¼	Air Cutter	Windschnitt	Tranchâ€™Air	Aerasoio	Aire Afilado	ì—ì–´ì»·í„°	ç©ºæ°”åˆ©åˆƒ	ç©ºæ°£åˆ©åˆƒ
ã‚ªãƒ¼ãƒãƒ¼ãƒ’ãƒ¼ãƒˆ	Overheat	Hitzekoller	Surchauffe	Vampata	Sofoco	ì˜¤ë²„íˆíŠ¸	è¿‡çƒ­	éç†±
ã‹ãã‚ã‘ã‚‹	Odor Sleuth	SchnÃ¼ffler	Flair	Segugio	Rastreo	ëƒ„ìƒˆêµ¬ë³„	æ°”å‘³ä¾¦æµ‹	æ°£å‘³åµæ¸¬
ãŒã‚“ã›ããµã†ã˜	Rock Tomb	Felsgrab	Tomberoche	Rocciotomba	Tumba Rocas	ì•”ì„ë´‰ì¸	å²©çŸ³å°é”	å²©çŸ³å°é–
ãã‚“ã„ã‚ã®ã‹ãœ	Silver Wind	Silberhauch	Vent ArgentÃ©	Ventargenteo	Viento Plata	ì€ë¹›ë°”ëŒ	é“¶è‰²æ—‹é£	éŠ€è‰²æ—‹é¢¨
ãã‚“ãããŠã‚“	Metal Sound	Metallsound	Strido-Son	Ferrostrido	Eco MetÃ¡lico	ê¸ˆì†ìŒ	é‡‘å±éŸ³	é‡‘å±¬éŸ³
ãã•ã¶ãˆ	Grass Whistle	GrasflÃ¶te	Sifflâ€™Herbe	Meloderba	Silbato	í’€í”¼ë¦¬	è‰ç¬›	è‰ç¬›
ãã™ãã‚‹	Tickle	SpaÃŸkanone	Chatouille	Solletico	Cosquillas	ê°„ì§€ë¥´ê¸°	æŒ ç—’	æ”ç™¢
ã‚³ã‚¹ãƒ¢ãƒ‘ãƒ¯ãƒ¼	Cosmic Power	Kosmik-Kraft	Force Cosmik	Cosmoforza	Masa CÃ³smica	ì½”ìŠ¤ë¯¹íŒŒì›Œ	å®‡å®™åŠ›é‡	å®‡å®™åŠ›é‡
ã—ãŠãµã	Water Spout	FontrÃ¤nen	GiclÃ©do	Zampillo	Salpicar	í•´ìˆ˜ìŠ¤íŒŒìš°íŒ…	å–·æ°´	å™´æ°´
ã‚·ã‚°ãƒŠãƒ«ãƒ“ãƒ¼ãƒ 	Signal Beam	Ampelleuchte	Rayon Signal	Segnoraggio	Doble Rayo	ì‹œê·¸ë„ë¹”	ä¿¡å·å…‰æŸ	ä¿¡è™Ÿå…‰æŸ
ã‚·ãƒ£ãƒ‰ãƒ¼ãƒ‘ãƒ³ãƒ	Shadow Punch	Finsterfaust	Poing Ombre	Pugnodombra	PuÃ±o Sombra	ì„€ë„í€ì¹˜	æš—å½±æ‹³	æš—å½±æ‹³
ã˜ã‚“ã¤ã†ã‚Šã	Extrasensory	Sondersensor	Extrasenseur	Extrasenso	Paranormal	ì‹ í†µë ¥	ç¥é€šåŠ›	ç¥é€šåŠ›
ã‚¹ã‚«ã‚¤ã‚¢ãƒƒãƒ‘ãƒ¼	Sky Uppercut	Himmelhieb	Stratopercut	Stramontante	Gancho Alto	ìŠ¤ì¹´ì´ì—…í¼	å†²å¤©æ‹³	è¡å¤©æ‹³
ã™ãªã˜ã”ã	Sand Tomb	Sandgrab	Tourbi-Sable	Sabbiotomba	Bucle Arena	ëª¨ë˜ì§€ì˜¥	æµæ²™åœ°ç‹±	æµæ²™åœ°ç„
ãœã£ãŸã„ã‚Œã„ã©	Sheer Cold	EiseskÃ¤lte	Glaciation	Purogelo	FrÃ­o Polar	ì ˆëŒ€ì˜ë„	ç»å¯¹é›¶åº¦	çµ•å°é›¶åº¦
ã ãã‚Šã‚…ã†	Muddy Water	LehmbrÃ¼he	Ocroupi	Fanghiglia	Agua Lodosa	íƒë¥˜	æµŠæµ	æ¿æµ
ã‚¿ãƒãƒã‚·ãƒ³ã‚¬ãƒ³	Bullet Seed	Kugelsaat	Balle Graine	Semitraglia	Recurrente	ê¸°ê´€ì´	ç§å­æœºå…³æª	ç¨®å­æ©Ÿé—œæ§
ã¤ã°ã‚ãŒãˆã—	Aerial Ace	Aero-Ass	AÃ©ropique	Aeroassalto	Golpe AÃ©reo	ì œë¹„ë°˜í™˜	ç‡•è¿”	ç‡•è¿”
ã¤ã‚‰ã‚‰ã°ã‚Š	Icicle Spear	Eisspeer	Stalagtite	Gelolancia	CarÃ¡mbano	ê³ ë“œë¦„ì¹¨	å†°é”¥	å†°éŒ
ã¦ã£ãºã	Iron Defense	Eisenabwehr	Mur de Fer	Ferroscudo	Defensa FÃ©rrea	ì² ë²½	é“å£	éµå£
ã¨ãŠã›ã‚“ã¼ã†	Block	RÃ¼ckentzug	Barrage	Blocco	Bloqueo	ë¸”ë¡	æŒ¡è·¯	æ“‹è·¯
ã¨ãŠã¼ãˆ	Howl	Jauler	Grondement	Gridodilotta	Aullido	ë©€ë¦¬ì§–ìŒ	é•¿åš	é•·åš
ãƒ‰ãƒ©ã‚´ãƒ³ã‚¯ãƒ­ãƒ¼	Dragon Claw	Drachenklaue	Dracogriffe	Dragartigli	Garra DragÃ³n	ë“œë˜ê³¤í¬ë£¨	é¾™çˆª	é¾çˆª
ãƒãƒ¼ãƒ‰ãƒ—ãƒ©ãƒ³ãƒˆ	Frenzy Plant	Flora-Statue	VÃ©gÃ©-Attak	Radicalbero	Planta Feroz	í•˜ë“œí”ŒëœíŠ¸	ç–¯ç‹‚æ¤ç‰©	ç˜‹ç‹‚æ¤ç‰©
ãƒ“ãƒ«ãƒ‰ã‚¢ãƒƒãƒ—	Bulk Up	Protzer	Gonflette	Granfisico	Corpulencia	ë²Œí¬ì—…	å¥ç¾	å¥ç¾
ã¨ã³ã¯ã­ã‚‹	Bounce	Sprungfeder	Rebond	Rimbalzo	Bote	ë›°ì–´ì˜¤ë¥´ë‹¤	å¼¹è·³	å½ˆè·³
ãƒãƒƒãƒ‰ã‚·ãƒ§ãƒƒãƒˆ	Mud Shot	Lehmschuss	Tir de Boue	Colpodifango	Disparo Lodo	ë¨¸ë“œìˆ	æ³¥å·´å°„å‡»	æ³¥å·´å°„æ“Š
ãƒã‚¤ã‚ºãƒ³ãƒ†ãƒ¼ãƒ«	Poison Tail	Giftschweif	Queue-Poison	Velenocoda	Cola Veneno	í¬ì´ì¦Œí…Œì¼	æ¯’å°¾	æ¯’å°¾
ã»ã—ãŒã‚‹	Covet	Bezirzer	Implore	Supplica	Antojo	íƒë‚´ë‹¤	æ¸´æœ›	æ¸´æœ›
ãƒœãƒ«ãƒ†ãƒƒã‚«ãƒ¼	Volt Tackle	Volttackle	Ã‰lectacle	Locomovolt	Placaje ElÃ©c	ë³¼íŠ¸íƒœí´	ä¼ç‰¹æ”»å‡»	ä¼ç‰¹æ”»æ“Š
ãƒã‚¸ã‚«ãƒ«ãƒªãƒ¼ãƒ•	Magical Leaf	Zauberblatt	Feuille Magik	Fogliamagica	Hoja MÃ¡gica	ë©”ì§€ì»¬ë¦¬í”„	é­”æ³•å¶	é­”æ³•è‘‰
ã¿ãšã‚ãã³	Water Sport	Nassmacher	Tourniquet	Docciascudo	Hidrochorro	ë¬¼ë†€ì´	ç©æ°´	ç©æ°´
ã‚ã„ãã†	Calm Mind	Gedankengut	PlÃ©nitude	Calmamente	Paz Mental	ëª…ìƒ	å†¥æƒ³	å†¥æƒ³
ãƒªãƒ¼ãƒ•ãƒ–ãƒ¬ãƒ¼ãƒ‰	Leaf Blade	Laubklinge	Lame-Feuille	Fendifoglia	Hoja Aguda	ë¦¬í”„ë¸”ë ˆì´ë“œ	å¶åˆƒ	è‘‰åˆƒ
ã‚Šã‚…ã†ã®ã¾ã„	Dragon Dance	Drachentanz	Danse Draco	Dragodanza	Danza DragÃ³n	ìš©ì˜ì¶¤	é¾™ä¹‹èˆ	é¾ä¹‹èˆ
ãƒ­ãƒƒã‚¯ãƒ–ãƒ©ã‚¹ãƒˆ	Rock Blast	Felswurf	Boule Roc	Cadutamassi	Pedrada	ë½ë¸”ë ˆìŠ¤íŠ¸	å²©çŸ³çˆ†å‡»	å²©çŸ³çˆ†æ“Š
ã§ã‚“ã’ãã¯	Shock Wave	Schockwelle	Onde de Choc	Ondashock	Onda Voltio	ì „ê²©íŒŒ	ç”µå‡»æ³¢	é›»æ“Šæ³¢
ã¿ãšã®ã¯ã©ã†	Water Pulse	Aquawelle	Vibraqua	Idropulsar	Hidropulso	ë¬¼ì˜íŒŒë™	æ°´ä¹‹æ³¢åŠ¨	æ°´ä¹‹æ³¢å‹•
ã¯ã‚ã¤ã®ã­ãŒã„	Doom Desire	Kismetwunsch	Carnareket	Obbliderio	Deseo Oculto	íŒŒë©¸ì˜ì†Œì›	ç ´ç­ä¹‹æ„¿	ç ´æ»…ä¹‹é¡˜
ã‚µã‚¤ã‚³ãƒ–ãƒ¼ã‚¹ãƒˆ	Psycho Boost	Psyschub	Psycho Boost	Psicoslancio	Psicoataque	ì‚¬ì´ì½”ë¶€ìŠ¤íŠ¸	ç²¾ç¥çªè¿›	ç²¾ç¥çªé€²
ã¯ã­ã‚„ã™ã‚	Roost	Ruheort	Atterrissage	Trespolo	Respiro	ë‚ ê°œì‰¬ê¸°	ç¾½æ –	ç¾½æ£²
ã˜ã‚…ã†ã‚Šã‚‡ã	Gravity	Erdanziehung	GravitÃ©	GravitÃ 	Gravedad	ì¤‘ë ¥	é‡åŠ›	é‡åŠ›
ãƒŸãƒ©ã‚¯ãƒ«ã‚¢ã‚¤	Miracle Eye	Wunderauge	Å’il Miracle	Miracolvista	Gran Ojo	ë¯¸ë¼í´ì•„ì´	å¥‡è¿¹ä¹‹çœ¼	å¥‡è·¡ä¹‹çœ¼
ã‚ã–ã¾ã—ãƒ“ãƒ³ã‚¿	Wake-Up Slap	Weckruf	RÃ©veil ForcÃ©	Svegliopacca	Espabila	ì ê¹¨ì›€ëº¨ì¹˜ê¸°	å”¤é†’å·´æŒ	å–šé†’å·´æŒ
ã‚¢ãƒ¼ãƒ ãƒãƒ³ãƒãƒ¼	Hammer Arm	Hammerarm	Marto-Poing	Martelpugno	Machada	ì•”í•´ë¨¸	è‡‚é”¤	è‡‚éŒ˜
ã‚¸ãƒ£ã‚¤ãƒ­ãƒœãƒ¼ãƒ«	Gyro Ball	Gyroball	Gyroballe	Vortexpalla	Giro Bola	ìì´ë¡œë³¼	é™€èºçƒ	é™€èºçƒ
ã„ã‚„ã—ã®ã­ãŒã„	Healing Wish	Heilopfer	VÅ“u Soin	Curardore	Deseo Cura	ì¹˜ìœ ì†Œì›	æ²»æ„ˆä¹‹æ„¿	æ²»ç™’ä¹‹é¡˜
ã—ãŠã¿ãš	Brine	Lake	Saumure	Acquadisale	Salmuera	ì†Œê¸ˆë¬¼	ç›æ°´	é¹½æ°´
ã—ãœã‚“ã®ã‚ãã¿	Natural Gift	BeerenkrÃ¤fte	Don Naturel	Dononaturale	Don Natural	ìì—°ì˜ì€í˜œ	è‡ªç„¶ä¹‹æ©	è‡ªç„¶ä¹‹æ©
ãƒ•ã‚§ã‚¤ãƒ³ãƒˆ	Feint	Offenlegung	Ruse	Fintoattacco	Amago	í˜ì¸íŠ¸	ä½¯æ”»	ä½¯æ”»
ã¤ã„ã°ã‚€	Pluck	PflÃ¼cker	Picore	Spennata	Picoteo	ìª¼ì•„ëŒ€ê¸°	å•„é£Ÿ	å•„é£Ÿ
ãŠã„ã‹ãœ	Tailwind	RÃ¼ckenwind	Vent ArriÃ¨re	Ventoincoda	Viento AfÃ­n	ìˆœí’	é¡ºé£	é †é¢¨
ã¤ã¼ã‚’ã¤ã	Acupressure	Akupressur	Acupression	Acupressione	AcupresiÃ³n	ê²½í˜ˆì°Œë¥´ê¸°	ç‚¹ç©´	é»ç©´
ãƒ¡ã‚¿ãƒ«ãƒãƒ¼ã‚¹ãƒˆ	Metal Burst	MetallstoÃŸ	Fulmifer	Metalscoppio	RepresiÃ³n Metal	ë©”íƒˆë²„ìŠ¤íŠ¸	é‡‘å±çˆ†ç‚¸	é‡‘å±¬çˆ†ç‚¸
ã¨ã‚“ã¼ãŒãˆã‚Š	U-turn	Kehrtwende	Demi-Tour	Retromarcia	Ida y Vuelta	ìœ í„´	æ€¥é€ŸæŠ˜è¿”	æ€¥é€ŸæŠ˜è¿”
ã‚¤ãƒ³ãƒ•ã‚¡ã‚¤ãƒˆ	Close Combat	Nahkampf	Close Combat	Zuffa	A Bocajarro	ì¸íŒŒì´íŠ¸	è¿‘èº«æˆ˜	è¿‘èº«æˆ°
ã—ã£ãºãŒãˆã—	Payback	GegenstoÃŸ	ReprÃ©sailles	Rivincita	Vendetta	ë³´ë³µ	ä»¥ç‰™è¿˜ç‰™	ä»¥ç‰™é‚„ç‰™
ãƒ€ãƒ¡ãŠã—	Assurance	Gewissheit	Assurance	Garanzia	Buena Baza	ìŠ¹ë¶€êµ³íˆê¸°	æ¶æ„è¿½å‡»	æƒ¡æ„è¿½æ“Š
ã•ã—ãŠã•ãˆ	Embargo	Itemsperre	Embargo	Divieto	Embargo	ê¸ˆì œ	æŸ¥å°	æŸ¥å°
ãªã’ã¤ã‘ã‚‹	Fling	Schleuder	DÃ©gommage	Lancio	Lanzamiento	ë‚´ë˜ì§€ê¸°	æŠ•æ·	æŠ•æ“²
ã‚µã‚¤ã‚³ã‚·ãƒ•ãƒˆ	Psycho Shift	Psybann	Ã‰change Psy	Psicotrasfer	Psicocambio	ì‚¬ì´ì½”ì‹œí”„íŠ¸	ç²¾ç¥è½¬ç§»	ç²¾ç¥è½‰ç§»
ãã‚Šãµã 	Trump Card	Trumpfkarte	Atout	Asso	As Oculto	ë§ˆì§€ë§‰ìˆ˜ë‹¨	ç‹ç‰Œ	ç‹ç‰Œ
ã‹ã„ãµããµã†ã˜	Heal Block	Heilblockade	Anti-Soin	Anticura	Anticura	íšŒë³µë´‰ì¸	å›å¤å°é”	å›å¾©å°é–
ã—ã¼ã‚Šã¨ã‚‹	Wring Out	Auswringen	Essorage	Strizzata	EstrujÃ³n	ì¥ì–´ì§œê¸°	ç»ç´§	çµç·Š
ãƒ‘ãƒ¯ãƒ¼ãƒˆãƒªãƒƒã‚¯	Power Trick	Krafttrick	Astuce Force	Ingannoforza	Truco Fuerza	íŒŒì›ŒíŠ¸ë¦­	åŠ›é‡æˆæ³•	åŠ›é‡æˆ²æ³•
ã„ãˆã	Gastro Acid	MagensÃ¤fte	Suc Digestif	Gastroacido	Bilis	ìœ„ì•¡	èƒƒæ¶²	èƒƒæ¶²
ãŠã¾ã˜ãªã„	Lucky Chant	BeschwÃ¶rung	Air Veinard	Fortuncanto	Conjuro	ì£¼ìˆ 	å¹¸è¿å’’è¯­	å¹¸é‹å’’èª
ã•ãã©ã‚Š	Me First	Egotrip	Moi dâ€™Abord	Precedenza	Yo Primero	ì„ ì·¨	æŠ¢å…ˆä¸€æ­¥	æ¶å…ˆä¸€æ­¥
ã¾ã­ã£ã“	Copycat	Imitator	Photocopie	Copione	CopiÃ³n	í‰ë‚´ìŸì´	ä»¿æ•ˆ	ä»¿æ•ˆ
ãƒ‘ãƒ¯ãƒ¼ã‚¹ãƒ¯ãƒƒãƒ—	Power Swap	Krafttausch	Permuforce	Barattoforza	Cambia Fuerza	íŒŒì›ŒìŠ¤ì›¹	åŠ›é‡äº’æ¢	åŠ›é‡äº’æ›
ã‚¬ãƒ¼ãƒ‰ã‚¹ãƒ¯ãƒƒãƒ—	Guard Swap	Schutztausch	Permugarde	Barattoscudo	Cambia Defensa	ê°€ë“œìŠ¤ì›¹	é˜²å®ˆäº’æ¢	é˜²å®ˆäº’æ›
ãŠã—ãŠã	Punishment	Strafattacke	Punition	Punizione	Castigo	í˜¼ë‚´ê¸°	æƒ©ç½š	æ‡²ç½°
ã¨ã£ã¦ãŠã	Last Resort	Zuflucht	Dernier Recours	Ultimascelta	Ãšltima Baza	ë’€ë‹¤ì“°ê¸°	çè—	çè—
ãªã‚„ã¿ã®ã‚¿ãƒ	Worry Seed	Sorgensamen	Soucigraine	Affannoseme	Abatidoras	ê³ ë¯¼ì”¨	çƒ¦æ¼ç§å­	ç…©æƒ±ç¨®å­
ãµã„ã†ã¡	Sucker Punch	Tiefschlag	Coup Bas	Sbigoattacco	Golpe Bajo	ê¸°ìŠµ	çªè¢­	çªè¥²
ã©ãã³ã—	Toxic Spikes	Giftspitzen	Pics Toxik	Fielepunte	PÃºas TÃ³xicas	ë…ì••ì •	æ¯’è±	æ¯’è±
ãƒãƒ¼ãƒˆã‚¹ãƒ¯ãƒƒãƒ—	Heart Swap	Statustausch	PermucÅ“ur	Cuorbaratto	Cambia Almas	í•˜íŠ¸ìŠ¤ì›¹	å¿ƒçµäº’æ¢	å¿ƒéˆäº’æ›
ã‚¢ã‚¯ã‚¢ãƒªãƒ³ã‚°	Aqua Ring	Wasserring	Anneau Hydro	Acquanello	Acua Aro	ì•„ì¿ ì•„ë§	æ°´æµç¯	æ°´æµç’°
ã§ã‚“ã˜ãµã‚†ã†	Magnet Rise	Magnetflug	Vol MagnÃ©tik	Magnetascesa	LevitÃ³n	ì „ìë¶€ìœ 	ç”µç£é£˜æµ®	é›»ç£é£„æµ®
ãƒ•ãƒ¬ã‚¢ãƒ‰ãƒ©ã‚¤ãƒ–	Flare Blitz	Flammenblitz	Boutefeu	Fuococarica	Envite Ãgneo	í”Œë ˆì–´ë“œë¼ì´ë¸Œ	é—ªç„°å†²é”‹	é–ƒç„°è¡é‹’
ã¯ã£ã‘ã„	Force Palm	Kraftwelle	Forte-Paume	Palmoforza	Palmeo	ë°œê²½	å‘åŠ²	ç™¼å‹
ã¯ã©ã†ã ã‚“	Aura Sphere	AurasphÃ¤re	AurasphÃ¨re	Forzasfera	Esfera Aural	íŒŒë™íƒ„	æ³¢å¯¼å¼¹	æ³¢å°å½ˆ
ãƒ­ãƒƒã‚¯ã‚«ãƒƒãƒˆ	Rock Polish	Steinpolitur	Poliroche	Lucidatura	Pulimento	ë¡ì»¤íŠ¸	å²©çŸ³æ‰“ç£¨	å²©çŸ³æ‰“ç£¨
ã©ãã¥ã	Poison Jab	Gifthieb	Direct Toxik	Velenpuntura	Puya Nociva	ë…ì°Œë¥´ê¸°	æ¯’å‡»	æ¯’æ“Š
ã‚ãã®ã¯ã©ã†	Dark Pulse	Finsteraura	Vibrobscur	Neropulsar	Pulso UmbrÃ­o	ì•…ì˜íŒŒë™	æ¶ä¹‹æ³¢åŠ¨	æƒ¡ä¹‹æ³¢å‹•
ã¤ã˜ãã‚Š	Night Slash	Nachthieb	Tranche-Nuit	Nottesferza	Tajo UmbrÃ­o	ê¹œì§ë² ê¸°	æš—è¢­è¦å®³	æš—è¥²è¦å®³
ã‚¢ã‚¯ã‚¢ãƒ†ãƒ¼ãƒ«	Aqua Tail	Nassschweif	Hydroqueue	Idrondata	Acua Cola	ì•„ì¿ ì•„í…Œì¼	æ°´æµå°¾	æ°´æµå°¾
ã‚¿ãƒã°ãã ã‚“	Seed Bomb	Samenbomben	Canon Graine	Semebomba	Bomba Germen	ì”¨í­íƒ„	ç§å­ç‚¸å¼¹	ç¨®å­ç‚¸å½ˆ
ã‚¨ã‚¢ã‚¹ãƒ©ãƒƒã‚·ãƒ¥	Air Slash	Luftschnitt	Lame dâ€™Air	Eterelama	Tajo AÃ©reo	ì—ì–´ìŠ¬ë˜ì‹œ	ç©ºæ°”æ–©	ç©ºæ°£æ–¬
ã‚·ã‚¶ãƒ¼ã‚¯ãƒ­ã‚¹	X-Scissor	Kreuzschere	Plaie-Croix	Forbice X	Tijera X	ì‹œì €í¬ë¡œìŠ¤	åå­—å‰ª	åå­—å‰ª
ã‚€ã—ã®ã•ã–ã‚ã	Bug Buzz	KÃ¤fergebrumm	Bourdon	Ronzio	Zumbido	ë²Œë ˆì˜ì•¼ë‹¨ë²•ì„	è™«é¸£	èŸ²é³´
ã‚Šã‚…ã†ã®ã¯ã©ã†	Dragon Pulse	Drachenpuls	Dracochoc	Dragopulsar	Pulso DragÃ³n	ìš©ì˜íŒŒë™	é¾™ä¹‹æ³¢åŠ¨	é¾ä¹‹æ³¢å‹•
ãƒ‰ãƒ©ã‚´ãƒ³ãƒ€ã‚¤ãƒ–	Dragon Rush	DrachenstoÃŸ	Dracocharge	Dragofuria	Carga DragÃ³n	ë“œë˜ê³¤ë‹¤ì´ë¸Œ	é¾™ä¹‹ä¿¯å†²	é¾ä¹‹ä¿¯è¡
ãƒ‘ãƒ¯ãƒ¼ã‚¸ã‚§ãƒ 	Power Gem	Juwelenkraft	Rayon Gemme	Gemmoforza	Joya de Luz	íŒŒì›Œì ¬	åŠ›é‡å®çŸ³	åŠ›é‡å¯¶çŸ³
ãƒ‰ãƒ¬ã‚¤ãƒ³ãƒ‘ãƒ³ãƒ	Drain Punch	Ableithieb	Vampipoing	Assorbipugno	PuÃ±o Drenaje	ë“œë ˆì¸í€ì¹˜	å¸å–æ‹³	å¸å–æ‹³
ã—ã‚“ãã†ã¯	Vacuum Wave	Vakuumwelle	Onde Vide	Vuotonda	Onda VacÃ­o	ì§„ê³µíŒŒ	çœŸç©ºæ³¢	çœŸç©ºæ³¢
ãã‚ã„ã ã¾	Focus Blast	FokusstoÃŸ	Exploforce	Focalcolpo	Onda Certera	ê¸°í•©êµ¬ìŠ¬	çœŸæ°”å¼¹	çœŸæ°£å½ˆ
ã‚¨ãƒŠã‚¸ãƒ¼ãƒœãƒ¼ãƒ«	Energy Ball	Energieball	Ã‰co-SphÃ¨re	Energipalla	Energibola	ì—ë„ˆì§€ë³¼	èƒ½é‡çƒ	èƒ½é‡çƒ
ãƒ–ãƒ¬ã‚¤ãƒ–ãƒãƒ¼ãƒ‰	Brave Bird	Sturzflug	Rapace	Baldeali	PÃ¡jaro Osado	ë¸Œë ˆì´ë¸Œë²„ë“œ	å‹‡é¸ŸçŒ›æ”»	å‹‡é³¥çŒ›æ”»
ã ã„ã¡ã®ã¡ã‹ã‚‰	Earth Power	ErdkrÃ¤fte	Telluriforce	Geoforza	Tierra Viva	ëŒ€ì§€ì˜í˜	å¤§åœ°ä¹‹åŠ›	å¤§åœ°ä¹‹åŠ›
ã™ã‚Šã‹ãˆ	Switcheroo	Wechseldich	Passe-Passe	Rapidscambio	Trapicheo	ë°”ê¿”ì¹˜ê¸°	æ‰åŒ…	æ‰åŒ…
ã‚®ã‚¬ã‚¤ãƒ³ãƒ‘ã‚¯ãƒˆ	Giga Impact	GigastoÃŸ	Giga Impact	Gigaimpatto	Giga Impacto	ê¸°ê°€ì„íŒ©íŠ¸	ç»ˆæå†²å‡»	çµ‚æ¥µè¡æ“Š
ã‚ã‚‹ã ãã¿	Nasty Plot	RÃ¤nkeschmied	Machination	Congiura	MaquinaciÃ³n	ë‚˜ìœìŒëª¨	è¯¡è®¡	è©­è¨ˆ
ãƒãƒ¬ãƒƒãƒˆãƒ‘ãƒ³ãƒ	Bullet Punch	Patronenhieb	Pisto-Poing	Pugnoscarica	PuÃ±o Bala	ë¶ˆë¦¿í€ì¹˜	å­å¼¹æ‹³	å­å½ˆæ‹³
ã‚†ããªã ã‚Œ	Avalanche	Lawine	Avalanche	Slavina	Alud	ëˆˆì‚¬íƒœ	é›ªå´©	é›ªå´©
ã“ãŠã‚Šã®ã¤ã¶ã¦	Ice Shard	Eissplitter	Ã‰clats Glace	Geloscheggia	Canto Helado	ì–¼ìŒë­‰ì¹˜	å†°ç ¾	å†°ç¤«
ã‚·ãƒ£ãƒ‰ãƒ¼ã‚¯ãƒ­ãƒ¼	Shadow Claw	Dunkelklaue	Griffe Ombre	Ombrartigli	Garra UmbrÃ­a	ì„€ë„í¬ë£¨	æš—å½±çˆª	æš—å½±çˆª
ã‹ã¿ãªã‚Šã®ã‚­ãƒ	Thunder Fang	Donnerzahn	Crocs Ã‰clair	Fulmindenti	Colmillo Rayo	ë²ˆê°œì—„ë‹ˆ	é›·ç”µç‰™	é›·é›»ç‰™
ã“ãŠã‚Šã®ã‚­ãƒ	Ice Fang	Eiszahn	Crocs Givre	Gelodenti	Colmillo Hielo	ì–¼ìŒì—„ë‹ˆ	å†°å†»ç‰™	å†°å‡ç‰™
ã»ã®ãŠã®ã‚­ãƒ	Fire Fang	Feuerzahn	Crocs Feu	Rogodenti	Colmillo Ãgneo	ë¶ˆê½ƒì—„ë‹ˆ	ç«ç„°ç‰™	ç«ç„°ç‰™
ã‹ã’ã†ã¡	Shadow Sneak	SchattenstoÃŸ	Ombre PortÃ©e	Furtivombra	Sombra Vil	ì•¼ìŠµ	å½±å­å·è¢­	å½±å­å·è¥²
ã©ã‚ã°ãã ã‚“	Mud Bomb	Schlammbombe	Boue-Bombe	Pantanobomba	Bomba Fango	ì§„í™í­íƒ„	æ³¥å·´ç‚¸å¼¹	æ³¥å·´ç‚¸å½ˆ
ã‚µã‚¤ã‚³ã‚«ãƒƒã‚¿ãƒ¼	Psycho Cut	Psychoklinge	Coupe Psycho	Psicotaglio	Psicocorte	ì‚¬ì´ì½”ì»¤í„°	ç²¾ç¥åˆ©åˆƒ	ç²¾ç¥åˆ©åˆƒ
ã—ã­ã‚“ã®ãšã¤ã	Zen Headbutt	Zen-KopfstoÃŸ	Psykoudâ€™Boul	Cozzata Zen	Cabezazo Zen	ì‚¬ë…ì˜ë°•ì¹˜ê¸°	æ„å¿µå¤´é”¤	æ„å¿µé ­éŒ˜
ãƒŸãƒ©ãƒ¼ã‚·ãƒ§ãƒƒãƒˆ	Mirror Shot	Spiegelsalve	Miroi-Tir	Cristalcolpo	Disparo Espejo	ë¯¸ëŸ¬ìˆ	é•œå…‰å°„å‡»	é¡å…‰å°„æ“Š
ãƒ©ã‚¹ã‚¿ãƒ¼ã‚«ãƒãƒ³	Flash Cannon	Lichtkanone	Luminocanon	Cannonflash	Foco Resplandor	ëŸ¬ìŠ¤í„°ìºë…¼	åŠ å†œå…‰ç‚®	åŠ è¾²å…‰ç‚®
ãƒ­ãƒƒã‚¯ã‚¯ãƒ©ã‚¤ãƒ 	Rock Climb	Kraxler	Escalade	Scalaroccia	Treparrocas	ë½í´ë¼ì„	æ”€å²©	æ”€å²©
ãã‚Šã°ã‚‰ã„	Defog	Auflockern	Anti-Brume	Scacciabruma	Despejar	ì•ˆê°œì œê±°	æ¸…é™¤æµ“é›¾	æ¸…é™¤æ¿ƒéœ§
ãƒˆãƒªãƒƒã‚¯ãƒ«ãƒ¼ãƒ 	Trick Room	Bizarroraum	Distorsion	Distortozona	Espacio Raro	íŠ¸ë¦­ë£¸	æˆæ³•ç©ºé—´	æˆ²æ³•ç©ºé–“
ã‚Šã‚…ã†ã›ã„ãã‚“	Draco Meteor	Draco Meteor	Draco MÃ©tÃ©ore	Dragobolide	Cometa Draco	ìš©ì„±êµ°	æµæ˜Ÿç¾¤	æµæ˜Ÿç¾¤
ã»ã†ã§ã‚“	Discharge	LadungsstoÃŸ	Coup dâ€™Jus	Scarica	Chispazo	ë°©ì „	æ”¾ç”µ	æ”¾é›»
ãµã‚“ãˆã‚“	Lava Plume	Flammensturm	Ã‰bullilave	Lavasbuffo	Humareda	ë¶„ì—°	å–·çƒŸ	å™´ç…™
ãƒªãƒ¼ãƒ•ã‚¹ãƒˆãƒ¼ãƒ 	Leaf Storm	BlÃ¤ttersturm	TempÃªte Verte	Verdebufera	Lluevehojas	ë¦¬í”„ìŠ¤í†°	é£å¶é£æš´	é£›è‘‰é¢¨æš´
ãƒ‘ãƒ¯ãƒ¼ã‚¦ã‚£ãƒƒãƒ—	Power Whip	BlattgeiÃŸel	MÃ©gafouet	Vigorcolpo	Latigazo	íŒŒì›Œíœ©	å¼ºåŠ›é­æ‰“	å¼·åŠ›é­æ‰“
ãŒã‚“ã›ãã»ã†	Rock Wrecker	Felswerfer	Roc-Boulet	Devastomasso	Romperrocas	ì•”ì„í¬	å²©çŸ³ç‚®	å²©çŸ³ç‚®
ã‚¯ãƒ­ã‚¹ãƒã‚¤ã‚ºãƒ³	Cross Poison	Giftstreich	Poison-Croix	Velenocroce	Veneno X	í¬ë¡œìŠ¤í¬ì´ì¦Œ	åå­—æ¯’åˆƒ	åå­—æ¯’åˆƒ
ãƒ€ã‚¹ãƒˆã‚·ãƒ¥ãƒ¼ãƒˆ	Gunk Shot	MÃ¼lltreffer	DÃ©tricanon	Sporcolancio	Lanza Mugre	ë”ìŠ¤íŠ¸ìŠˆíŠ¸	åƒåœ¾å°„å‡»	åƒåœ¾å°„æ“Š
ã‚¢ã‚¤ã‚¢ãƒ³ãƒ˜ãƒƒãƒ‰	Iron Head	EisenschÃ¤del	TÃªte de Fer	Metaltestata	Cabeza de Hierro	ì•„ì´ì–¸í—¤ë“œ	é“å¤´	éµé ­
ãƒã‚°ãƒãƒƒãƒˆãƒœãƒ 	Magnet Bomb	Magnetbombe	Bombaimant	Bombagnete	Bomba ImÃ¡n	ë§ˆê·¸ë„·ë´„	ç£é“ç‚¸å¼¹	ç£éµç‚¸å½ˆ
ã‚¹ãƒˆãƒ¼ãƒ³ã‚¨ãƒƒã‚¸	Stone Edge	Steinkante	Lame de Roc	Pietrataglio	Roca Afilada	ìŠ¤í†¤ì—ì§€	å°–çŸ³æ”»å‡»	å°–çŸ³æ”»æ“Š
ã‚†ã†ã‚ã	Captivate	Liebreiz	SÃ©duction	Incanto	SeducciÃ³n	ìœ í˜¹	è¯±æƒ‘	èª˜æƒ‘
ã‚¹ãƒ†ãƒ«ã‚¹ãƒ­ãƒƒã‚¯	Stealth Rock	Tarnsteine	PiÃ¨ge de Roc	Levitoroccia	Trampa Rocas	ìŠ¤í…”ìŠ¤ë¡	éšå½¢å²©	éš±å½¢å²©
ãã•ã‚€ã™ã³	Grass Knot	Strauchler	NÅ“ud Herbe	Laccioerboso	Hierba Lazo	í’€ë¬¶ê¸°	æ‰“è‰ç»“	æ‰“è‰çµ
ãŠã—ã‚ƒã¹ã‚Š	Chatter	GeschwÃ¤tz	Babil	Schiamazzo	ChÃ¡chara	ìˆ˜ë‹¤	å–‹å–‹ä¸ä¼‘	å–‹å–‹ä¸ä¼‘
ã•ã°ãã®ã¤ã¶ã¦	Judgment	Urteilskraft	Jugement	Giudizio	Sentencia	ì‹¬íŒì˜ë­‰ì¹˜	åˆ¶è£å…‰ç ¾	åˆ¶è£å…‰ç¤«
ã‚€ã—ãã„	Bug Bite	KÃ¤ferbiss	PiqÃ»re	Coleomorso	Picadura	ë²Œë ˆë¨¹ìŒ	è™«å’¬	èŸ²å’¬
ãƒãƒ£ãƒ¼ã‚¸ãƒ“ãƒ¼ãƒ 	Charge Beam	Ladestrahl	Rayon ChargÃ©	Raggioscossa	Rayo Carga	ì°¨ì§€ë¹”	å……ç”µå…‰æŸ	å……é›»å…‰æŸ
ã‚¦ãƒƒãƒ‰ãƒãƒ³ãƒãƒ¼	Wood Hammer	Holzhammer	Martobois	Mazzuolegno	Mazazo	ìš°ë“œí•´ë¨¸	æœ¨æ§Œ	æœ¨æ§Œ
ã‚¢ã‚¯ã‚¢ã‚¸ã‚§ãƒƒãƒˆ	Aqua Jet	WasserdÃ¼se	Aqua-Jet	Acquagetto	Acua Jet	ì•„ì¿ ì•„ì œíŠ¸	æ°´æµå–·å°„	æ°´æµå™´å°„
ã“ã†ã’ãã—ã‚Œã„	Attack Order	Schlagbefehl	Appel Attaque	Comandourto	Al Ataque	ê³µê²©ì§€ë ¹	æ”»å‡»æŒ‡ä»¤	æ”»æ“ŠæŒ‡ä»¤
ã¼ã†ãã‚‡ã—ã‚Œã„	Defend Order	Blockbefehl	Appel DÃ©fense	Comandoscudo	A Defender	ë°©ì–´ì§€ë ¹	é˜²å¾¡æŒ‡ä»¤	é˜²ç¦¦æŒ‡ä»¤
ã‹ã„ãµãã—ã‚Œã„	Heal Order	Heilbefehl	Appel Soins	Comandocura	Auxilio	íšŒë³µì§€ë ¹	å›å¤æŒ‡ä»¤	å›å¾©æŒ‡ä»¤
ã‚‚ã‚ã¯ã®ãšã¤ã	Head Smash	KopfstoÃŸ	Fracassâ€™TÃªte	Zuccata	Testarazo	ì–‘ë‚ ë°•ì¹˜ê¸°	åŒåˆƒå¤´é”¤	é›™åˆƒé ­éŒ˜
ãƒ€ãƒ–ãƒ«ã‚¢ã‚¿ãƒƒã‚¯	Double Hit	Doppelschlag	Coup Double	Doppiosmash	Doble Golpe	ë”ë¸”ì–´íƒ	äºŒè¿å‡»	äºŒé€£æ“Š
ã¨ãã®ã»ã†ã“ã†	Roar of Time	ZeitenlÃ¤rm	Hurle-Temps	Fragortempo	DistorsiÃ³n	ì‹œê°„ì˜í¬íš¨	æ—¶å…‰å’†å“®	æ™‚å…‰å’†å“®
ã‚ãã†ã›ã¤ã ã‚“	Spacial Rend	Raumschlag	Spatio-Rift	Fendispazio	Corte VacÃ­o	ê³µê°„ì ˆë‹¨	äºšç©ºè£‚æ–©	äºç©ºè£‚æ–¬
ã¿ã‹ã¥ãã®ã¾ã„	Lunar Dance	Lunartanz	Danse-Lune	Lunardanza	Danza Lunar	ì´ˆìŠ¹ë‹¬ì¶¤	æ–°æœˆèˆ	æ–°æœˆèˆ
ã«ãã‚Šã¤ã¶ã™	Crush Grip	Quetschgriff	Presse	Sbriciolmano	AgarrÃ³n	ë¬µì‚¬ë°œ	æç¢	æç¢
ãƒã‚°ãƒã‚¹ãƒˆãƒ¼ãƒ 	Magma Storm	Lavasturm	Vortex Magma	Magmaclisma	Lluvia Ãgnea	ë§ˆê·¸ë§ˆìŠ¤í†°	ç†”å²©é£æš´	ç†”å²©é¢¨æš´
ãƒ€ãƒ¼ã‚¯ãƒ›ãƒ¼ãƒ«	Dark Void	Schlummerort	Trou Noir	Vuototetro	Brecha Negra	ë‹¤í¬í™€	æš—é»‘æ´	æš—é»‘æ´
ã‚·ãƒ¼ãƒ‰ãƒ•ãƒ¬ã‚¢	Seed Flare	Schocksamen	Fulmigraine	Infuriaseme	Fogonazo	ì‹œë“œí”Œë ˆì–´	ç§å­é—ªå…‰	ç¨®å­é–ƒå…‰
ã‚ã‚„ã—ã„ã‹ãœ	Ominous Wind	UnheilbÃ¶en	Vent Mauvais	Funestovento	Viento Aciago	ê´´ìƒí•œë°”ëŒ	å¥‡å¼‚ä¹‹é£	å¥‡ç•°ä¹‹é¢¨
ã‚·ãƒ£ãƒ‰ãƒ¼ãƒ€ã‚¤ãƒ–	Shadow Force	Schemenkraft	Revenant	Oscurotuffo	Golpe UmbrÃ­o	ì„€ë„ë‹¤ì´ë¸Œ	æš—å½±æ½œè¢­	æš—å½±æ½›è¥²
ã¤ã‚ã¨ã	Hone Claws	Klauenwetzer	Aiguisage	Unghiaguzze	Afilagarras	ì†í†±ê°ˆê¸°	ç£¨çˆª	ç£¨çˆª
ãƒ¯ã‚¤ãƒ‰ã‚¬ãƒ¼ãƒ‰	Wide Guard	Rundumschutz	Garde Large	Bodyguard	Vastaguardia	ì™€ì´ë“œê°€ë“œ	å¹¿åŸŸé˜²å®ˆ	å»£åŸŸé˜²å®ˆ
ã‚¬ãƒ¼ãƒ‰ã‚·ã‚§ã‚¢	Guard Split	Schutzteiler	Partage Garde	Paridifesa	Isoguardia	ê°€ë“œì…°ì–´	é˜²å®ˆå¹³åˆ†	é˜²å®ˆå¹³åˆ†
ãƒ‘ãƒ¯ãƒ¼ã‚·ã‚§ã‚¢	Power Split	Kraftteiler	Partage Force	Pariattacco	Isofuerza	íŒŒì›Œì…°ì–´	åŠ›é‡å¹³åˆ†	åŠ›é‡å¹³åˆ†
ãƒ¯ãƒ³ãƒ€ãƒ¼ãƒ«ãƒ¼ãƒ 	Wonder Room	Wunderraum	Zone Ã‰trange	Mirabilzona	Zona ExtraÃ±a	ì›ë”ë£¸	å¥‡å¦™ç©ºé—´	å¥‡å¦™ç©ºé–“
ã‚µã‚¤ã‚³ã‚·ãƒ§ãƒƒã‚¯	Psyshock	Psychoschock	Choc Psy	Psicoshock	Psicocarga	ì‚¬ì´ì½”ì‡¼í¬	ç²¾ç¥å†²å‡»	ç²¾ç¥è¡æ“Š
ãƒ™ãƒãƒ ã‚·ãƒ§ãƒƒã‚¯	Venoshock	Giftschock	Choc Venin	Velenoshock	Carga TÃ³xica	ë² ë†ˆì‡¼í¬	æ¯’æ¶²å†²å‡»	æ¯’æ¶²è¡æ“Š
ãƒœãƒ‡ã‚£ãƒ‘ãƒ¼ã‚¸	Autotomize	Autotomie	AllÃ¨gement	Sganciapesi	Aligerar	ë°”ë””í¼ì§€	èº«ä½“è½»é‡åŒ–	èº«é«”è¼•é‡åŒ–
ã„ã‹ã‚Šã®ã“ãª	Rage Powder	Wutpulver	Poudre Fureur	Polverabbia	Polvo Ira	ë¶„ë…¸ê°€ë£¨	æ„¤æ€’ç²‰	æ†¤æ€’ç²‰
ãƒ†ãƒ¬ã‚­ãƒã‚·ã‚¹	Telekinesis	Telekinese	LÃ©vikinÃ©sie	Telecinesi	Telequinesis	í…”ë ˆí‚¤ë„¤ì‹œìŠ¤	æ„å¿µç§»ç‰©	æ„å¿µç§»ç‰©
ãƒã‚¸ãƒƒã‚¯ãƒ«ãƒ¼ãƒ 	Magic Room	Magieraum	Zone Magique	Magicozona	Zona MÃ¡gica	ë§¤ì§ë£¸	é­”æ³•ç©ºé—´	é­”æ³•ç©ºé–“
ã†ã¡ãŠã¨ã™	Smack Down	Katapult	Anti-Air	Abbattimento	AntiaÃ©reo	ë–¨ì–´ëœ¨ë¦¬ê¸°	å‡»è½	æ“Šè½
ã‚„ã¾ã‚ã‚‰ã—	Storm Throw	Bergsturm	Yama Arashi	Tempestretta	Llave CorsÃ©	ì—…ì–´í›„ë¦¬ê¸°	å±±å²šæ‘”	å±±åµæ‘”
ã¯ã˜ã‘ã‚‹ã»ã®ãŠ	Flame Burst	Funkenflug	Rebondifeu	Pirolancio	Pirotecnia	ë¶ˆê½ƒíŠ€ê¸°ê¸°	çƒˆç„°æº…å°„	çƒˆç„°æ¿ºå°„
ãƒ˜ãƒ‰ãƒ­ã‚¦ã‚§ãƒ¼ãƒ–	Sludge Wave	Schlammwoge	Cradovague	Fangonda	Onda TÃ³xica	ì˜¤ë¬¼ì›¨ì´ë¸Œ	æ±¡æ³¥æ³¢	æ±¡æ³¥æ³¢
ã¡ã‚‡ã†ã®ã¾ã„	Quiver Dance	Falterreigen	Papillodanse	Eledanza	Danza Aleteo	ë‚˜ë¹„ì¶¤	è¶èˆ	è¶èˆ
ãƒ˜ãƒ“ãƒ¼ãƒœãƒ³ãƒãƒ¼	Heavy Slam	Rammboss	Tacle Lourd	Pesobomba	Cuerpo Pesado	í—¤ë¹„ë´„ë²„	é‡ç£…å†²æ’	é‡ç£…è¡æ’
ã‚·ãƒ³ã‚¯ãƒ­ãƒã‚¤ã‚º	Synchronoise	SynchrolÃ¤rm	Synchropeine	Sincrumore	Sincrorruido	ì‹±í¬ë¡œë…¸ì´ì¦ˆ	åŒæ­¥å¹²æ‰°	åŒæ­¥å¹²æ“¾
ã‚¨ãƒ¬ã‚­ãƒœãƒ¼ãƒ«	Electro Ball	Elektroball	Boule Ã‰lek	Energisfera	Bola Voltio	ì¼ë ‰íŠ¸ë¦­ë³¼	ç”µçƒ	é›»çƒ
ã¿ãšã³ãŸã—	Soak	Ãœberflutung	DÃ©trempage	Inondazione	Anegar	ë¬¼ë¶“ê¸°	æµ¸æ°´	æµ¸æ°´
ãƒ‹ãƒˆãƒ­ãƒãƒ£ãƒ¼ã‚¸	Flame Charge	Nitroladung	Nitrocharge	Nitrocarica	Nitrocarga	ë‹ˆíŠ¸ë¡œì°¨ì§€	è“„èƒ½ç„°è¢­	è“„èƒ½ç„°è¥²
ã¨ãã‚ã‚’ã¾ã	Coil	Einrollen	Enroulement	Arrotola	Enrosque	ë˜¬ë¦¬í‹€ê¸°	ç›˜èœ·	ç›¤èœ·
ãƒ­ãƒ¼ã‚­ãƒƒã‚¯	Low Sweep	FuÃŸtritt	Balayette	Calciobasso	PuntapiÃ©	ë¡œí‚¥	ä¸‹ç›˜è¸¢	ä¸‹ç›¤è¸¢
ã‚¢ã‚·ãƒƒãƒ‰ãƒœãƒ 	Acid Spray	SÃ¤urespeier	Bombe Acide	Acidobomba	Bomba Ãcida	ì• ì‹œë“œë´„	é…¸æ¶²ç‚¸å¼¹	é…¸æ¶²ç‚¸å½ˆ
ã‚¤ã‚«ã‚µãƒ	Foul Play	Schmarotzer	Tricherie	Ripicca	Juego Sucio	ì†ì„ìˆ˜	æ¬ºè¯ˆ	æ¬ºè©
ã‚·ãƒ³ãƒ—ãƒ«ãƒ“ãƒ¼ãƒ 	Simple Beam	Wankelstrahl	Rayon Simple	Ondisinvolta	Onda Simple	ì‹¬í”Œë¹”	å•çº¯å…‰æŸ	å–®ç´”å…‰æŸ
ãªã‹ã¾ã¥ãã‚Š	Entrainment	Zwango	Ten-danse	Saltamicizia	Danza Amiga	ë™ë£Œë§Œë“¤ê¸°	æ‰¾ä¼™ä¼´	æ‰¾å¤¥ä¼´
ãŠã•ãã«ã©ã†ã	After You	Galanterie	AprÃ¨s Vous	Cortesia	Cede Paso	ë‹¹ì‹ ë¨¼ì €	æ‚¨å…ˆè¯·	æ‚¨å…ˆè«‹
ã‚Šã‚“ã—ã‚‡ã†	Round	Kanon	Chant Canon	Coro	Canon	ëŒë¦¼ë…¸ë˜	è½®å”±	è¼ªå”±
ã‚¨ã‚³ãƒ¼ãƒœã‚¤ã‚¹	Echoed Voice	Widerhall	Ã‰cho	Echeggiavoce	Eco Voz	ì—ì½”ë³´ì´ìŠ¤	å›å£°	å›è²
ãªã—ããšã—	Chip Away	ZermÃ¼rben	Attrition	Insidia	Guardia Baja	ì•¼ê¸ˆì•¼ê¸ˆ	é€æ­¥å‡»ç ´	é€æ­¥æ“Šç ´
ã‚¯ãƒªã‚¢ã‚¹ãƒ¢ãƒƒã‚°	Clear Smog	KlÃ¤rsmog	Bain de Smog	Pulifumo	Niebla Clara	í´ë¦¬ì–´ìŠ¤ëª¨ê·¸	æ¸…é™¤ä¹‹çƒŸ	æ¸…é™¤ä¹‹ç…™
ã‚¢ã‚·ã‚¹ãƒˆãƒ‘ãƒ¯ãƒ¼	Stored Power	Kraftvorrat	Force AjoutÃ©e	Veicolaforza	Poder Reserva	ì–´ì‹œìŠ¤íŠ¸íŒŒì›Œ	è¾…åŠ©åŠ›é‡	è¼”åŠ©åŠ›é‡
ãƒ•ã‚¡ã‚¹ãƒˆã‚¬ãƒ¼ãƒ‰	Quick Guard	Rapidschutz	PrÃ©vention	Anticipo	Anticipo	í¼ìŠ¤íŠ¸ê°€ë“œ	å¿«é€Ÿé˜²å®ˆ	å¿«é€Ÿé˜²å®ˆ
ã‚µã‚¤ãƒ‰ãƒã‚§ãƒ³ã‚¸	Ally Switch	Seitentausch	Interversion	Cambiaposto	Cambio Banda	ì‚¬ì´ë“œì²´ì¸ì§€	äº¤æ¢åœºåœ°	äº¤æ›å ´åœ°
ã­ã£ã¨ã†	Scald	Siedewasser	Ã‰bullition	Idrovampata	Escaldar	ì—´íƒ•	çƒ­æ°´	ç†±æ°´
ã‹ã‚‰ã‚’ã‚„ã¶ã‚‹	Shell Smash	Hausbruch	Exuviation	Gettaguscio	Rompecoraza	ê»ì§ˆê¹¨ê¸°	ç ´å£³	ç ´æ®¼
ã„ã‚„ã—ã®ã¯ã©ã†	Heal Pulse	Heilwoge	Vibra Soin	Ondasana	Pulso Cura	ì¹˜ìœ íŒŒë™	æ²»æ„ˆæ³¢åŠ¨	æ²»ç™’æ³¢å‹•
ãŸãŸã‚Šã‚	Hex	BÃ¼rde	ChÃ¢timent	Sciagura	Infortunio	ë³‘ìƒì²¨ë³‘	ç¥¸ä¸å•è¡Œ	ç¦ä¸å–®è¡Œ
ãƒ•ãƒªãƒ¼ãƒ•ã‚©ãƒ¼ãƒ«	Sky Drop	Freier Fall	Chute Libre	Cadutalibera	CaÃ­da Libre	í”„ë¦¬í´	è‡ªç”±è½ä½“	è‡ªç”±è½é«”
ã‚®ã‚¢ãƒã‚§ãƒ³ã‚¸	Shift Gear	Gangwechsel	Chgt Vitesse	Cambiomarcia	Cambio de Marcha	ê¸°ì–´ì²´ì¸ì§€	æ¢æŒ¡	æ›æª”
ã¨ã‚‚ãˆãªã’	Circle Throw	Ãœberkopfwurf	Projection	Ribaltiro	Llave Giro	ë°°ëŒ€ë’¤ì¹˜ê¸°	å·´æŠ•	å·´æŠ•
ã‚„ãã¤ãã™	Incinerate	EinÃ¤schern	Calcination	Bruciatutto	CalcinaciÃ³n	ë¶ˆíƒœìš°ê¸°	çƒ§å°½	ç‡’ç›¡
ã•ããŠãã‚Š	Quash	VerzÃ¶gerung	Ã€ la Queue	Spintone	Ãšltimo Lugar	ìˆœì„œë¯¸ë£¨ê¸°	å»¶å	å»¶å¾Œ
ã‚¢ã‚¯ãƒ­ãƒãƒƒãƒˆ	Acrobatics	Akrobatik	Acrobatie	Acrobazia	AcrÃ³bata	ì• í¬ëŸ¬ë±ƒ	æ‚æŠ€	é›œæŠ€
ãƒŸãƒ©ãƒ¼ã‚¿ã‚¤ãƒ—	Reflect Type	Typenspiegel	Copie Type	Riflettipo	Clonatipo	ë¯¸ëŸ¬íƒ€ì…	é•œé¢å±æ€§	é¡é¢å±¬æ€§
ã‹ãŸãã†ã¡	Retaliate	Heimzahlung	Vengeance	Nemesi	Represalia	ì›ìˆ˜ê°šê¸°	æŠ¥ä»‡	å ±ä»‡
ã„ã®ã¡ãŒã‘	Final Gambit	Wagemut	Tout ou Rien	Azzardo	Sacrificio	ëª©ìˆ¨ê±¸ê¸°	æå‘½	æå‘½
ã‚®ãƒ•ãƒˆãƒ‘ã‚¹	Bestow	Offerte	Passe-Cadeau	Cediregalo	Ofrenda	ê¸°í”„íŠ¸íŒ¨ìŠ¤	ä¼ é€’ç¤¼ç‰©	å‚³éç¦®ç‰©
ã‚Œã‚“ã”ã	Inferno	Inferno	Feu dâ€™Enfer	Marchiatura	Infierno	ì—°ì˜¥	ç‚¼ç‹±	ç…‰ç„
ã¿ãšã®ã¡ã‹ã„	Water Pledge	WassersÃ¤ulen	Aire dâ€™Eau	Acquapatto	Voto Agua	ë¬¼ì˜ë§¹ì„¸	æ°´ä¹‹èª“çº¦	æ°´ä¹‹èª“ç´„
ã»ã®ãŠã®ã¡ã‹ã„	Fire Pledge	FeuersÃ¤ulen	Aire de Feu	Fiammapatto	Voto Fuego	ë¶ˆê½ƒì˜ë§¹ì„¸	ç«ä¹‹èª“çº¦	ç«ä¹‹èª“ç´„
ãã•ã®ã¡ã‹ã„	Grass Pledge	PflanzensÃ¤ulen	Aire dâ€™Herbe	Erbapatto	Voto Planta	í’€ì˜ë§¹ì„¸	è‰ä¹‹èª“çº¦	è‰ä¹‹èª“ç´„
ãƒœãƒ«ãƒˆãƒã‚§ãƒ³ã‚¸	Volt Switch	Voltwechsel	Change Ã‰clair	Invertivolt	Voltiocambio	ë³¼íŠ¸ì²´ì¸ì§€	ä¼ç‰¹æ›¿æ¢	ä¼ç‰¹æ›¿æ›
ã‚€ã—ã®ã¦ã„ã“ã†	Struggle Bug	KÃ¤fertrutz	Survinsecte	Entomoblocco	Estoicismo	ë²Œë ˆì˜ì €í•­	è™«ä¹‹æŠµæŠ—	èŸ²ä¹‹æŠµæŠ—
ã˜ãªã‚‰ã—	Bulldoze	Dampfwalze	PiÃ©tisol	Battiterra	Terratemblor	ë•…ê³ ë¥´ê¸°	é‡è¸	é‡è¸
ã“ãŠã‚Šã®ã„ã¶ã	Frost Breath	Eisesodem	Souffle GlacÃ©	Alitogelido	Vaho GÃ©lido	ì–¼ìŒìˆ¨ê²°	å†°æ¯	å†°æ¯
ãƒ‰ãƒ©ã‚´ãƒ³ãƒ†ãƒ¼ãƒ«	Dragon Tail	Drachenrute	Draco-Queue	Codadrago	Cola DragÃ³n	ë“œë˜ê³¤í…Œì¼	é¾™å°¾	é¾å°¾
ãµã‚‹ã„ãŸã¦ã‚‹	Work Up	Kraftschub	Rengorgement	Cuordileone	Avivar	ë¶„ë°œ	è‡ªæˆ‘æ¿€åŠ±	è‡ªæˆ‘æ¿€å‹µ
ã‚¨ãƒ¬ã‚­ãƒãƒƒãƒˆ	Electroweb	Elektronetz	Toile Ã‰lek	Elettrotela	Electrotela	ì¼ë ‰íŠ¸ë¦­ë„¤íŠ¸	ç”µç½‘	é›»ç¶²
ãƒ¯ã‚¤ãƒ«ãƒ‰ãƒœãƒ«ãƒˆ	Wild Charge	StromstoÃŸ	Ã‰clair Fou	Sprizzalampo	Voltio Cruel	ì™€ì¼ë“œë³¼íŠ¸	ç–¯ç‹‚ä¼ç‰¹	ç˜‹ç‹‚ä¼ç‰¹
ãƒ‰ãƒªãƒ«ãƒ©ã‚¤ãƒŠãƒ¼	Drill Run	Schlagbohrer	Tunnelier	Giravvita	Taladradora	ë“œë¦´ë¼ì´ë„ˆ	ç›´å†²é’»	ç›´è¡é‘½
ãƒ€ãƒ–ãƒ«ãƒãƒ§ãƒƒãƒ—	Dual Chop	Doppelhieb	Double Baffe	Doppiocolpo	Golpe Bis	ë”ë¸”ì´™	äºŒè¿åŠˆ	äºŒé€£åŠˆ
ãƒãƒ¼ãƒˆã‚¹ã‚¿ãƒ³ãƒ—	Heart Stamp	Herzstempel	CrÃ¨ve-CÅ“ur	Cuorestampo	Arrumaco	í•˜íŠ¸ìŠ¤íƒ¬í”„	çˆ±å¿ƒå°ç« 	æ„›å¿ƒå°ç« 
ã‚¦ãƒƒãƒ‰ãƒ›ãƒ¼ãƒ³	Horn Leech	Holzgeweih	Encornebois	Legnicorno	Asta Drenaje	ìš°ë“œí˜¸ë¥¸	æœ¨è§’	æœ¨è§’
ã›ã„ãªã‚‹ã¤ã‚‹ã	Sacred Sword	Sanctoklinge	Lame Sainte	Spadasolenne	Espada Santa	ì„±ìŠ¤ëŸ¬ìš´ì¹¼	åœ£å‰‘	è–åŠ
ã‚·ã‚§ãƒ«ãƒ–ãƒ¬ãƒ¼ãƒ‰	Razor Shell	Kalkklinge	Coquilame	Conchilama	Concha Filo	ì…¸ë¸”ë ˆì´ë“œ	è´å£³åˆƒ	è²æ®¼åˆƒ
ãƒ’ãƒ¼ãƒˆã‚¹ã‚¿ãƒ³ãƒ—	Heat Crash	Brandstempel	Tacle Feu	Marchiafuoco	Golpe Calor	íˆíŠ¸ìŠ¤íƒ¬í”„	é«˜æ¸©é‡å‹	é«˜æº«é‡å£“
ã‚°ãƒ©ã‚¹ãƒŸã‚­ã‚µãƒ¼	Leaf Tornado	Grasmixer	Phytomixeur	Vorticerba	CiclÃ³n de Hojas	ê·¸ë˜ìŠ¤ë¯¹ì„œ	é’è‰æ…æ‹Œå™¨	é’è‰æ”ªæ‹Œå™¨
ãƒãƒ¼ãƒ‰ãƒ­ãƒ¼ãƒ©ãƒ¼	Steamroller	Quetschwalze	Bulldoboule	Rulloduro	Rodillo de PÃºas	í•˜ë“œë¡¤ëŸ¬	ç–¯ç‹‚æ»šå‹	ç˜‹ç‹‚æ»¾å£“
ã‚³ãƒƒãƒˆãƒ³ã‚¬ãƒ¼ãƒ‰	Cotton Guard	Watteschild	Cotogarde	Cotonscudo	Rizo AlgodÃ³n	ì½”íŠ¼ê°€ë“œ	æ£‰èŠ±é˜²å®ˆ	æ£‰èŠ±é˜²å®ˆ
ãƒŠã‚¤ãƒˆãƒãƒ¼ã‚¹ãƒˆ	Night Daze	Nachtflut	Explonuit	Urtoscuro	Pulso Noche	ë‚˜ì´íŠ¸ë²„ìŠ¤íŠ¸	æš—é»‘çˆ†ç ´	æš—é»‘çˆ†ç ´
ã‚µã‚¤ã‚³ãƒ–ãƒ¬ã‚¤ã‚¯	Psystrike	PsychostoÃŸ	Frappe Psy	Psicobotta	Onda Mental	ì‚¬ì´ì½”ë¸Œë ˆì´í¬	ç²¾ç¥å‡»ç ´	ç²¾ç¥æ“Šç ´
ã‚¹ã‚¤ãƒ¼ãƒ—ãƒ“ãƒ³ã‚¿	Tail Slap	Kehrschelle	Plumo-Queue	Spazzasberla	Plumerazo	ìŠ¤ìœ„í”„ëº¨ì¹˜ê¸°	æ‰«å°¾æ‹æ‰“	æƒå°¾æ‹æ‰“
ã¼ã†ãµã†	Hurricane	Orkan	Vent Violent	Tifone	Vendaval	í­í’	æš´é£	æš´é¢¨
ã‚¢ãƒ•ãƒ­ãƒ–ãƒ¬ã‚¤ã‚¯	Head Charge	SteinschÃ¤del	PeignÃ©e	Ricciolata	Ariete	ì•„í”„ë¡œë¸Œë ˆì´í¬	çˆ†ç‚¸å¤´çªå‡»	çˆ†ç‚¸é ­çªæ“Š
ã‚®ã‚¢ã‚½ãƒ¼ã‚µãƒ¼	Gear Grind	Klikkdiskus	LancÃ©crou	Ingracolpo	Rueda Doble	ê¸°ì–´ì†Œì„œ	é½¿è½®é£ç›˜	é½’è¼ªé£›ç›¤
ã‹ãˆã‚“ã ã‚“	Searing Shot	Flammenball	Incendie	Sparafuoco	Bomba Ãgnea	í™”ì—¼íƒ„	ç«ç„°å¼¹	ç«ç„°å½ˆ
ãƒ†ã‚¯ãƒãƒã‚¹ã‚¿ãƒ¼	Techno Blast	Techblaster	Techno-Buster	Tecnobotto	Tecno Shock	í…Œí¬ë…¸ë²„ìŠ¤í„°	é«˜ç§‘æŠ€å…‰ç‚®	é«˜ç§‘æŠ€å…‰ç‚®
ã„ã«ã—ãˆã®ã†ãŸ	Relic Song	Urgesang	Chant Antique	Cantoantico	Canto Arcaico	ì˜›ë…¸ë˜	å¤è€ä¹‹æ­Œ	å¤è€ä¹‹æ­Œ
ã—ã‚“ã´ã®ã¤ã‚‹ã	Secret Sword	Mystoschwert	Lame Ointe	Spadamistica	Sable MÃ­stico	ì‹ ë¹„ì˜ì¹¼	ç¥ç§˜ä¹‹å‰‘	ç¥ç§˜ä¹‹åŠ
ã“ã”ãˆã‚‹ã›ã‹ã„	Glaciate	Eiszeit	Ãˆre Glaciaire	Gelamondo	Mundo GÃ©lido	ì–¼ë‹¤ì„¸ê³„	å†°å°ä¸–ç•Œ	å†°å°ä¸–ç•Œ
ã‚‰ã„ã’ã	Bolt Strike	Blitzschlag	Charge Foudre	Lucesiluro	Ataque Fulgor	ë‡Œê²©	é›·å‡»	é›·æ“Š
ã‚ãŠã„ã»ã®ãŠ	Blue Flare	Blauflammen	Flamme Bleue	Fuocoblu	Llama Azul	í‘¸ë¥¸ë¶ˆê½ƒ	é’ç„°	é’ç„°
ã»ã®ãŠã®ã¾ã„	Fiery Dance	Feuerreigen	Danse du Feu	Voldifuoco	Danza Llama	ë¶ˆê½ƒì¶¤	ç«ä¹‹èˆ	ç«ä¹‹èˆ
ãƒ•ãƒªãƒ¼ã‚ºãƒœãƒ«ãƒˆ	Freeze Shock	Frostvolt	Ã‰clair GelÃ©	Elettrogelo	Rayo GÃ©lido	í”„ë¦¬ì¦ˆë³¼íŠ¸	å†°å†»ä¼ç‰¹	å†°å‡ä¼ç‰¹
ã‚³ãƒ¼ãƒ«ãƒ‰ãƒ•ãƒ¬ã‚¢	Ice Burn	Frosthauch	Feu GlacÃ©	Vampagelida	Llama GÃ©lida	ì½œë“œí”Œë ˆì–´	æå¯’å†·ç„°	æ¥µå¯’å†·ç„°
ãƒãƒ¼ã‚¯ã‚¢ã‚¦ãƒˆ	Snarl	Standpauke	Aboiement	Urlorabbia	Alarido	ë°”í¬ì•„ì›ƒ	å¤§å£°å’†å“®	å¤§è²å’†å“®
ã¤ã‚‰ã‚‰ãŠã¨ã—	Icicle Crash	Eiszapfhagel	Chute Glace	Scagliagelo	Chuzos	ê³ ë“œë¦„ë–¨êµ¬ê¸°	å†°æŸ±å å‡»	å†°æŸ±å¢œæ“Š
Vã‚¸ã‚§ãƒãƒ¬ãƒ¼ãƒˆ	V-create	V-Generator	Coup Victoire	Generatore V	V de Fuego	Vì œë„ˆë ˆì´íŠ¸	Vçƒ­ç„°	Vç†±ç„°
ã‚¯ãƒ­ã‚¹ãƒ•ãƒ¬ã‚¤ãƒ 	Fusion Flare	Kreuzflamme	Flamme Croix	Incrofiamma	Llama FusiÃ³n	í¬ë¡œìŠ¤í”Œë ˆì„	äº¤é”™ç«ç„°	äº¤éŒ¯ç«ç„°
ã‚¯ãƒ­ã‚¹ã‚µãƒ³ãƒ€ãƒ¼	Fusion Bolt	Kreuzdonner	Ã‰clair Croix	Incrotuono	Rayo FusiÃ³n	í¬ë¡œìŠ¤ì¬ë”	äº¤é”™é—ªç”µ	äº¤éŒ¯é–ƒé›»
ãƒ•ãƒ©ã‚¤ãƒ³ã‚°ãƒ—ãƒ¬ã‚¹	Flying Press	Flying Press	Flying Press	Schiacciatuffo	Plancha Voladora	í”Œë¼ì‰í”„ë ˆìŠ¤	é£èº«é‡å‹	é£›èº«é‡å£“
ãŸãŸã¿ãŒãˆã—	Mat Block	Tatami-Schild	Tatamigaeshi	Ribaltappeto	Escudo Tatami	ë§ˆë£»ë°”ë‹¥ì„¸ì›Œë§‰ê¸°	æ€æ¦»æ¦»ç±³	æ€æ¦»æ¦»ç±³
ã‚²ãƒƒãƒ—	Belch	RÃ¼lpser	Ã‰ructation	Rutto	Eructo	íŠ¸ë¦¼	æ‰“å—	æ‰“å—
ãŸãŒã‚„ã™	Rototiller	PflÃ¼ger	Fertilisation	Aracampo	Fertilizante	ì¼êµ¬ê¸°	è€•åœ°	è€•åœ°
ã­ã°ã­ã°ãƒãƒƒãƒˆ	Sticky Web	Klebenetz	Toile Gluante	Rete Vischiosa	Red Viscosa	ëˆì ëˆì ë„¤íŠ¸	é»é»ç½‘	é»é»ç¶²
ã¨ã©ã‚ã°ã‚Š	Fell Stinger	Stachelfinale	Dard Mortel	Pungiglione	AguijÃ³n Letal	ë§ˆì§€ë§‰ì¼ì¹¨	è‡´å‘½é’ˆåˆº	è‡´å‘½é‡åˆº
ã‚´ãƒ¼ã‚¹ãƒˆãƒ€ã‚¤ãƒ–	Phantom Force	Phantomkraft	Hantise	Spettrotuffo	Golpe Fantasma	ê³ ìŠ¤íŠ¸ë‹¤ì´ë¸Œ	æ½œçµå¥‡è¢­	æ½›éˆå¥‡è¥²
ãƒãƒ­ã‚¦ã‚£ãƒ³	Trick-or-Treat	Halloween	Halloween	Halloween	Halloween	í•¼ëŸ¬ìœˆ	ä¸‡åœ£å¤œ	è¬è–å¤œ
ãŠãŸã‘ã³	Noble Roar	KampfgebrÃ¼ll	RÃ¢le MÃ¢le	Urlo	Rugido de Guerra	ë¶€ë¥´ì§–ê¸°	æˆ˜å¼	æˆ°å¼
ãƒ—ãƒ©ã‚ºãƒã‚·ãƒ£ãƒ¯ãƒ¼	Ion Deluge	Plasmaschauer	DÃ©lugePlasmique	Pioggiaplasma	Cortina Plasma	í”Œë¼ìŠ¤ë§ˆìƒ¤ì›Œ	ç­‰ç¦»å­æµ´	ç­‰é›¢å­æµ´
ãƒ‘ãƒ©ãƒœãƒ©ãƒãƒ£ãƒ¼ã‚¸	Parabolic Charge	Parabolladung	Parabocharge	Caricaparabola	Carga ParÃ¡bola	íŒŒë¼ë³¼ë¼ì°¨ì§€	æŠ›ç‰©é¢å……ç”µ	æ‹‹ç‰©é¢å……é›»
ã‚‚ã‚Šã®ã®ã‚ã„	Forestâ€™s Curse	Waldesfluch	MalÃ©fice Sylvain	Boscomalocchio	Condena Silvana	ìˆ²ì˜ì €ì£¼	æ£®æ—è¯…å’’	æ£®æ—è©›å’’
ã¯ãªãµã¶ã	Petal Blizzard	BlÃ¼tenwirbel	TempÃªte Florale	Fiortempesta	Tormenta Floral	ê½ƒë³´ë¼	è½è‹±ç¼¤çº·	è½è‹±ç¹½ç´›
ãƒ•ãƒªãƒ¼ã‚ºãƒ‰ãƒ©ã‚¤	Freeze-Dry	Gefriertrockner	Lyophilisation	Liofilizzazione	LiofilizaciÃ³n	í”„ë¦¬ì¦ˆë“œë¼ì´	å†·å†»å¹²ç‡¥	å†·å‡ä¹¾ç‡¥
ãƒãƒ£ãƒ¼ãƒ ãƒœã‚¤ã‚¹	Disarming Voice	SÃ¤uselstimme	Voix EnjÃ´leuse	Incantavoce	Voz Cautivadora	ì°¨ë°ë³´ì´ìŠ¤	é­…æƒ‘ä¹‹å£°	é­…æƒ‘ä¹‹è²
ã™ã¦ã‚¼ãƒªãƒ•	Parting Shot	Abgangstirade	Dernier Mot	Monito	Ãšltima Palabra	ë§‰ë§ë‚´ë±‰ê¸°	æŠ›ä¸‹ç‹ è¯	æ‹‹ä¸‹ç‹ è©±
ã²ã£ãã‚Šã‹ãˆã™	Topsy-Turvy	Invertigo	Renversement	Sottosopra	ReversiÃ³n	ë’¤ì§‘ì–´ì—ê¸°	é¢ å€’	é¡›å€’
ãƒ‰ãƒ¬ã‚¤ãƒ³ã‚­ãƒƒã‚¹	Draining Kiss	Diebeskuss	Vampibaiser	Assorbibacio	Beso Drenaje	ë“œë ˆì¸í‚¤ìŠ¤	å¸å–ä¹‹å»	å¸å–ä¹‹å»
ãƒˆãƒªãƒƒã‚¯ã‚¬ãƒ¼ãƒ‰	Crafty Shield	Trickschutz	Vigilance	Truccodifesa	Truco Defensa	íŠ¸ë¦­ê°€ë“œ	æˆæ³•é˜²å®ˆ	æˆ²æ³•é˜²å®ˆ
ãƒ•ãƒ©ãƒ¯ãƒ¼ã‚¬ãƒ¼ãƒ‰	Flower Shield	Floraschutz	Garde Florale	Fiordifesa	Defensa Floral	í”Œë¼ì›Œê°€ë“œ	é²œèŠ±é˜²å®ˆ	é®®èŠ±é˜²å®ˆ
ã‚°ãƒ©ã‚¹ãƒ•ã‚£ãƒ¼ãƒ«ãƒ‰	Grassy Terrain	Grasfeld	Champ Herbu	Campo Erboso	Campo de Hierba	ê·¸ë˜ìŠ¤í•„ë“œ	é’è‰åœºåœ°	é’è‰å ´åœ°
ãƒŸã‚¹ãƒˆãƒ•ã‚£ãƒ¼ãƒ«ãƒ‰	Misty Terrain	Nebelfeld	Champ Brumeux	Campo Nebbioso	Campo de Niebla	ë¯¸ìŠ¤íŠ¸í•„ë“œ	è–„é›¾åœºåœ°	è–„éœ§å ´åœ°
ãã†ã§ã‚“	Electrify	Elektrifizierung	Ã‰lectrisation	Elettrocontagio	ElectrificaciÃ³n	ì†¡ì „	è¾“ç”µ	è¼¸é›»
ã˜ã‚ƒã‚Œã¤ã	Play Rough	Knuddler	CÃ¢linerie	Carineria	CarantoÃ±a	ì¹˜ê·¼ê±°ë¦¬ê¸°	å¬‰é—¹	å¬‰é¬§
ã‚ˆã†ã›ã„ã®ã‹ãœ	Fairy Wind	Feenbrise	Vent FÃ©Ã©rique	Vento di Fata	Viento FeÃ©rico	ìš”ì •ì˜ë°”ëŒ	å¦–ç²¾ä¹‹é£	å¦–ç²¾ä¹‹é¢¨
ãƒ ãƒ¼ãƒ³ãƒ•ã‚©ãƒ¼ã‚¹	Moonblast	Mondgewalt	Pouvoir Lunaire	Forza Lunare	Fuerza Lunar	ë¬¸í¬ìŠ¤	æœˆäº®ä¹‹åŠ›	æœˆäº®ä¹‹åŠ›
ã°ããŠã‚“ã±	Boomburst	Ãœberschallknall	Bang Sonique	Ondaboato	Estruendo	í­ìŒíŒŒ	çˆ†éŸ³æ³¢	çˆ†éŸ³æ³¢
ãƒ•ã‚§ã‚¢ãƒªãƒ¼ãƒ­ãƒƒã‚¯	Fairy Lock	Feenschloss	Verrou EnchantÃ©	Blocco Fatato	Cerrojo FeÃ©rico	í˜ì–´ë¦¬ë¡	å¦–ç²¾ä¹‹é”	å¦–ç²¾ä¹‹é–
ã‚­ãƒ³ã‚°ã‚·ãƒ¼ãƒ«ãƒ‰	Kingâ€™s Shield	KÃ¶nigsschild	Bouclier Royal	Scudo Reale	Escudo Real	í‚¹ì‹¤ë“œ	ç‹è€…ç›¾ç‰Œ	ç‹è€…ç›¾ç‰Œ
ãªã‹ã‚ˆãã™ã‚‹	Play Nice	Kameradschaft	Camaraderie	Simpatia	CamaraderÃ­a	ì¹œí•´ì§€ê¸°	å’Œç¦ç›¸å¤„	å’Œç¦ç›¸è™•
ãªã„ã—ã‚‡ã°ãªã—	Confide	Vertrauenssache	Confidence	Confidenza	Confidencia	ë¹„ë°€ì´ì•¼ê¸°	å¯†è¯­	å¯†èª
ãƒ€ã‚¤ãƒ¤ã‚¹ãƒˆãƒ¼ãƒ 	Diamond Storm	Diamantsturm	Orage Adamantin	Diamantempesta	Torm. Diamantes	ë‹¤ì´ì•„ìŠ¤í†°	é’»çŸ³é£æš´	é‘½çŸ³é¢¨æš´
ã‚¹ãƒãƒ¼ãƒ ãƒãƒ¼ã‚¹ãƒˆ	Steam Eruption	Dampfschwall	Jet de Vapeur	Vaporscoppio	Chorro de Vapor	ìŠ¤íŒ€ë²„ìŠ¤íŠ¸	è’¸æ±½çˆ†ç‚¸	è’¸æ±½çˆ†ç‚¸
ã„ã˜ã’ã‚“ãƒ›ãƒ¼ãƒ«	Hyperspace Hole	Dimensionsloch	TrouDimensionnel	Forodimensionale	Paso Dimensional	ë‹¤ë¥¸ì°¨ì›í™€	å¼‚æ¬¡å…ƒæ´	ç•°æ¬¡å…ƒæ´
ã¿ãšã—ã‚…ã‚Šã‘ã‚“	Water Shuriken	Wasser-Shuriken	Sheauriken	Acqualame	Shuriken de Agua	ë¬¼ìˆ˜ë¦¬ê²€	é£æ°´æ‰‹é‡Œå‰‘	é£›æ°´æ‰‹è£¡åŠ
ãƒã‚¸ã‚«ãƒ«ãƒ•ãƒ¬ã‚¤ãƒ 	Mystical Fire	Magieflamme	Feu EnsorcelÃ©	Magifiamma	Llama Embrujada	ë§¤ì§€ì»¬í”Œë ˆì„	é­”æ³•ç«ç„°	é­”æ³•ç«ç„°
ãƒ‹ãƒ¼ãƒ‰ãƒ«ã‚¬ãƒ¼ãƒ‰	Spiky Shield	Schutzstacheln	Pico-DÃ©fense	Agodifesa	Barrera Espinosa	ë‹ˆë“¤ê°€ë“œ	å°–åˆºé˜²å®ˆ	å°–åˆºé˜²å®ˆ
ã‚¢ãƒ­ãƒãƒŸã‚¹ãƒˆ	Aromatic Mist	Duftwolke	Brume Capiteuse	Nebularoma	Niebla AromÃ¡tica	ì•„ë¡œë§ˆë¯¸ìŠ¤íŠ¸	èŠ³é¦™è–„é›¾	èŠ³é¦™è–„éœ§
ã‹ã„ã§ã‚“ã±	Eerie Impulse	Mystowellen	Ondes Ã‰tranges	Elettromistero	Onda AnÃ³mala	ê´´ì „íŒŒ	æ€ªå¼‚ç”µæ³¢	æ€ªç•°é›»æ³¢
ãƒ™ãƒãƒ ãƒˆãƒ©ãƒƒãƒ—	Venom Drench	Giftfalle	PiÃ¨ge de Venin	Velenotrappola	Trampa Venenosa	ë² ë†ˆíŠ¸ë©	æ¯’æ¶²é™·é˜±	æ¯’æ¶²é™·é˜±
ãµã‚“ã˜ã‚“	Powder	Pulverschleuder	NuÃ©e de Poudre	Pulviscoppio	Polvo Explosivo	ë¶„ì§„	ç²‰å°˜	ç²‰å¡µ
ã‚¸ã‚ªã‚³ãƒ³ãƒˆãƒ­ãƒ¼ãƒ«	Geomancy	Geokontrolle	GÃ©o-ContrÃ´le	Geocontrollo	Geocontrol	ì§€ì˜¤ì»¨íŠ¸ë¡¤	å¤§åœ°æŒæ§	å¤§åœ°æŒæ§
ã˜ã°ãã†ã•	Magnetic Flux	Magnetregler	MagnÃ©-ContrÃ´le	Controllo Polare	Aura MagnÃ©tica	ìê¸°ì¥ì¡°ì‘	ç£åœºæ“æ§	ç£å ´æ“æ§
ãƒãƒƒãƒ”ãƒ¼ã‚¿ã‚¤ãƒ 	Happy Hour	Goldene Zeiten	Ã‰trennes	Cuccagna	Paga Extra	í•´í”¼íƒ€ì„	æ¬¢ä¹æ—¶å…‰	æ­¡æ¨‚æ™‚å…‰
ã‚¨ãƒ¬ã‚­ãƒ•ã‚£ãƒ¼ãƒ«ãƒ‰	Electric Terrain	Elektrofeld	Champ Ã‰lectrifiÃ©	Campo Elettrico	Campo ElÃ©ctrico	ì¼ë ‰íŠ¸ë¦­í•„ë“œ	ç”µæ°”åœºåœ°	é›»æ°£å ´åœ°
ãƒã‚¸ã‚«ãƒ«ã‚·ãƒ£ã‚¤ãƒ³	Dazzling Gleam	Zauberschein	Ã‰clat Magique	Magibrillio	Brillo MÃ¡gico	ë§¤ì§€ì»¬ìƒ¤ì¸	é­”æ³•é—ªè€€	é­”æ³•é–ƒè€€
ãŠã„ã‚ã„	Celebrate	Ehrentag	CÃ©lÃ©bration	Auguri	CelebraciÃ³n	ì¶•í•˜	åº†ç¥	æ…¶ç¥
ã¦ã‚’ã¤ãªã	Hold Hands	HÃ¤ndchenhalten	Mains Jointes	Mano nella Mano	Manos Juntas	ì†ì—ì†ì¡ê¸°	ç‰µæ‰‹	ç‰½æ‰‹
ã¤ã¶ã‚‰ãªã²ã¨ã¿	Baby-Doll Eyes	Kulleraugen	Regard Touchant	Occhioni Teneri	Ojitos Tiernos	ì´ˆë¡±ì´ˆë¡±ëˆˆë™ì	åœ†ç³	åœ“ç³
ã»ã£ãºã™ã‚Šã™ã‚Š	Nuzzle	Wangenrubbler	Frotte-Frimousse	Elettrococcola	Moflete EstÃ¡tico	ë³¼ë¶€ë¹„ë¶€ë¹„	è¹­è¹­è„¸é¢Š	è¹­è¹­è‡‰é °
ã¦ã‹ã’ã‚“	Hold Back	ZurÃ¼ckhaltung	Retenue	Riguardo	Clemencia	ì ë‹¹íˆì†ë´ì£¼ê¸°	æ‰‹ä¸‹ç•™æƒ…	æ‰‹ä¸‹ç•™æƒ…
ã¾ã¨ã‚ã‚Šã¤ã	Infestation	Plage	HarcÃ¨lement	Assillo	Acoso	ì—‰ê²¨ë¶™ê¸°	æ­»ç¼ çƒ‚æ‰“	æ­»çºçˆ›æ‰“
ã‚°ãƒ­ã‚¦ãƒ‘ãƒ³ãƒ	Power-Up Punch	Steigerungshieb	Poing Boost	Crescipugno	PuÃ±o Incremento	ê·¸ë¡œìš°í€ì¹˜	å¢å¼ºæ‹³	å¢å¼·æ‹³
ãƒ‡ã‚¹ã‚¦ã‚¤ãƒ³ã‚°	Oblivion Wing	Unheilsschwingen	Mort-Ailes	Ali del Fato	Ala MortÃ­fera	ë°ìŠ¤ìœ™	æ­»äº¡ä¹‹ç¿¼	æ­»äº¡ä¹‹ç¿¼
ã‚µã‚¦ã‚¶ãƒ³ã‚¢ãƒ­ãƒ¼	Thousand Arrows	Tausend Pfeile	Myria-FlÃ¨ches	Mille Frecce	Mil Flechas	ì‚¬ìš°ì „ë“œì• ë¡œ	åƒç®­é½å‘	åƒç®­é½Šç™¼
ã‚µã‚¦ã‚¶ãƒ³ã‚¦ã‚§ãƒ¼ãƒ–	Thousand Waves	Tausend Wellen	Myria-Vagues	Mille Onde	Mil Temblores	ì‚¬ìš°ì „ë“œì›¨ì´ë¸Œ	åƒæ³¢æ¿€è¡	åƒæ³¢æ¿€ç›ª
ã‚°ãƒ©ãƒ³ãƒ‰ãƒ•ã‚©ãƒ¼ã‚¹	Landâ€™s Wrath	Bodengewalt	Force Chtonienne	Forza Tellurica	Fuerza TelÃºrica	ê·¸ë¼ìš´ë“œí¬ìŠ¤	å¤§åœ°ç¥åŠ›	å¤§åœ°ç¥åŠ›
ã¯ã‚ã¤ã®ã²ã‹ã‚Š	Light of Ruin	Lux Calamitatis	LumiÃ¨re du NÃ©ant	Luce Nefasta	Luz Aniquiladora	íŒŒë©¸ì˜ë¹›	ç ´ç­ä¹‹å…‰	ç ´æ»…ä¹‹å…‰
ã“ã‚“ã’ã‚“ã®ã¯ã©ã†	Origin Pulse	Ursprungswoge	Onde Originelle	Primopulsar	Pulso Primigenio	ê·¼ì›ì˜íŒŒë™	æ ¹æºæ³¢åŠ¨	æ ¹æºæ³¢å‹•
ã ã‚“ãŒã„ã®ã¤ã‚‹ã	Precipice Blades	Abgrundsklinge	Lame PangÃ©enne	Spade Telluriche	Filo del Abismo	ë‹¨ì• ì˜ì¹¼	æ–­å´–ä¹‹å‰‘	æ–·å´–ä¹‹åŠ
ã‚¬ãƒªãƒ§ã‚¦ãƒ†ãƒ³ã‚»ã‚¤	Dragon Ascent	ZenitstÃ¼rmer	Draco Ascension	Ascesa del Drago	Ascenso Draco	í™”ë£¡ì ì •	ç”»é¾™ç‚¹ç›	ç•«é¾é»ç›
ã„ã˜ã’ã‚“ãƒ©ãƒƒã‚·ãƒ¥	Hyperspace Fury	Dimensionswahn	Furie Dimension	Urtodimensionale	Cerco DimensiÃ³n	ë‹¤ë¥¸ì°¨ì›ëŸ¬ì‹œ	å¼‚æ¬¡å…ƒçŒ›æ”»	ç•°æ¬¡å…ƒçŒ›æ”»
ã‚¦ãƒ«ãƒˆãƒ©ãƒ€ãƒƒã‚·ãƒ¥ã‚¢ã‚¿ãƒƒã‚¯	Breakneck Blitz	Hyper-Sprintangriff	Turbo-Charge Bulldozer	Carica Travolgente	Carrera Arrolladora	ìš¸íŠ¸ë¼ëŒ€ì‹œì–´íƒ	ç©¶ææ— æ•Œå¤§å†²æ’	ç©¶æ¥µç„¡æ•µå¤§è¡æ’
ãœã‚“ã‚Šã‚‡ãã‚€ãã†ã’ãã‚Œã¤ã‘ã‚“	All-Out Pummeling	Fulminante FaustschlÃ¤ge	Combo Hyper-Furie	Iperscarica Furiosa	RÃ¡faga Demoledora	ì „ë ¥ë¬´ìŒê²©ë ¬ê¶Œ	å…¨åŠ›æ— åŒæ¿€çƒˆæ‹³	å…¨åŠ›ç„¡é›™æ¿€çƒˆæ‹³
ãƒ•ã‚¡ã‚¤ãƒŠãƒ«ãƒ€ã‚¤ãƒ–ã‚¯ãƒ©ãƒƒã‚·ãƒ¥	Supersonic Skystrike	Finaler Steilflug	PiquÃ© Supersonique	Picchiata Devastante	Picado SupersÃ³nico	íŒŒì´ë„ë‹¤ì´ë¸Œí´ë˜ì‹œ	æé€Ÿä¿¯å†²è½°çƒˆæ’	æ¥µé€Ÿä¿¯è¡è½Ÿçƒˆæ’
ã‚¢ã‚·ãƒƒãƒ‰ãƒã‚¤ã‚ºãƒ³ãƒ‡ãƒªãƒ¼ãƒˆ	Acid Downpour	Vernichtender SÃ¤ureregen	DÃ©luge Causti-Toxique	Acidiluvio Corrosivo	Diluvio Corrosivo	ì• ì‹œë“œí¬ì´ì¦Œë”œë¦¬íŠ¸	å¼ºé…¸å‰§æ¯’ç­ç»é›¨	å¼·é…¸åŠ‡æ¯’æ»…çµ•é›¨
ãƒ©ã‚¤ã‚¸ãƒ³ã‚°ãƒ©ãƒ³ãƒ‰ã‚ªãƒ¼ãƒãƒ¼	Tectonic Rage	Seismische Eruption	Ã‰ruption GÃ©o-Sismique	Furore della Terra	Barrena TelÃºrica	ë¼ì´ì§•ëœë“œì˜¤ë²„	åœ°éš†å•¸å¤©å¤§ç»ˆç»“	åœ°éš†å˜¯å¤©å¤§çµ‚çµ
ãƒ¯ãƒ¼ãƒ«ã‚ºã‚¨ãƒ³ãƒ‰ãƒ•ã‚©ãƒ¼ãƒ«	Continental Crush	Apokalyptische Steinpresse	Apocalypse Gigalithique	Gigamacigno Polverizzante	Aplastamiento GigalÃ­tico	ì›”ì¦ˆì—”ë“œí´	æ¯å¤©ç­åœ°å·¨å²©å 	æ¯€å¤©æ»…åœ°å·¨å²©å¢œ
ãœã£ãŸã„ã»ã—ã‚‡ãã‹ã„ã¦ã‚“ã–ã‚“	Savage Spin-Out	Wirbelnder Insektenhieb	Cocon Fatal	Bozzolo Fatale	GuadaÃ±a Sedosa	ì ˆëŒ€í¬ì‹íšŒì „ì°¸	ç»å¯¹æ•é£Ÿå›æ—‹æ–©	çµ•å°æ•é£Ÿè¿´æ—‹æ–¬
ã‚€ã’ã‚“ã‚ã‚“ã‚„ã¸ã®ã„ã–ãªã„	Never-Ending Nightmare	Ewige Nacht	Appel des Ombres Ã‰ternelles	Abbraccio Spettrale	Presa Espectral	ë¬´í•œì•”ì•¼ë¡œì˜ìœ ì¸	æ— å°½æš—å¤œä¹‹è¯±æƒ‘	ç„¡ç›¡æš—å¤œä¹‹èª˜æƒ‘
ã¡ã‚‡ã†ãœã¤ã‚‰ã›ã‚“ã‚Œã‚“ã’ã	Corkscrew Crash	Turbo-Spiralkombo	Vrille Maximum	Spirale Perforante	HÃ©lice Trepanadora	ì´ˆì›”ë‚˜ì„ ì—°ê²©	è¶…ç»èºæ—‹è¿å‡»	è¶…çµ•èºæ—‹é€£æ“Š
ãƒ€ã‚¤ãƒŠãƒŸãƒƒã‚¯ãƒ•ãƒ«ãƒ•ãƒ¬ã‚¤ãƒ 	Inferno Overdrive	Dynamische Maxiflamme	Pyro-Explosion Cataclysmique	Fiammobomba Detonante	Hecatombe PÃ­rica	ë‹¤ì´ë‚´ë¯¹í’€í”Œë ˆì„	è¶…å¼ºæé™çˆ†ç„°å¼¹	è¶…å¼·æ¥µé™çˆ†ç„°å½ˆ
ã‚¹ãƒ¼ãƒ‘ãƒ¼ã‚¢ã‚¯ã‚¢ãƒˆãƒ«ãƒãƒ¼ãƒ‰	Hydro Vortex	Super-Wassertornado	Super Tourbillon Abyssal	Idrovortice Abissale	HidrovÃ³rtice Abisal	ìŠˆí¼ì•„ì¿ ì•„í† ë„¤ì´ë„	è¶…çº§æ°´æµå¤§æ¼©æ¶¡	è¶…ç´šæ°´æµå¤§æ¼©æ¸¦
ãƒ–ãƒ«ãƒ¼ãƒ ã‚·ãƒ£ã‚¤ãƒ³ã‚¨ã‚¯ã‚¹ãƒˆãƒ©	Bloom Doom	Brillante BlÃ¼tenpracht	PÃ©talexplosion Ã‰blouissante	Floriscoppio Sfolgorante	MegatÃ³n Floral	ë¸”ë£¸ìƒ¤ì¸ì—‘ìŠ¤íŠ¸ë¼	ç»šçƒ‚ç¼¤çº·èŠ±æ€’æ”¾	çµ¢çˆ›ç¹½ç´›èŠ±æ€’æ”¾
ã‚¹ãƒ‘ãƒ¼ã‚­ãƒ³ã‚°ã‚®ã‚¬ãƒœãƒ«ãƒˆ	Gigavolt Havoc	Gigavolt-Funkensalve	Fulguro-Lance Gigavolt	Gigascarica Folgorante	Gigavoltio Destructor	ìŠ¤íŒŒí‚¹ê¸°ê°€ë³¼íŠ¸	ç»ˆæä¼ç‰¹ç‹‚é›·é—ª	çµ‚æ¥µä¼ç‰¹ç‹‚é›·é–ƒ
ãƒã‚­ã‚·ãƒãƒ ã‚µã‚¤ãƒ–ãƒ¬ã‚¤ã‚«ãƒ¼	Shattered Psyche	Psycho-Schmetterschlag	Psycho-PulvÃ©risation EX	Impatto Psicocinetico	Disruptor PsÃ­quico	ë§¥ì‹œë©ˆì‚¬ì´ë¸Œë ˆì´ì»¤	è‡³é«˜ç²¾ç¥ç ´åæ³¢	è‡³é«˜ç²¾ç¥ç ´å£æ³¢
ãƒ¬ã‚¤ã‚¸ãƒ³ã‚°ã‚¸ã‚ªãƒ•ãƒªãƒ¼ã‚º	Subzero Slammer	Tobender Geofrost	Laser CryogÃ©nique	Criodistruzione Polare	Crioaliento Despiadado	ë ˆì´ì§•ì§€ì˜¤í”„ë¦¬ì¦ˆ	æ¿€ç‹‚å¤§åœ°ä¸‡é‡Œå†°	æ¿€ç‹‚å¤§åœ°è¬é‡Œå†°
ã‚¢ãƒ«ãƒ†ã‚£ãƒ¡ãƒƒãƒˆãƒ‰ãƒ©ã‚´ãƒ³ãƒãƒ¼ãƒ³	Devastating Drake	Drastisches DrachendrÃ¶hnen	Chaos Draconique	Dragoschianto Finale	Dracoaliento Devastador	ì–¼í‹°ë©”ì´íŠ¸ë“œë˜ê³¤ë²ˆ	ç©¶æå·¨é¾™éœ‡å¤©åœ°	ç©¶æ¥µå·¨é¾éœ‡å¤©åœ°
ãƒ–ãƒ©ãƒƒã‚¯ãƒ›ãƒ¼ãƒ«ã‚¤ã‚¯ãƒªãƒ—ã‚¹	Black Hole Eclipse	Schwarzes Loch des Grauens	Trou Noir des Ombres	Buco Nero del Non Ritorno	Agujero Negro Aniquilador	ë¸”ë™í™€ì´í´ë¦½ìŠ¤	é»‘æ´åå™¬ä¸‡ç‰©ç­	é»‘æ´åå™¬è¬ç‰©æ»…
ãƒ©ãƒ–ãƒªãƒ¼ã‚¹ã‚¿ãƒ¼ã‚¤ãƒ³ãƒ‘ã‚¯ãƒˆ	Twinkle Tackle	EntzÃ¼ckender SternenstoÃŸ	Impact Choupinova	Astroimpatto Fatato	Arrumaco Sideral	ëŸ¬ë¸”ë¦¬ìŠ¤íƒ€ì„íŒ©íŠ¸	å¯çˆ±æ˜Ÿæ˜Ÿé£å¤©æ’	å¯æ„›æ˜Ÿæ˜Ÿé£›å¤©æ’
ã²ã£ã•ã¤ã®ãƒ”ã‚«ãƒãƒ¥ãƒ¼ãƒˆ	Catastropika	Perfektes Pika-Projektil	Pikachute Foudroyante	Super Pikaboom	Pikavoltio Letal	í•„ì‚´í”¼ì¹´ìŠ›	çš®å¡çš®å¡å¿…æ€å‡»	çš®å¡çš®å¡å¿…æ®ºæ“Š
ã™ãªã‚ã¤ã‚	Shore Up	Sandsammler	Amassâ€™Sable	Sabbiaccumulo	Recogearena	ëª¨ë˜ëª¨ìœ¼ê¸°	é›†æ²™	é›†æ²™
ã§ã‚ã„ãŒã—ã‚‰	First Impression	Ãœberrumpler	Escarmouche	Schermaglia	Escaramuza	ë§Œë‚˜ìë§ˆì	è¿å¤´ä¸€å‡»	è¿é ­ä¸€æ“Š
ãƒˆãƒ¼ãƒã‚«	Baneful Bunker	Bunker	Blockhaus	Fortino	BÃºnker	í† ì¹˜ì¹´	ç¢‰å ¡	ç¢‰å ¡
ã‹ã’ã¬ã„	Spirit Shackle	Schattenfessel	Tisse Ombre	Cucitura dâ€™Ombra	Puntada SombrÃ­a	ê·¸ë¦¼ìê¿°ë§¤ê¸°	ç¼å½±	ç¸«å½±
DDãƒ©ãƒªã‚¢ãƒƒãƒˆ	Darkest Lariat	Dark Lariat	Dark Lariat	Braccioteso	Lariat Oscuro	DDë˜ë¦¬ì–´íŠ¸	DDé‡‘å‹¾è‡‚	DDé‡‘å‹¾è‡‚
ã†ãŸã‹ãŸã®ã‚¢ãƒªã‚¢	Sparkling Aria	Schaumserenade	Aria de lâ€™Ã‰cume	Canto Effimero	Aria Burbuja	ë¬¼ê±°í’ˆì•„ë¦¬ì•„	æ³¡å½±çš„å’å¹è°ƒ	æ³¡å½±çš„è© æ­èª¿
ã‚¢ã‚¤ã‚¹ãƒãƒ³ãƒãƒ¼	Ice Hammer	Eishammer	Marteau de Glace	Martelgelo	Martillo Hielo	ì•„ì´ìŠ¤í•´ë¨¸	å†°é”¤	å†°éŒ˜
ãƒ•ãƒ©ãƒ¯ãƒ¼ãƒ’ãƒ¼ãƒ«	Floral Healing	Florakur	Soin Floral	Cura Floreale	Cura Floral	í”Œë¼ì›Œí	èŠ±ç–—	èŠ±ç™‚
10ã¾ã‚“ã°ã‚Šã	High Horsepower	PferdestÃ¤rke	Cavalerie Lourde	Forza Equina	Fuerza Equina	10ë§Œë§ˆë ¥	åä¸‡é©¬åŠ›	åè¬é¦¬åŠ›
ã¡ã‹ã‚‰ã‚’ã™ã„ã¨ã‚‹	Strength Sap	Kraftabsorber	Vol-Force	Assorbiforza	Absorbefuerza	í˜í¡ìˆ˜	å¸å–åŠ›é‡	å¸å–åŠ›é‡
ã‚½ãƒ¼ãƒ©ãƒ¼ãƒ–ãƒ¬ãƒ¼ãƒ‰	Solar Blade	Solarklinge	Lame Solaire	Lama Solare	Cuchilla Solar	ì†”ë¼ë¸”ë ˆì´ë“œ	æ—¥å…‰åˆƒ	æ—¥å…‰åˆƒ
ã“ã®ã¯	Leafage	Blattwerk	Feuillage	Fogliame	Follaje	ë‚˜ë­‡ì	æ ‘å¶	æ¨¹è‘‰
ã‚¹ãƒãƒƒãƒˆãƒ©ã‚¤ãƒˆ	Spotlight	Rampenlicht	Projecteur	Riflettore	Foco	ìŠ¤í¬íŠ¸ë¼ì´íŠ¸	èšå…‰ç¯	èšå…‰ç‡ˆ
ã©ãã®ã„ã¨	Toxic Thread	Giftfaden	Fil Toxique	Velenotela	Hilo Venenoso	ë…ì‹¤	æ¯’ä¸	æ¯’çµ²
ã¨ãã™ã¾ã™	Laser Focus	Konzentration	Affilage	Concentrazione	Aguzar	ì˜ˆë¯¼í•´ì§€ê¸°	ç£¨ç º	ç£¨ç¤ª
ã‚¢ã‚·ã‚¹ãƒˆã‚®ã‚¢	Gear Up	Hilfsmechanik	Engrenage	MarciainpiÃ¹	PiÃ±Ã³n Auxiliar	ì–´ì‹œìŠ¤íŠ¸ê¸°ì–´	è¾…åŠ©é½¿è½®	è¼”åŠ©é½’è¼ª
ã˜ã”ãã¥ã	Throat Chop	Neck Strike	ExÃ©cu-Son	Colpo Infernale	Golpe Mordaza	ì§€ì˜¥ì°Œë¥´ê¸°	åœ°ç‹±çªåˆº	åœ°ç„çªåˆº
ã‹ãµã‚“ã ã‚“ã”	Pollen Puff	PollenknÃ¶del	Boule Pollen	Sferapolline	Bola de Polen	ê½ƒê°€ë£¨ê²½ë‹¨	èŠ±ç²‰å›¢	èŠ±ç²‰åœ˜
ã‚¢ãƒ³ã‚«ãƒ¼ã‚·ãƒ§ãƒƒãƒˆ	Anchor Shot	Ankerschuss	Ancrage	Colpo dâ€™Ancora	Anclaje	ì•µì»¤ìˆ	æ·é”š	æ“²éŒ¨
ã‚µã‚¤ã‚³ãƒ•ã‚£ãƒ¼ãƒ«ãƒ‰	Psychic Terrain	Psychofeld	Champ Psychique	Campo Psichico	Campo PsÃ­quico	ì‚¬ì´ì½”í•„ë“œ	ç²¾ç¥åœºåœ°	ç²¾ç¥å ´åœ°
ã¨ã³ã‹ã‹ã‚‹	Lunge	Anfallen	Furie-Bond	Assalto	Plancha	ë¤ë²¼ë“¤ê¸°	çŒ›æ‰‘	çŒ›æ’²
ã»ã®ãŠã®ãƒ ãƒ	Fire Lash	Feuerpeitsche	Fouet de Feu	Frusta di Fuoco	LÃ¡tigo Ãgneo	ë¶ˆê½ƒì±„ì°	ç«ç„°é­	ç«ç„°é­
ã¤ã‘ã‚ãŒã‚‹	Power Trip	Ãœberheblichkeit	Arrogance	Tracotanza	ChulerÃ­a	ê¸°ì–´ì˜¤ë¥´ê¸°	åš£å¼ 	å›‚å¼µ
ã‚‚ãˆã¤ãã‚‹	Burn Up	Ausbrennen	Flamme Ultime	Ultima Fiamma	Llama Final	ë¶ˆì‚¬ë¥´ê¸°	ç‡ƒå°½	ç‡ƒç›¡
ã‚¹ãƒ”ãƒ¼ãƒ‰ã‚¹ãƒ¯ãƒƒãƒ—	Speed Swap	Initiativetausch	Permuvitesse	Velociscambio	Cambia Velocidad	ìŠ¤í”¼ë“œìŠ¤ì›¹	é€Ÿåº¦äº’æ¢	é€Ÿåº¦äº’æ›
ã‚¹ãƒãƒ¼ãƒˆãƒ›ãƒ¼ãƒ³	Smart Strike	Schmalhorn	Estocorne	Sottilcorno	Cuerno Certero	ìŠ¤ë§ˆíŠ¸í˜¸ë¥¸	ä¿®é•¿ä¹‹è§’	ä¿®é•·ä¹‹è§’
ã˜ã‚‡ã†ã‹	Purify	LÃ¤uterung	Purification	Purificazione	PurificaciÃ³n	ì •í™”	å‡€åŒ–	æ·¨åŒ–
ã‚ã–ã‚ã‚‹ãƒ€ãƒ³ã‚¹	Revelation Dance	Wecktanz	Danse Ã‰veil	Mutadanza	Danza Despertar	ì ì¬ëŒ„ìŠ¤	è§‰é†’ä¹‹èˆ	è¦ºé†’ä¹‹èˆ
ã‚³ã‚¢ãƒ‘ãƒ‹ãƒƒã‚·ãƒ£ãƒ¼	Core Enforcer	Sanktionskern	Sanction SuprÃªme	Nucleocastigo	NÃºcleo Castigo	ì½”ì–´í¼ë‹ˆì…”	æ ¸å¿ƒæƒ©ç½šè€…	æ ¸å¿ƒæ‡²ç½°è€…
ãƒˆãƒ­ãƒ”ã‚«ãƒ«ã‚­ãƒƒã‚¯	Trop Kick	Tropenkick	Botte Sucrette	Tropicalcio	Patada Tropical	íŠ¸ë¡œí”¼ì»¬í‚¥	çƒ­å¸¦è¸¢	ç†±å¸¶è¸¢
ã•ã„ã¯ã„	Instruct	Kommando	Sommation	Imposizione	Mandato	ì§€íœ˜	å·ä»¤	è™Ÿä»¤
ãã¡ã°ã—ã‚­ãƒ£ãƒãƒ³	Beak Blast	Schnabelkanone	Bec-Canon	Cannonbecco	Pico CaÃ±Ã³n	ë¶€ë¦¬ìºë…¼	é¸Ÿå˜´åŠ å†œç‚®	é³¥å˜´åŠ è¾²ç‚®
ã‚¹ã‚±ã‚¤ãƒ«ãƒã‚¤ã‚º	Clanging Scales	Schuppenrasseln	VibrÃ©caille	Clamorsquame	Fragor Escamas	ìŠ¤ì¼€ì¼ë…¸ì´ì¦ˆ	é³ç‰‡å™ªéŸ³	é±—ç‰‡å™ªéŸ³
ãƒ‰ãƒ©ã‚´ãƒ³ãƒãƒ³ãƒãƒ¼	Dragon Hammer	Drachenhammer	Draco-Marteau	Marteldrago	Martillo DragÃ³n	ë“œë˜ê³¤í•´ë¨¸	é¾™é”¤	é¾éŒ˜
ã¶ã‚“ã¾ã‚ã™	Brutal Swing	Wirbler	Centrifugifle	Vorticolpo	Giro Vil	ì„¸ì°¨ê²Œíœ˜ë‘ë¥´ê¸°	ç‹‚èˆæŒ¥æ‰“	ç‹‚èˆæ®æ‰“
ã‚ªãƒ¼ãƒ­ãƒ©ãƒ™ãƒ¼ãƒ«	Aurora Veil	Auroraschleier	Voile Aurore	Velaurora	Velo Aurora	ì˜¤ë¡œë¼ë² ì¼	æå…‰å¹•	æ¥µå…‰å¹•
ã‚·ãƒ£ãƒ‰ãƒ¼ã‚¢ãƒ­ãƒ¼ã‚ºã‚¹ãƒˆãƒ©ã‚¤ã‚¯	Sinister Arrow Raid	Schatten-Pfeilregen	Fureur des Plumes Spectrales	Dardoassalto Spettrale	AluviÃ³n de Flechas SombrÃ­as	ì„€ë„ì• ë¡œìš°ì¦ˆìŠ¤íŠ¸ë¼ì´í¬	é®å¤©è”½æ—¥æš—å½±ç®­	é®å¤©è”½æ—¥æš—å½±ç®­
ãƒã‚¤ãƒ‘ãƒ¼ãƒ€ãƒ¼ã‚¯ã‚¯ãƒ©ãƒƒã‚·ãƒ£ãƒ¼	Malicious Moonsault	Hyper Dark Crusher	Dark Body Press	Iperschianto delle Tenebre	Hiperplancha Oscura	í•˜ì´í¼ë‹¤í¬í¬ëŸ¬ì…”	ææ¶é£è·ƒç²‰ç¢å‡»	æ¥µæƒ¡é£›èºç²‰ç¢æ“Š
ã‚ã ã¤ã¿ã®ã‚·ãƒ³ãƒ•ã‚©ãƒ‹ã‚¢	Oceanic Operetta	Grandiose Meeressymphonie	Symphonie des Ondines	Sinfonia del Mare	SinfonÃ­a de la Diva Marina	ë°”ë‹¤ì˜ì‹¬í¬ë‹ˆ	æµ·ç¥åº„ä¸¥äº¤å“ä¹	æµ·ç¥èŠåš´äº¤éŸ¿æ¨‚
ã‚¬ãƒ¼ãƒ‡ã‚£ã‚¢ãƒ³ãƒ»ãƒ‡ãƒ»ã‚¢ãƒ­ãƒ¼ãƒ©	Guardian of Alola	Alolas WÃ¤chter	ColÃ¨re du Gardien dâ€™Alola	Collera del Guardiano	CÃ³lera del GuardiÃ¡n	ì•Œë¡œë¼ì˜ìˆ˜í˜¸ì	å·¨äººå«å£«ãƒ»é˜¿ç½—æ‹‰	å·¨äººè¡›å£«ãƒ»é˜¿ç¾…æ‹‰
ã—ã¡ã›ã„ã ã£ã“ã‚“ãŸã„	Soul-Stealing 7-Star Strike	Sternbild des Seelenraubes	Fauche-Ã‚me des Sept Ã‰toiles	Colpo Eptastellare Rubanima	ConstelaciÃ³n Robaalmas	ì¹ ì„±íƒˆí˜¼í‡´	ä¸ƒæ˜Ÿå¤ºé­‚è…¿	ä¸ƒæ˜Ÿå¥ªé­‚è…¿
ãƒ©ã‚¤ãƒˆãƒ‹ãƒ³ã‚°ã‚µãƒ¼ãƒ•ãƒ©ã‚¤ãƒ‰	Stoked Sparksurfer	Blitz-Wellenritt	Ã‰lectro-Surf SurvoltÃ©	Elettrosurf Folgorante	Surfeo GalvÃ¡nico	ë¼ì´íŠ¸ë‹ì„œí”„ë¼ì´ë“œ	é©¾é›·é©­ç”µæˆå†²æµª	é§•é›·é¦­é›»æˆ²è¡æµª
ã»ã‚“ãã‚’ã ã™ ã“ã†ã’ã	Pulverizing Pancake	Schluss mit lustig	Gare au Ronflex	Adesso Faccio sul Serio	Arrojo Intempestivo	ì§„ì‹¬ì˜ê³µê²©	è®¤çœŸèµ·æ¥å¤§çˆ†å‡»	èªçœŸèµ·ä¾†å¤§çˆ†æ“Š
ãƒŠã‚¤ãƒ³ã‚¨ãƒœãƒ«ãƒ–ãƒ¼ã‚¹ãƒˆ	Extreme Evoboost	Macht der Neun	Neuf pour Un	Potenziamento Eevolutivo	Novena Potencia	ë‚˜ì¸ì´ë³¼ë¶€ìŠ¤íŠ¸	ä¹å½©å‡åé½èšé¡¶	ä¹å½©æ˜‡è¯é½Šèšé ‚
ã‚ªãƒªã‚¸ãƒ³ã‚ºã‚¹ãƒ¼ãƒ‘ãƒ¼ãƒãƒ´ã‚¡	Genesis Supernova	Supernova des Ursprungs	Supernova Originelle	Supernova delle Origini	Supernova Original	ì˜¤ë¦¬ì§„ì¦ˆìŠˆí¼ë…¸ë°”	èµ·æºè¶…æ–°æ˜Ÿå¤§çˆ†ç‚¸	èµ·æºè¶…æ–°æ˜Ÿå¤§çˆ†ç‚¸
ãƒˆãƒ©ãƒƒãƒ—ã‚·ã‚§ãƒ«	Shell Trap	Panzerfalle	CarapiÃ¨ge	Gusciotrappola	Coraza Trampa	íŠ¸ë©ì…¸	é™·é˜±ç”²å£³	é™·é˜±ç”²æ®¼
ãƒ•ãƒ«ãƒ¼ãƒ«ã‚«ãƒãƒ³	Fleur Cannon	Kanonenbouquet	Canon Floral	Cannonfiore	CaÃ±Ã³n Floral	í”Œë¢°ë¥´ìºë…¼	èŠ±æœµåŠ å†œç‚®	èŠ±æœµåŠ è¾²ç‚®
ã‚µã‚¤ã‚³ãƒ•ã‚¡ãƒ³ã‚°	Psychic Fangs	PsychobeiÃŸer	Psycho-Croc	Psicozanna	Psicocolmillo	ì‚¬ì´ì½”íŒ½	ç²¾ç¥ä¹‹ç‰™	ç²¾ç¥ä¹‹ç‰™
ã˜ã ã‚“ã 	Stomping Tantrum	Fruststampfer	TrÃ©pignement	Battipiedi	Pataleta	ë¶„í•¨ì˜ë°œêµ¬ë¥´ê¸°	è·ºè„š	è·ºè…³
ã‚·ãƒ£ãƒ‰ãƒ¼ãƒœãƒ¼ãƒ³	Shadow Bone	Schattenknochen	Osâ€™Ombre	Ossotetro	Hueso SombrÃ­o	ì„€ë„ë³¸	æš—å½±ä¹‹éª¨	æš—å½±ä¹‹éª¨
ã‚¢ã‚¯ã‚»ãƒ«ãƒ­ãƒƒã‚¯	Accelerock	Turbofelsen	Vif Roc	Rocciarapida	Roca Veloz	ì•¡ì…€ë¡	å†²å²©	è¡å²©
ã‚¢ã‚¯ã‚¢ãƒ–ãƒ¬ã‚¤ã‚¯	Liquidation	AquadurchstoÃŸ	Aqua-BrÃ¨che	Idrobreccia	Hidroariete	ì•„ì¿ ì•„ë¸Œë ˆì´í¬	æ°´æµè£‚ç ´	æ°´æµè£‚ç ´
ãƒ—ãƒªã‚ºãƒ ãƒ¬ãƒ¼ã‚¶ãƒ¼	Prismatic Laser	Prisma-Laser	Laser Prisme	Prismalaser	LÃ¡ser Prisma	í”„ë¦¬ì¦˜ë ˆì´ì €	æ£±é•œé•­å°„	ç¨œé¡é³å°„
ã‚·ãƒ£ãƒ‰ãƒ¼ã‚¹ãƒãƒ¼ãƒ«	Spectral Thief	Diebesschatten	Clepto-MÃ¢nes	Ombrafurto	Robasombra	ì„€ë„ìŠ¤í‹¸	æš—å½±å·ç›—	æš—å½±å·ç›œ
ãƒ¡ãƒ†ã‚ªãƒ‰ãƒ©ã‚¤ãƒ–	Sunsteel Strike	Stahlgestirn	Choc MÃ©tÃ©ore	Astrocarica	Meteoimpacto	ë©”í…Œì˜¤ë“œë¼ì´ë¸Œ	æµæ˜Ÿé—ªå†²	æµæ˜Ÿé–ƒè¡
ã‚·ãƒ£ãƒ‰ãƒ¼ãƒ¬ã‚¤	Moongeist Beam	Schattenstrahl	Rayon Spectral	Raggio dâ€™Ombra	Rayo UmbrÃ­o	ì„€ë„ë ˆì´	æš—å½±ä¹‹å…‰	æš—å½±ä¹‹å…‰
ãªã¿ã ã‚	Tearful Look	TrÃ¤nendrÃ¼se	Larme Ã  lâ€™Å’il	Occhionilucidi	Ojos Llorosos	ëˆˆë¬¼ê·¸ë ê·¸ë 	æ³ªçœ¼æ±ªæ±ª	æ·šçœ¼æ±ªæ±ª
ã³ã‚Šã³ã‚Šã¡ãã¡ã	Zing Zap	Elektropikser	Ã‰lectrikipik	Elettropizzico	Electropunzada	ì°Œë¦¬ë¦¬ë”°ë”ë”°ë”	éº»éº»åˆºåˆº	éº»éº»åˆºåˆº
ã—ãœã‚“ã®ã„ã‹ã‚Š	Natureâ€™s Madness	Naturzorn	Ire de la Nature	Ira della Natura	Furia Natural	ìì—°ì˜ë¶„ë…¸	è‡ªç„¶ä¹‹æ€’	è‡ªç„¶ä¹‹æ€’
ãƒãƒ«ãƒã‚¢ã‚¿ãƒƒã‚¯	Multi-Attack	Multi-Angriff	Coup Varia-Type	Multiattacco	Multiataque	ë©€í‹°ì–´íƒ	å¤šå±æ€§æ”»å‡»	å¤šå±¬æ€§æ”»æ“Š
1000ã¾ã‚“ãƒœãƒ«ãƒˆ	10,000,000 Volt Thunderbolt	Tausendfacher Donnerblitz	Giga-Tonnerre	Iperfulmine	Gigarrayo Fulminante	1000ë§Œë³¼íŠ¸	åƒä¸‡ä¼ç‰¹	åƒè¬ä¼ç‰¹
ãƒ•ã‚©ãƒˆãƒ³ã‚²ã‚¤ã‚¶ãƒ¼	Photon Geyser	Photonen-Geysir	Photo-Geyser	Geyser Fotonico	GÃ©iser FotÃ³nico	í¬í†¤ê°€ì´ì €	å…‰å­å–·æ¶Œ	å…‰å­å™´æ¹§
ãƒ“ãƒƒã‚¯ãƒªãƒ˜ãƒƒãƒ‰	Mind Blown	Knallkopf	Caboche-Kaboum	Sbalorditeata	Cabeza Sorpresa	ê¹œì§í—¤ë“œ	æƒŠçˆ†å¤§å¤´	é©šçˆ†å¤§é ­
ãƒ—ãƒ©ã‚ºãƒãƒ•ã‚£ã‚¹ãƒˆ	Plasma Fists	PlasmafÃ¤uste	Plasma Punch	Pugni Plasma	PuÃ±os Plasma	í”Œë¼ìŠ¤ë§ˆí”¼ìŠ¤íŠ¸	ç­‰ç¦»å­é—ªç”µæ‹³	ç­‰é›¢å­é–ƒé›»æ‹³
ãƒ–ãƒ¬ã‚¤ã‚¸ãƒ³ã‚°ã‚½ã‚¦ãƒ«ãƒ“ãƒ¼ãƒˆ	Clangorous Soulblaze	Rasselnder Seelentanz	Dracacophonie Flamboyante	Dracofonia Divampante	Estruendo Implacable	ë¸Œë ˆì´ì§•ì†Œìš¸ë¹„íŠ¸	ç‚½é­‚çƒ­èˆçƒˆéŸ³çˆ†	ç†¾é­‚ç†±èˆçƒˆéŸ³çˆ†
ãƒ©ã‚¸ã‚¢ãƒ«ã‚¨ãƒƒã‚¸ã‚¹ãƒˆãƒ¼ãƒ 	Splintered Stormshards	Fataler Steinregen	Hurlement des Roches-Lames	Litotempesta Radiale	Tempestad Rocosa	ë ˆì´ë””ì–¼ì—ì§€ìŠ¤í†°	ç‹¼å•¸çŸ³ç‰™é£“é£æš´	ç‹¼å˜¯çŸ³ç‰™é¢¶é¢¨æš´
ã‚µãƒ³ã‚·ãƒ£ã‚¤ãƒ³ã‚¹ãƒãƒƒã‚·ãƒ£ãƒ¼	Searing Sunraze Smash	Schmetternde Sonnenwalze	HÃ©lio Choc DÃ©vastateur	Supercollisione Solare	Embestida Solar	ì„ ìƒ¤ì¸ìŠ¤ë§¤ì…”	æ—¥å…‰å›æ—‹ä¸‹è‹ç©¹	æ—¥å…‰è¿´æ—‹ä¸‹è’¼ç©¹
ãƒ ãƒ¼ãƒ³ãƒ©ã‚¤ãƒˆãƒ–ãƒ©ã‚¹ã‚¿ãƒ¼	Menacing Moonraze Maelstrom	Geballter Mondlaser	Rayons SÃ©lÃ©no-Explosifs	Deflagrazione Lunare	DeflagraciÃ³n Lunar	ë¬¸ë¼ì´íŠ¸ë¸”ë˜ìŠ¤í„°	æœˆåé£æº…è½çµéœ„	æœˆè¯é£›æ¿ºè½éˆéœ„
ã¦ã‚“ã“ãŒã™ã‚ã¤ã¼ã†ã®ã²ã‹ã‚Š	Light That Burns The Sky	Licht des ErlÃ¶schens	Apocalypsis Luminis	Fotodistruzione Apocalittica	FotodestrucciÃ³n ApocalÃ­ptica	í•˜ëŠ˜ì„íƒœìš°ëŠ”ë©¸ë§ì˜ë¹›	ç„šå¤©ç­ä¸–ç‚½å…‰çˆ†	ç„šå¤©æ»…ä¸–ç†¾å…‰çˆ†
ã½ã‹ã¼ã‹ãƒ•ãƒ¬ãƒ³ãƒ‰ã‚¿ã‚¤ãƒ 	Let's Snuggle Forever	Herzliche Knuddelkloppe	Patati-Patattrape	Dolcesacco di Botte	Somanta Amistosa	íˆ¬ë‹¥íˆ¬ë‹¥í”„ë Œë“œíƒ€ì„	äº²å¯†æ— é—´å¤§ä¹±æ	è¦ªå¯†ç„¡é–“å¤§äº‚æ
ã°ã¡ã°ã¡ã‚¢ã‚¯ã‚»ãƒ«	Zippy Zap	Britzelturbo	Pika-Sprint	Sprintaboom	Pikaturbo	íŒŒì°ŒíŒŒì°Œì•¡ì…€	ç”µç”µåŠ é€Ÿ	é›»é›»åŠ é€Ÿ
ã–ã¶ã–ã¶ã‚µãƒ¼ãƒ•	Splishy Splash	PlÃ¤tschersurfer	Pika-Splash	Surfasplash	Salpikasurf	ì°¸ë°©ì°¸ë°©ì„œí•‘	æ»”æ»”å†²æµª	æ»”æ»”è¡æµª
ãµã‚ãµã‚ãƒ•ã‚©ãƒ¼ãƒ«	Floaty Fall	Schwebesturz	Pika-PiquÃ©	Piombaflap	Pikapicado	ë‘¥ì‹¤ë‘¥ì‹¤í´	é£˜é£˜å è½	é£„é£„å¢œè½
ãƒ”ã‚«ãƒ”ã‚«ã‚µãƒ³ãƒ€ãƒ¼	Pika Papow	Pika-Flash	Pika-Fracas	Pikasaetta	Pikatormenta	í”¼ì¹´í”¼ì¹´ì¬ë”	é—ªé—ªé›·å…‰	é–ƒé–ƒé›·å…‰
ã„ãã„ããƒãƒ–ãƒ«	Bouncy Bubble	Blubbsauger	Ã‰vo-Thalasso	Bollaslurp	Vapodrenaje	ìƒìƒë²„ë¸”	æ´»æ´»æ°”æ³¡	æ´»æ´»æ°£æ³¡
ã³ã‚Šã³ã‚Šã‚¨ãƒ¬ã‚­	Buzzy Buzz	Knisterladung	Ã‰vo-Dynamo	Elettrozap	JoltioparÃ¡lisis	ì°Œë¦¿ì°Œë¦¿ì¼ë ‰	éº»éº»ç”µå‡»	éº»éº»é›»æ“Š
ã‚ã‚‰ã‚ã‚‰ãƒãƒ¼ãƒ³	Sizzly Slide	Flackerbrand	Ã‰vo-Flambo	Fiammabam	Flarembestida	ì´ê¸€ì´ê¸€ë²ˆ	ç†Šç†Šç«çˆ†	ç†Šç†Šç«çˆ†
ã©ã°ã©ã°ã‚ªãƒ¼ãƒ©	Glitzy Glow	Pulsieraura	Ã‰vo-Psycho	Auraswoosh	Espeaura	ì½¸ì½¸ì˜¤ë¼	å“—å“—æ°”åœº	å˜©å˜©æ°£å ´
ã‚ã‚‹ã‚ã‚‹ã‚¾ãƒ¼ãƒ³	Baddy Bad	QuÃ¤lzone	Ã‰vo-TÃ©nÃ©bro	Zona Buiabuia	Umbreozona	ì•„ê·¸ì•„ê·¸ì¡´	ååé¢†åŸŸ	å£å£é ˜åŸŸ
ã™ãã™ããƒœãƒ³ãƒãƒ¼	Sappy Seed	SprieÃŸbomben	Ã‰vo-Ã‰colo	Bombafrush	Leafitobombas	ì‘¥ì‘¥ë´„ë²„	èŒèŒè½°ç‚¸	èŒèŒè½Ÿç‚¸
ã“ã¡ã“ã¡ãƒ•ãƒ­ã‚¹ãƒˆ	Freezy Frost	Klirrfrost	Ã‰vo-CongÃ©lo	Scricchiagelo	Glaceoprisma	ê½ê½í”„ë¡œìŠ¤íŠ¸	å†°å†°éœœå†»	å†°å†°éœœå‡
ãã‚‰ãã‚‰ã‚¹ãƒˆãƒ¼ãƒ 	Sparkly Swirl	Glitzersturm	Ã‰vo-Fabulo	Sbrilluccibufera	Sylveotornado	ë°˜ì§ë°˜ì§ìŠ¤í†°	äº®äº®é£æš´	äº®äº®é¢¨æš´
ãƒ–ã‚¤ãƒ–ã‚¤ãƒ–ãƒ¬ã‚¤ã‚¯	Veevee Volley	Evo-Crash	Ã‰vo-Chardasso	Eeveempatto	Eevimpacto	ë¸Œì´ë¸Œì´ë¸Œë ˆì´í¬	ç °ç °å‡»ç ´	ç °ç °æ“Šç ´
ãƒ€ãƒ–ãƒ«ãƒ‘ãƒ³ãƒ„ã‚¡ãƒ¼	Double Iron Bash	PanzerfÃ¤uste	Ã‰crous dâ€™Poing	Pugni Corazzati	FerropuÃ±o Doble	ë”ë¸”í€ì²˜	é’¢æ‹³åŒå‡»	é‹¼æ‹³é›™æ“Š
ãƒ€ã‚¤ã‚¢ã‚¿ãƒƒã‚¯	Max Strike	Normalomax	Dyna-Angriff	Dynattacco	Maxiataque	ë‹¤ì´ì–´íƒ	æå·¨æ”»å‡»	æ¥µå·¨æ”»æ“Š
ãƒ€ã‚¤ãƒŠãƒƒã‚¯ãƒ«	Max Knuckle	Pugilomax	Dyna-Faust	Dynapugno	MaxipuÃ±o	ë‹¤ì´ë„ˆí´	æå·¨æ‹³æ–—	æ¥µå·¨æ‹³æ–—
ãƒ€ã‚¤ã‚¸ã‚§ãƒƒãƒˆ	Max Airstream	AÃ©romax	Dyna-DÃ¼se	Dynajet	MaxiciclÃ³n	ë‹¤ì´ì œíŠ¸	æå·¨é£å†²	æ¥µå·¨é£›è¡
ãƒ€ã‚¤ã‚¢ã‚·ãƒƒãƒ‰	Max Ooze	Toxinomax	Dyna-Giftschwall	Dynacorrosione	MaxiÃ¡cido	ë‹¤ì´ì• ì‹œë“œ	æå·¨é…¸æ¯’	æ¥µå·¨é…¸æ¯’
ãƒ€ã‚¤ã‚¢ãƒ¼ã‚¹	Max Quake	Sismomax	Dyna-ErdstoÃŸ	Dynasisma	Maxitemblor	ë‹¤ì´ì–´ìŠ¤	æå·¨å¤§åœ°	æ¥µå·¨å¤§åœ°
ãƒ€ã‚¤ãƒ­ãƒƒã‚¯	Max Rockfall	Lithomax	Dyna-Brocken	Dynamacigno	Maxilito	ë‹¤ì´ë¡	æå·¨å²©çŸ³	æ¥µå·¨å²©çŸ³
ãƒ€ã‚¤ãƒ¯ãƒ¼ãƒ 	Max Flutterby	Insectomax	Dyna-Schwarm	Dynainsetto	Maxinsecto	ë‹¤ì´ì›œ	æå·¨è™«è›Š	æ¥µå·¨èŸ²è ±
ãƒ€ã‚¤ãƒ›ãƒ­ã‚¦	Max Phantasm	Spectromax	Dyna-Spuk	Dynavuoto	Maxiespectro	ë‹¤ì´í• ë¡œìš°	æå·¨å¹½é­‚	æ¥µå·¨å¹½é­‚
ãƒ€ã‚¤ã‚¹ãƒãƒ«	Max Steelspike	MÃ©tallomax	Dyna-Stahlzacken	Dynametallo	Maximetal	ë‹¤ì´ìŠ¤í‹¸	æå·¨é’¢é“	æ¥µå·¨é‹¼éµ
ãƒ€ã‚¤ãƒãƒ¼ãƒ³	Max Flare	Pyromax	Dyna-Brand	Dynafiammata	MaxigniciÃ³n	ë‹¤ì´ë²ˆ	æå·¨ç«çˆ†	æ¥µå·¨ç«çˆ†
ãƒ€ã‚¤ã‚¹ãƒˆãƒªãƒ¼ãƒ 	Max Geyser	Hydromax	Dyna-Flut	Dynaflusso	Maxichorro	ë‹¤ì´ìŠ¤íŠ¸ë¦¼	æå·¨æ°´æµ	æ¥µå·¨æ°´æµ
ãƒ€ã‚¤ã‚½ã‚¦ã‚²ãƒ³	Max Overgrowth	Phytomax	Dyna-Flora	Dynaflora	Maxiflora	ë‹¤ì´ê·¸ë˜ìŠ¤	æå·¨è‰åŸ	æ¥µå·¨è‰åŸ
ãƒ€ã‚¤ã‚µãƒ³ãƒ€ãƒ¼	Max Lightning	Fulguromax	Dyna-Gewitter	Dynasaetta	Maxitormenta	ë‹¤ì´ì¬ë”	æå·¨é—ªç”µ	æ¥µå·¨é–ƒé›»
ãƒ€ã‚¤ã‚µã‚¤ã‚³	Max Mindstorm	Psychomax	Dyna-Kinese	Dynapsiche	Maxionda	ë‹¤ì´ì‚¬ì´ì½”	æå·¨è¶…èƒ½	æ¥µå·¨è¶…èƒ½
ãƒ€ã‚¤ã‚¢ã‚¤ã‚¹	Max Hailstorm	Cryomax	Dyna-Frost	Dynagelo	Maxihelada	ë‹¤ì´ì•„ì´ìŠ¤	æå·¨å†°é›ª	æ¥µå·¨å†°é›ª
ãƒ€ã‚¤ãƒ‰ãƒ©ã‚°ãƒ¼ãƒ³	Max Wyrmwind	Dracomax	Dyna-Wyrm	Dynadragone	Maxidraco	ë‹¤ì´ë“œë¼êµ°	æå·¨é¾™éª‘	æ¥µå·¨é¾é¨
ãƒ€ã‚¤ã‚¢ãƒ¼ã‚¯	Max Darkness	Sinistromax	Dyna-Dunkel	Dynatenebre	Maxisombra	ë‹¤ì´ì•„í¬	æå·¨æ¶éœ¸	æ¥µå·¨æƒ¡éœ¸
ãƒ€ã‚¤ãƒ•ã‚§ã‚¢ãƒªãƒ¼	Max Starfall	Enchantomax	Dyna-Zauber	Dynafata	Maxiestela	ë‹¤ì´í˜ì–´ë¦¬	æå·¨å¦–ç²¾	æ¥µå·¨å¦–ç²¾
ãƒ€ã‚¤ã‚¦ã‚©ãƒ¼ãƒ«	Max Guard	Gardomax	Dyna-Wall	Dynabarriera	Maxibarrera	ë‹¤ì´ì›”	æå·¨é˜²å£	æ¥µå·¨é˜²å£
ã‚­ãƒ§ãƒ€ã‚¤ã‚´ã‚¯ã‚¨ãƒ³	G-Max Wildfire	Fournaise G-Max	Giga-Feuerflug	Gigavampa	Gigallamarada	ê±°ë‹¤ì´ì˜¥ì—¼	è¶…æå·¨åœ°ç‹±ç­ç„°	è¶…æ¥µå·¨åœ°ç„æ»…ç„°
ã‚­ãƒ§ãƒ€ã‚¤ã‚³ãƒ¯ã‚¯	G-Max Befuddle	Illusion G-Max	Giga-Benebelung	Gigastupore	Gigaestupor	ê±°ë‹¤ì´ê³ í˜¹	è¶…æå·¨è¶å½±è›Šæƒ‘	è¶…æ¥µå·¨è¶å½±è ±æƒ‘
ã‚­ãƒ§ãƒ€ã‚¤ãƒãƒ³ãƒ©ã‚¤	G-Max Volt Crash	Foudre G-Max	Giga-Blitzhagel	Gigapikafolgori	Gigatronada	ê±°ë‹¤ì´ë§Œë¢°	è¶…æå·¨ä¸‡é›·è½°é¡¶	è¶…æ¥µå·¨è¬é›·è½Ÿé ‚
ã‚­ãƒ§ãƒ€ã‚¤ã‚³ãƒãƒ³	G-Max Gold Rush	Pactole G-Max	Giga-MÃ¼nzregen	Gigamonete	Gigamonedas	ê±°ë‹¤ì´ê¸ˆí™”	è¶…æå·¨ç‰¹å¤§é‡‘å¸	è¶…æ¥µå·¨ç‰¹å¤§é‡‘å¹£
ã‚­ãƒ§ãƒ€ã‚¤ã‚·ãƒ³ã‚²ã‚­	G-Max Chi Strike	Frappe G-Max	Giga-Fokusschlag	Gigapugnointuito	GigapuÃ±iciÃ³n	ê±°ë‹¤ì´íšŒì‹¬ê²©	è¶…æå·¨ä¼šå¿ƒä¸€å‡»	è¶…æ¥µå·¨æœƒå¿ƒä¸€æ“Š
ã‚­ãƒ§ãƒ€ã‚¤ã‚²ãƒ³ã‚¨ã‚¤	G-Max Terror	Hantise G-Max	Giga-Spuksperre	Gigaillusione	GigaapariciÃ³n	ê±°ë‹¤ì´í™˜ì˜	è¶…æå·¨å¹»å½±å¹½é­‚	è¶…æ¥µå·¨å¹»å½±å¹½é­‚
ã‚­ãƒ§ãƒ€ã‚¤ãƒ›ã‚¦ãƒãƒ„	G-Max Foam Burst	Bulles G-Max	Giga-Schaumbad	Gigaschiuma	Gigaespuma	ê±°ë‹¤ì´í¬ë§	è¶…æå·¨æ¿€æ¼©æ³¡æ¶¡	è¶…æ¥µå·¨æ¿€æ¼©æ³¡æ¸¦
ã‚­ãƒ§ãƒ€ã‚¤ã‚»ãƒ³ãƒªãƒ„	G-Max Resonance	RÃ©sonance G-Max	Giga-Melodie	Gigamelodia	GigamelodÃ­a	ê±°ë‹¤ì´ì„ ìœ¨	è¶…æå·¨æå…‰æ—‹å¾‹	è¶…æ¥µå·¨æ¥µå…‰æ—‹å¾‹
ã‚­ãƒ§ãƒ€ã‚¤ãƒ›ãƒ¼ãƒ¨ãƒ¼	G-Max Cuddle	CÃ¢lin G-Max	Giga-Gekuschel	Gigabbraccio	Gigaternura	ê±°ë‹¤ì´í¬ì˜¹	è¶…æå·¨çƒ­æƒ…æ‹¥æŠ±	è¶…æ¥µå·¨ç†±æƒ…æ“æŠ±
ã‚­ãƒ§ãƒ€ã‚¤ã‚µã‚¤ã‚»ã‚¤	G-Max Replenish	RÃ©colte G-Max	Giga-Recycling	Gigarinnovamento	Gigarreciclaje	ê±°ë‹¤ì´ì¬ìƒ	è¶…æå·¨èµ„æºå†ç”Ÿ	è¶…æ¥µå·¨è³‡æºå†ç”Ÿ
ã‚­ãƒ§ãƒ€ã‚¤ã‚·ãƒ¥ã‚¦ã‚­	G-Max Malodor	Pestilence G-Max	Giga-Gestank	Gigafetore	Gigapestilencia	ê±°ë‹¤ì´ì•…ì·¨	è¶…æå·¨è‡­æ°”å†²å¤©	è¶…æ¥µå·¨è‡­æ°£æ²–å¤©
ã‚­ãƒ§ãƒ€ã‚¤ã‚³ãƒ©ãƒ³ãƒ€	G-Max Drum Solo	Percussion G-Max	Giga-Getrommel	Gigarullio	Gigarredoble	ê±°ë‹¤ì´ë‚œíƒ€	è¶…æå·¨ç‹‚æ“‚ä¹±æ‰“	è¶…æ¥µå·¨ç‹‚æ“‚äº‚æ‰“
ã‚­ãƒ§ãƒ€ã‚¤ã‚«ã‚­ãƒ¥ã‚¦	G-Max Fireball	Pyroball G-Max	Giga-Brandball	Gigafiammopalla	Gigaesfera Ãgnea	ê±°ë‹¤ì´í™”ì—¼êµ¬	è¶…æå·¨ç ´é˜µç«çƒ	è¶…æ¥µå·¨ç ´é™£ç«çƒ
ã‚­ãƒ§ãƒ€ã‚¤ã‚½ã‚²ã‚­	G-Max Hydrosnipe	GÃ¢chette G-Max	Giga-SchÃ¼tze	Gigasparomirato	Gigadisparo	ê±°ë‹¤ì´ì €ê²©	è¶…æå·¨ç‹™å‡»ç¥å°„	è¶…æ¥µå·¨ç‹™æ“Šç¥å°„
ã‚­ãƒ§ãƒ€ã‚¤ãƒ•ã‚¦ã‚²ã‚­	G-Max Wind Rage	Rafale G-Max	Giga-SturmstoÃŸ	Gigaciclone	GigahuracÃ¡n	ê±°ë‹¤ì´í’ê²©	è¶…æå·¨æ—‹é£è¢­å·	è¶…æ¥µå·¨æ—‹é¢¨è¥²æ²
ã‚­ãƒ§ãƒ€ã‚¤ãƒ†ãƒ³ãƒ‰ã‚¦	G-Max Gravitas	Ondes G-Max	Giga-Astrowellen	Gigagravitoforza	GigabÃ³veda	ê±°ë‹¤ì´ì²œë„	è¶…æå·¨å¤©é“ä¸ƒæ˜Ÿ	è¶…æ¥µå·¨å¤©é“ä¸ƒæ˜Ÿ
ã‚­ãƒ§ãƒ€ã‚¤ã‚¬ãƒ³ã‚¸ãƒ³	G-Max Stonesurge	RÃ©cif G-Max	Giga-GerÃ¶ll	Gigarocciagetto	Gigatrampa Rocas	ê±°ë‹¤ì´ì•”ì§„	è¶…æå·¨å²©é˜µä»¥å¾…	è¶…æ¥µå·¨å²©é™£ä»¥å¾…
ã‚­ãƒ§ãƒ€ã‚¤ãƒ•ãƒ³ã‚»ã‚­	G-Max Volcalith	TÃ©phra G-Max	Giga-Schlacke	Gigalapilli	Gigarroca Ãgnea	ê±°ë‹¤ì´ë¶„ì„	è¶…æå·¨ç‚çŸ³å–·å‘	è¶…æ¥µå·¨ç‚çŸ³å™´ç™¼
ã‚­ãƒ§ãƒ€ã‚¤ã‚µãƒ³ã‚²ã‚­	G-Max Tartness	Corrosion G-Max	Giga-SÃ¤ureguss	Gigattaccoacido	GigacorrosiÃ³n	ê±°ë‹¤ì´ì‚°ê²©	è¶…æå·¨é…¸ä¸æºœä¸Ÿ	è¶…æ¥µå·¨é…¸ä¸æºœä¸Ÿ
ã‚­ãƒ§ãƒ€ã‚¤ã‚«ãƒ³ãƒ­	G-Max Sweetness	Nectar G-Max	Giga-Nektarflut	Gigambrosia	GiganÃ©ctar	ê±°ë‹¤ì´ê°ë¡œ	è¶…æå·¨ç¼æµ†ç‰æ¶²	è¶…æ¥µå·¨ç“Šæ¼¿ç‰æ¶²
ã‚­ãƒ§ãƒ€ã‚¤ã‚µã‚¸ãƒ³	G-Max Sandblast	Enlisement G-Max	Giga-SandstoÃŸ	Gigavortisabbia	Gigapolvareda	ê±°ë‹¤ì´ì‚¬ì§„	è¶…æå·¨æ²™å°˜æ¼«å¤©	è¶…æ¥µå·¨æ²™å¡µæ¼«å¤©
ã‚­ãƒ§ãƒ€ã‚¤ã‚«ãƒ³ãƒ‡ãƒ³	G-Max Stun Shock	Choc G-Max	Giga-Voltschlag	Gigatoxiscossa	Gigadescarga	ê±°ë‹¤ì´ê°ì „	è¶…æå·¨å¼‚æ¯’ç”µåœº	è¶…æ¥µå·¨ç•°æ¯’é›»å ´
ã‚­ãƒ§ãƒ€ã‚¤ãƒ’ãƒ£ãƒƒã‚«	G-Max Centiferno	Combustion G-Max	Giga-Feuerkessel	Gigamillefiamme	Gigacienfuegos	ê±°ë‹¤ì´ë°±í™”	è¶…æå·¨ç™¾ç«ç„šé‡	è¶…æ¥µå·¨ç™¾ç«ç„šé‡
ã‚­ãƒ§ãƒ€ã‚¤ãƒ†ãƒ³ãƒãƒ„	G-Max Smite	Sentence G-Max	Giga-Sanktion	Gigacastigo	Gigacastigo	ê±°ë‹¤ì´ì²œë²Œ	è¶…æå·¨ä¸‡é›·è½°é¡¶	è¶…æ¥µå·¨å¤©è­´é›·èª…
ã‚­ãƒ§ãƒ€ã‚¤ã‚¹ã‚¤ãƒ	G-Max Snooze	Torpeur G-Max	Giga-GÃ¤hnzwang	Gigatorpore	Gigasopor	ê±°ë‹¤ì´ìˆ˜ë§ˆ	è¶…æå·¨ç¡é­”é™ä¸´	è¶…æ¥µå·¨ç¡é­”é™è‡¨
ã‚­ãƒ§ãƒ€ã‚¤ãƒ€ãƒ³ã‚¨ãƒ³	G-Max Finale	Cure G-Max	Giga-Lichtblick	Gigagranfinale	GigacolofÃ³n	ê±°ë‹¤ì´ë‹¨ì›	è¶…æå·¨å¹¸ç¦åœ†æ»¡	è¶…æ¥µå·¨å¹¸ç¦åœ“æ»¿
ã‚­ãƒ§ãƒ€ã‚¤ã‚³ã‚¦ã‚¸ãƒ³	G-Max Steelsurge	PercÃ©e G-Max	Giga-Stahlschlag	Gigaferroaculei	Gigatrampa Acero	ê±°ë‹¤ì´ê°•ì² ì§„	è¶…æå·¨é’¢é“é˜µæ³•	è¶…æ¥µå·¨é‹¼éµé™£æ³•
ã‚­ãƒ§ãƒ€ã‚¤ã‚²ãƒ³ã‚¹ã‚¤	G-Max Depletion	Usure G-Max	Giga-DÃ¤mpfer	Gigalogoramento	Gigadesgaste	ê±°ë‹¤ì´ê°ì‡ 	è¶…æå·¨åŠ£åŒ–è¡°å˜	è¶…æ¥µå·¨åŠ£åŒ–è¡°è®Š
Gã®ã¡ã‹ã‚‰	Grav Apple	Force G	Gravitation	Forza G	Fuerza G	Gì˜í˜	ä¸‡æœ‰å¼•åŠ›	è¬æœ‰å¼•åŠ›
ã„ã®ã¡ã®ã—ãšã	Life Dew	Fontaine de Vie	Lebenstropfen	Goccia Vitale	Gota Vital	ìƒëª…ì˜ë¬¼ë°©ìš¸	ç”Ÿå‘½æ°´æ»´	ç”Ÿå‘½æ°´æ»´
ãˆã ã¥ã	Branch Poke	Tapotige	ZweigstoÃŸ	Ramostoccata	Punzada Rama	ê°€ì§€ì°Œë¥´ê¸°	æœ¨æçªåˆº
ã‚¨ãƒ©ãŒã¿	Fishious Rend	Branchicrok	Kiemenbiss	Branchiomorso	Branquibocado	ì•„ê°€ë¯¸ë¬¼ê¸°	é³ƒå’¬	é°“å’¬
ã‚ªãƒ¼ãƒãƒ¼ãƒ‰ãƒ©ã‚¤ãƒ–	Overdrive	Overdrive	Overdrive	Overdrive	Amplificador	ì˜¤ë²„ë“œë¼ì´ë¸Œ	ç ´éŸ³	ç ´éŸ³
ã‚ªãƒ¼ãƒ©ãã‚‹ã¾	Aura Wheel	Roue Libre	Aura-Rad	Ruota d'Aura	Rueda Aural	ì˜¤ë¼íœ 	æ°”åœºè½®	æ°£å ´è¼ª
ãŠã¡ã‚ƒã‹ã„	Teatime	ThÃ©rÃ©monie	Teatime	Ora del TÃ¨	Hora del TÃ©	ë‹¤ê³¼íšŒ	èŒ¶ä¼š	èŒ¶æœƒ
ã‹ãˆã‚“ãƒœãƒ¼ãƒ«	Pyro Ball	Ballon BrÃ»lant	Feuerball	Palla Infuocata	BalÃ³n Ãgneo	í™”ì—¼ë³¼	ç«ç„°çƒ	ç«ç„°çƒ
ãã‚‡ã˜ã‚…ã†ã–ã‚“	Behemoth Blade	Gladius Maximus	Gigantenhieb	Taglio Maestoso	Tajo Supremo	ê±°ìˆ˜ì°¸	å·¨å…½æ–©	å·¨ç¸æ–¬
ãã‚‡ã˜ã‚…ã†ã ã‚“	Behemoth Bash	Aegis Maxima	GigantenstoÃŸ	Colpo Maestoso	Embate Supremo	ê±°ìˆ˜íƒ„	å·¨å…½å¼¹	å·¨ç¸å½ˆ
ãã‚‰ã„ã¤ã	Jaw Lock	Croque Fort	Fesselbiss	Morsostretto	Presa Maxilar	ë¬¼ê³ ë²„í‹°ê¸°	ç´§å’¬ä¸æ”¾	ç·Šå’¬ä¸æ”¾
ã‚³ãƒ¼ãƒˆãƒã‚§ãƒ³ã‚¸	Court Change	Change-CÃ´tÃ©	Seitenwechsel	Cambiocampo	Cambio de Cancha	ì½”íŠ¸ì²´ì¸ì§€	æ¢åœº	æ›å ´
ã‚¸ãƒ£ãƒ³ã‚°ãƒ«ãƒ’ãƒ¼ãƒ«	Jungle Healing	Selve Salvatrice	Dschungelheilung	Giunglacura	Cura SelvÃ¡tica		ä¸›æ—æ²»ç–—	å¢æ—æ²»ç™‚
ã‚¹ã‚¿ãƒ¼ã‚¢ã‚µãƒ«ãƒˆ	Meteor Assault	Joute Astrale	Sternensturm	Sfolgorassalto	Asalto Estelar	ìŠ¤íƒ€ì–´ì„¤íŠ¸	æµæ˜Ÿçªå‡»	æµæ˜Ÿçªæ“Š
ã‚½ã‚¦ãƒ«ã‚¯ãƒ©ãƒƒã‚·ãƒ¥	Spirit Break	Choc Ã‰motionnel	Seelenbruch	Frantumanima	Choque AnÃ­mico	ì†Œìš¸í¬ë˜ì‹œ	çµé­‚å†²å‡»	éˆé­‚è¡æ“Š
ã‚½ã‚¦ãƒ«ãƒ“ãƒ¼ãƒˆ	Clangorous Soul	Dracacophonie	Seelentanz	Dracofonia	Estruendo Escama	ì†Œìš¸ë¹„íŠ¸	é­‚èˆçƒˆéŸ³çˆ†	é­‚èˆçƒˆéŸ³çˆ†
ã‚¿ãƒ¼ãƒ«ã‚·ãƒ§ãƒƒãƒˆ	Tar Shot	Goudronnage	Teerschuss	Colpocatrame	Alquitranazo	íƒ€ë¥´ìˆ	æ²¥é’å°„å‡»	ç€é’å°„æ“Š
ãƒ€ã‚¤ãƒãƒƒã‚¯ã‚¹ã»ã†	Dynamax Cannon	Canon Dynamax	Dynamax-Kanone	Cannone Dynamax	CaÃ±Ã³n Dinamax	ë‹¤ì´ë§¥ìŠ¤í¬	æå·¨ç‚®	æ¥µå·¨ç‚®
ãŸã“ãŒãŸã‚	Octolock	Octoprise	Octoklamme	Tentacolock	Octopresa	ë¬¸ì–´êµ³íˆê¸°	è›¸å›º	è›¸å›º
ãƒ‡ã‚³ãƒ¬ãƒ¼ã‚·ãƒ§ãƒ³	Decorate	Nappage	Verzierung	Decorazione	DecoraciÃ³n	ë°ì½”ë ˆì´ì…˜	è£…é¥°	è£é£¾
ã¦ã£ã¦ã„ã“ã†ã›ã‚“	Steel Beam	MÃ©talaser	Stahlstrahl	Raggio d'Acciaio	MetalÃ¡ser	ì² ì €ê´‘ì„ 	é“è¹„å…‰çº¿	éµè¹„å…‰ç·š
ã§ã‚“ã’ããã¡ã°ã—	Bolt Beak	Prise de Bec	Schockschnabel	Beccoshock	Electropico	ì „ê²©ë¶€ë¦¬	ç”µå–™	é›»å–™
ã©ã’ã–ã¤ã	False Surrender	Fourbette	Kniefalltrick	Supplicolpo	Irreverencia	ì‚¬ì£„ì˜ì°Œë¥´ê¸°	å‡è·ªçœŸæ’	å‡è·ªçœŸæ’
ãƒ‰ãƒ©ã‚´ãƒ³ã‚¢ãƒ­ãƒ¼	Dragon Darts	Draco-FlÃ¨ches	Drachenpfeile	Dragofrecce	Dracoflechas	ë“œë˜ê³¤ì• ë¡œ	é¾™ç®­	é¾ç®­
ãƒˆãƒ©ãƒã‚µãƒŸ	Snap Trap	Troquenard	Fangeisen	Tagliola	Cepo	ì§‘ê²Œë«	æ•å…½å¤¹	æ•ç¸å¤¾
ãƒ‰ãƒ©ãƒ ã‚¢ã‚¿ãƒƒã‚¯	Drum Beating	Tambour Battant	TrommelschlÃ¤ge	Tamburattacco	BaterÃ­a Asalto	ë“œëŸ¼ì–´íƒ	é¼“å‡»	é¼“æ“Š
ã­ã‚‰ã„ã†ã¡	Snipe Shot	Tir de PrÃ©cision	PrÃ¤zisionsschuss	Tiromirato	Disparo Certero	ë…¸ë ¤ë§íˆê¸°	ç‹™å‡»	ç‹™æ“Š
ã¯ã„ã™ã„ã®ã˜ã‚“	No Retreat	Ultime Bastion	Finalformation	Spalle al Muro	BastiÃ³n Final	ë°°ìˆ˜ì˜ì§„	èƒŒæ°´ä¸€æˆ˜	èƒŒæ°´ä¸€æˆ°
ãƒ–ãƒ­ãƒƒã‚­ãƒ³ã‚°	Obstruct	Blocage	Abblocker	Sbarramento	ObstrucciÃ³n	ë¸”ë¡œí‚¹	æ‹¦å µ	æ””å µ
ã»ãŠã°ã‚‹	Stuff Cheeks	Garde-Ã -Joues	Backenstopfer	Riempiguance	Atiborramiento	ë³¼ê°€ë“ë„£ê¸°	å¤§å¿«æœµé¢	å¤§å¿«æœµé ¤
ãƒœãƒ‡ã‚£ãƒ—ãƒ¬ã‚¹	Body Press	Big Splash	Body Press	Schiacciacorpo	Plancha Corporal	ë°”ë””í”„ë ˆìŠ¤	æ‰‘å‡»	æ’²æ“Š
ã¾ã»ã†ã®ã“ãª	Magic Powder	Poudre Magique	Magiepuder	Magipolvere	Polvo MÃ¡gico	ë§ˆë²•ê°€ë£¨	é­”æ³•ç²‰	é­”æ³•ç²‰
ãƒ ã‚²ãƒ³ãƒ€ã‚¤ãƒ“ãƒ¼ãƒ 	Eternabeam	Laser Infinimax	Unendynastrahlen	Raggio Infinito	Rayo Infinito	ë¬´í•œë‹¤ì´ë¹”	æ— æå…‰æŸ	ç„¡æ¥µå…‰æŸ
ã‚Šã‚“ã”ã•ã‚“	Apple Acid	Acide Malique	ApfelsÃ¤ure	Acido Malico	Ãcido MÃ¡lico	ì‚¬ê³¼ì‚°	è‹¹æœé…¸	è˜‹æœé…¸
ãƒ¯ã‚¤ãƒ‰ãƒ–ãƒ¬ã‚¤ã‚«ãƒ¼	Breaking Swipe	Abattage	Breitseite	Vastoimpatto	Vasto Impacto	ì™€ì´ë“œë¸Œë ˆì´ì»¤	å¹¿åŸŸç ´å	å»£åŸŸç ´å£
ãƒ¯ãƒ³ãƒ€ãƒ¼ã‚¹ãƒãƒ¼ãƒ 	Strange Steam	Vapeur FÃ©Ã©rique	Wunderdampf	Vapore Incantato	Cautivapor	ì›ë”ìŠ¤íŒ€	ç¥å¥‡è’¸æ±½	ç¥å¥‡è’¸æ±½
